Module,Epic,Story,Task,Sub-Task,Component,Dependencies,Story_Points,Sprint,Phase,Priority,Acceptance_Criteria,Notes,Meeting_Traceability
Program Foundation & Solution Architecture,Program Governance,Launch the target-state delivery program,Establish charter and success metrics,"Confirm approval criteria, budget guardrails, and savings case",Program Office,None,8,Sprint 01,Phase 1 - Foundation & Integration Readiness,P0,Stakeholders approve measurable outcomes and governance,"Built from discovery priorities around adoption, reporting, and platform consolidation. | Legacy Sprint Bucket: Seq 01",
Program Foundation & Solution Architecture,Program Governance,Launch the target-state delivery program,Define governance cadence and decision rights,"Publish RACI, RAID, escalation, and change control",Program Office,Charter and success metrics,5,Sprint 01,Phase 1 - Foundation & Integration Readiness,P0,Roles and decision paths are agreed,Legacy Sprint Bucket: Seq 01,
Program Foundation & Solution Architecture,Solution Architecture,Define system boundaries,"Set CRM, dealer portal, mobile, and Acumatica source-of-truth rules","Document operational versus financial ownership, customer-creation trigger, dealer visibility boundary, pricing authority, and reporting truth per domain",Solution Architecture,Charter and success metrics,8,Sprint 01,Phase 1 - Foundation & Integration Readiness,P0,"Boundary matrix and customer-creation decision are signed off for lead, customer, pricing, order, invoice, payment, warehouse, and reporting data",Must lock first-order-versus-CIS customer creation and downstream reporting/integration effects before schema and sync build. | Legacy Sprint Bucket: Seq 01,Session 2; Session 4; Session 7 (Mar 2); Session 12 (Mar 24)
Program Foundation & Solution Architecture,Solution Architecture,Define canonical data model,"Model lead, account, contact, location, training, consignment, activity, and reporting entities","Publish canonical model, lifecycle relationships, and physical-schema handoff requirements for audit, masking, and indexing",Data Architecture,Source-of-truth rules,13,Sprint 01,Phase 1 - Foundation & Integration Readiness,P0,"Core entities, lifecycle states, and required audit, masking, and index requirements are approved","Feeds physical schema/ORM lock, migration design, and reporting grain decisions. | Legacy Sprint Bucket: Seq 01",Session 2; Session 4; Session 5; Session 12 (Mar 24)
Program Foundation & Solution Architecture,Solution Architecture,Lock customer lifecycle boundary,Lock customer-creation trigger and downstream lifecycle definitions,"Decide when a lead becomes a customer and align onboarding, portal eligibility, reporting, and sync behavior to that trigger",Solution Architecture,Source-of-truth rules,5,Sprint 01,Phase 1 - Foundation & Integration Readiness,P0,"Customer-creation trigger is approved and downstream workflow, integration, and reporting definitions are updated consistently",Makes the first-order-versus-CIS decision explicit instead of implicit. | Legacy Sprint Bucket: Seq 01,Session 2; Session 4
Program Foundation & Solution Architecture,Experience Principles,Build adoption-first experience,"Define web, mobile, and dealer UX standards","Standardize tables, forms, maps, dashboards, and offline patterns",UX System Design,Governance cadence,5,Sprint 01,Phase 1 - Foundation & Integration Readiness,P1,Common design patterns are published and reusable,Legacy Sprint Bucket: Seq 01,
Program Foundation & Solution Architecture,Experience Principles,Build reporting-first information architecture,"Define KPI taxonomy, navigation, and naming conventions","Align executive, TM, and dealer views",Product Design,Canonical data model,5,Sprint 01,Phase 1 - Foundation & Integration Readiness,P1,Shared KPI language is used across modules,Includes Dynamic Pulse naming and dashboard vocabulary. | Legacy Sprint Bucket: Seq 01,
"Security, Identity, Environments & DevOps",Environments & Delivery,Operate reliable delivery environments,"Provision dev, test, UAT, and production environments","Standardize secrets, pipelines, and release gates",Platform,Governance cadence,8,Sprint 01,Phase 1 - Foundation & Integration Readiness,P0,Environments support repeatable deployment promotion,Legacy Sprint Bucket: Seq 01,
"QA, UAT, Rollout & Adoption",Release & Stabilization,Seq 01 - Release Buffer,"UAT, bug fixes, deployment, stabilization",,Testing & Release,Seq 01 features complete,5,Sprint 01,Phase 1 - Foundation & Integration Readiness,P0,"All critical bugs fixed, UAT passed, production stable for 5 days",Post-release buffer (~15% of Seq 01) | Legacy Sprint Bucket: Seq 01-Buffer,
Program Foundation & Solution Architecture,Solution Architecture,Lock physical data baseline,"Generate and approve physical schema, audit model, masking, and indexing baseline","Turn the canonical model into implementation-ready ORM and database rules for required fields, relationships, indexes, audit, and masking",Data Architecture,Canonical data model and boundary decisions,8,Sprint 02,Phase 1 - Foundation & Integration Readiness,P0,"Physical schema and ORM baseline are approved with required fields, relationships, audit fields, masking, and index strategy","Needed before backend, migration, and validation work can scale safely. | Legacy Sprint Bucket: Seq 02",
"Security, Identity, Environments & DevOps",Environments & Delivery,Establish CI/CD pipeline and deployment runbook,Build CI/CD pipeline with environment promotion,Define build → test → staging → production pipeline; implement blue-green deployment; create rollback procedures; document deployment runbook,Platform,Environment baseline,13,Sprint 02,Phase 1 - Foundation & Integration Readiness,P0,Code changes promote through environments with automated tests; rollback completes within 15 minutes; runbook reviewed and approved,Addresses RAID-033. | Legacy Sprint Bucket: Seq 02,
"Security, Identity, Environments & DevOps",Identity & Access,Secure internal and dealer access,Implement internal SSO and dealer identity patterns,"Support employee, admin, TM, RD, VP, CSR, and dealer personas",Identity,Environment baseline,8,Sprint 02,Phase 1 - Foundation & Integration Readiness,P0,Users authenticate with the correct experience by persona,Legacy Sprint Bucket: Seq 02,
"Security, Identity, Environments & DevOps",Identity & Access,Enforce role-based permissions,Configure permission matrix for internal teams and dealer contacts,"Control records, dashboards, and admin functions by role",Access Control,Identity patterns,8,Sprint 02,Phase 1 - Foundation & Integration Readiness,P0,Each role sees only approved data and actions,Legacy Sprint Bucket: Seq 02,
"Security, Identity, Environments & DevOps",Identity & Access,Enforce record-scope hierarchical filtering,Build own/team/subordinate/all record-scope filters,Implement row-level security using role hierarchy: TM sees own records; RD sees subordinate TM records; VP sees regional rollup; Executive sees all residential,Access Control,Role-based permissions and minimal territory ownership matrix,8,Sprint 02,Phase 1 - Foundation & Integration Readiness,P0,Each role sees only records within their hierarchical scope; no cross-territory data leakage confirmed in UAT,Depends on a seeded ownership model before the full territory management experience is complete. | Legacy Sprint Bucket: Seq 02,
"Security, Identity, Environments & DevOps",Security & Compliance,Protect sensitive credit and personal data,"Segregate PCI data, tokenization, and redaction controls",Prevent CIS credit data from being stored in insecure flows,Security,Source-of-truth rules,13,Sprint 02,Phase 1 - Foundation & Integration Readiness,P0,"Sensitive fields are separated, masked, and auditable",Legacy Sprint Bucket: Seq 02,
"Security, Identity, Environments & DevOps",Security & Compliance,Protect sensitive financial data at the field level,Implement field-level data masking for PCI-sensitive fields,Tokenization-state display only; no raw card/bank data in CRM UI or API responses; mask in logs and exports,Security,Identity patterns and PCI controls,8,Sprint 02,Phase 1 - Foundation & Integration Readiness,P0,"No raw card data appears in any CRM view, API response, log entry, or export; only tokenization state and last-four are visible",Addresses Role-Based Visibility PRD field-level masking requirement. | Legacy Sprint Bucket: Seq 02,
"Security, Identity, Environments & DevOps",Release Controls,Control rollout safely by cohort and feature,Implement feature-flag and cohort-targeting framework,"Enable feature flags, cohort targeting, and release toggles for dealer portal, mobile, reporting, alerts, and pilot rollouts",Feature Flags,Build CI/CD pipeline with environment promotion and Implement internal SSO and dealer identity patterns,5,Sprint 03,Phase 1 - Foundation & Integration Readiness,P0,"Teams can enable or disable scoped features by environment, cohort, or module without code rollback",Closes the missing release-toggle control identified in technical validation. | Legacy Sprint Bucket: Seq 02,Post-discovery roadmap validation (2026-03-30)
"Security, Identity, Environments & DevOps",Observability & Audit,Create operational traceability,"Implement audit logging, sync logs, and admin activity history",Capture who changed what and when,Monitoring,Role-based permissions,8,Sprint 03,Phase 1 - Foundation & Integration Readiness,P1,Business and technical changes are traceable end to end,Legacy Sprint Bucket: Seq 02,
"Security, Identity, Environments & DevOps",Resilience & Trust,Prepare for secure operations,"Configure backups, recovery runbooks, uptime monitoring, and AI guardrails",Define model usage and data handling policy,Platform Operations,Environment baseline,5,Sprint 03,Phase 1 - Foundation & Integration Readiness,P1,Recovery and data handling procedures are tested,Addresses executive concerns about confidentiality and responsible AI use. | Legacy Sprint Bucket: Seq 02,
"Master Data, Admin Settings & Configuration",Admin Experience,Give admins usable control surfaces,Build CRUD workflows with validation and audit history,"Support create, edit, deactivate, and bulk load actions",Admin UI,Reference data loaded,8,Sprint 03,Phase 1 - Foundation & Integration Readiness,P0,Admins can maintain reference data without engineering help,Legacy Sprint Bucket: Seq 02,
"Master Data, Admin Settings & Configuration",Reference Data Administration,Govern operational master data,Seed affinity groups and ownership groups from legacy reference exports,"Import governed affinity and ownership-group records from researched workbooks, validate them once, and then hand them to stewarded admin CRUD.",Admin Console,Canonical data model,8,Sprint 03,Phase 1 - Foundation & Integration Readiness,P0,Legacy reference exports land in governed admin tables and drive lead/customer workflows without spreadsheet lookups.,MIG-001 / MIG-002 | Release 1 migration wave | Legacy Sprint Bucket: Seq 02,Post-discovery migration alignment (2026-03-31)
"Master Data, Admin Settings & Configuration",Reference Data Administration,Govern operational master data,"Import lead sources, customer classes, training categories, and capture settings","Load governed source tags, branded capture endpoints, and reference configuration from legacy admin assets before ongoing admin stewardship takes over.",Lead Capture Admin,Brand config,5,Sprint 03,Phase 1 - Foundation & Integration Readiness,P0,Legacy operational configuration is imported once and then becomes admin-managed without code changes.,MIG-003 / MIG-004 | Release 1 migration wave | Legacy Sprint Bucket: Seq 02,Post-discovery migration alignment (2026-03-31)
Acumatica Integration & Data Migration,Integration Blueprint,Define the integration contract,"Specify Acumatica core APIs, events, schedules, and ownership","Lock Acumatica contracts for customer, order, invoice, shipment, pricing, product, and payment sync, including auth, queue, retry, and reconciliation rules.",Integration Design,Source-of-truth rules,8,Sprint 03,Phase 1 - Foundation & Integration Readiness,P0,"Core Acumatica interface responsibilities, endpoint/auth readiness, queue-DLQ handling, and reconciliation cadence are documented and approved",Keeps ERP-facing interface design explicit before sync implementation scales. | Legacy Sprint Bucket: Seq 02,Session 2; Session 7 (Mar 2); Session 11 (Mar 19); Session 12 (Mar 24)
Acumatica Integration & Data Migration,Integration Blueprint,Define the integration contract,Publish third-party integration inventory and vendor decision tracker,"Inventory Microsoft 365/Outlook, SMTP delivery, payment gateways, Widen/Dropbox, Shopify, HubSpot, QuickBooks, S3/CloudFront, mapping, OCR, push, and other external services with owner, auth, and release dependency.",Third-Party Integration Inventory,Source-of-truth rules,5,Sprint 03,Phase 1 - Foundation & Integration Readiness,P0,"Every third-party dependency has owner, integration pattern, auth/security note, vendor-decision status, and planned release/sprint anchor","Feeds the integration register, third-party costing sheet, and vendor decision tracking before build. | Legacy Sprint Bucket: Seq 02",Session 1; Session 7 (Mar 2); Session 9 (Mar 13); Session 12 (Mar 24)
Acumatica Integration & Data Migration,Integration Blueprint,Define the integration contract,"Produce signed field-mapping workbooks for customer, contact, product, pricing, consignment, order, and reporting entities","Capture required and optional fields, transforms, defaults, conflict rules, and sign-offs per entity before build",Field Mapping,Source-of-truth rules and canonical data model,13,Sprint 03,Phase 1 - Foundation & Integration Readiness,P0,"Field mappings exist for the seven core entities with transforms, defaults, conflict rules, and named sign-off",Closes the pre-build mapping blocker from the readiness checklist. | Legacy Sprint Bucket: Seq 02,Session 2; Session 5; Session 7 (Mar 2); Session 12 (Mar 24)
Acumatica Integration & Data Migration,Integration Blueprint,Prove integration environment readiness,"Certify Acumatica sandbox access, auth, endpoint coverage, and queue-DLQ readiness","Validate representative endpoints, auth flow, queue and dead-letter pattern, retry behavior, and reconciliation cadence in a working environment",Integration Environment,Integration contract and field mappings,8,Sprint 04,Phase 1 - Foundation & Integration Readiness,P0,"Sandbox auth, representative endpoints, queue-DLQ patterns, retry rules, and reconciliation cadence are proven in a working environment",No sync delivery wave should scale before this gate passes. | Legacy Sprint Bucket: Seq 02,
Acumatica Integration & Data Migration,Integration Governance,Keep consumers off unstable contracts,"Define API versioning, compatibility, and deprecation policy","Publish contract-version rules, backward-compatibility window, consumer upgrade expectations, and deprecation approvals for web, portal, mobile, reporting, and integration consumers",API Governance,"Specify APIs, events, schedules, and ownership for customer, order, invoice, payment, shipment, pricing, and product data",5,Sprint 04,Phase 1 - Foundation & Integration Readiness,P0,"Versioning policy is approved, applied to named interfaces, and referenced by consumer teams before sync build scales",Closes the build-safety gap around consumer coupling to unstable integration contracts. | Legacy Sprint Bucket: Seq 02,Post-discovery roadmap validation (2026-03-30)
Acumatica Integration & Data Migration,Integration Resilience,Prevent duplicate processing and replay errors,Implement idempotency-key and duplicate-event protection,"Define idempotency keys, duplicate-detection rules, and safe re-submit behavior for customer, order, payment, pricing, consignment, and document sync flows",Integration Resilience,"Specify APIs, events, schedules, and ownership for customer, order, invoice, payment, shipment, pricing, and product data and Define API versioning, compatibility, and deprecation policy",5,Sprint 04,Phase 1 - Foundation & Integration Readiness,P0,Duplicate or replayed messages do not create repeated business events and audit history shows why a message was ignored or applied,Makes duplicate-event protection explicit instead of leaving it implicit in conflict rules. | Legacy Sprint Bucket: Seq 02,Post-discovery roadmap validation (2026-03-30)
Acumatica Integration & Data Migration,Integration Resilience,Recover safely from failed event handling,Build replay and reprocessing controls with poison-message quarantine,"Support safe replay, operator comments, failure categorization, and poison-message quarantine with audit trail and ownership rules",Replay Controls,"Implement idempotency-key and duplicate-event protection and Certify Acumatica sandbox access, auth, endpoint coverage, and queue-DLQ readiness",8,Sprint 04,Phase 1 - Foundation & Integration Readiness,P0,"Failed integration messages can be replayed safely, quarantined when necessary, and traced through operator history",Turns replay and quarantine into first-class delivery work instead of relying only on queue visibility. | Legacy Sprint Bucket: Seq 02,Post-discovery roadmap validation (2026-03-30)
Acumatica Integration & Data Migration,Migration Governance,Define migration go/no-go rules before build scales,Define migration acceptance thresholds and reconciliation tolerances by source stream,"Set pass-fail tolerances, sample sizes, exception thresholds, and reconciliation rules for Dynamics CRM, HubSpot, Shopify, Acumatica, QuickBooks, spreadsheets, and file repositories",Migration Governance,"Produce signed field-mapping workbooks for customer, contact, product, pricing, consignment, order, and reporting entities",5,Sprint 04,Phase 1 - Foundation & Integration Readiness,P0,Each source stream has approved migration acceptance thresholds and reconciliation rules before migration build and rehearsal work begin,Defines release-by-release migration tolerances before any rehearsal or cutover wave begins. | Legacy Sprint Bucket: Seq 02,Post-discovery roadmap validation (2026-03-30)
Territory Management & Field Routing,Territory Foundation,Establish minimal ownership kernel,Seed minimal territory ownership matrix for routing and security scopes,"Load state-to-TM-and-RD ownership needed for lead routing, record scope, and early dashboards before full map tooling is complete",Territory Seed Data,Reference data and role model,5,Sprint 04,Phase 1 - Foundation & Integration Readiness,P0,State-based ownership exists for routing and record-scope enforcement before the full territory management experience is released,Closes the dependency gap between security scoping and the later territory UI work. | Legacy Sprint Bucket: Seq 02,Session 1; Session 2
"QA, UAT, Rollout & Adoption",Release & Stabilization,Seq 02 - Release Buffer,"UAT, bug fixes, deployment, stabilization",,Testing & Release,Seq 02 features complete,13,Sprint 04,Phase 1 - Foundation & Integration Readiness,P0,"All critical bugs fixed, UAT passed, production stable for 5 days",Post-release buffer (~15% of Seq 02) | Legacy Sprint Bucket: Seq 02-Buffer,
Mobile Field App,Mobile Foundation,Handle errors gracefully in the field,Build mobile error handling framework for 11 scenarios,"Handle: timeout, 401, 403, 404, 422, 500, GPS unavailable, GPS radius fail, camera failure, storage full, sync conflict; each with detection, UX message, and recovery action",Mobile App,Mobile foundation,8,Sprint 04,Phase 1 - Foundation & Integration Readiness,P0,Each error scenario shows user-friendly message with recovery action; no unhandled crashes; error events logged for analytics,Addresses PRD Supplement Part D error handling scenarios. | Legacy Sprint Bucket: M-Seq 02,
Mobile Field App,Mobile Foundation,Deliver a field-ready mobile experience,"Build the mobile shell, secure login, and profile management",Support internal roles on managed devices,Mobile App,Identity patterns,8,Sprint 04,Phase 1 - Foundation & Integration Readiness,P0,Field users can access the mobile app securely,Moved into the early mobile foundation wave so secure shell/login exists before dependent field workflows. | Legacy Sprint Bucket: M-Seq 02,
"QA, UAT, Rollout & Adoption",Release & Stabilization,M-Seq 02 - Release Buffer,"UAT, bug fixes, deployment, stabilization",,Testing & Release,M-Seq 02 features complete,5,Sprint 05,Phase 2 - Lead-to-Customer Core CRM,P0,"All critical bugs fixed, UAT passed, production stable for 5 days",Post-release buffer (~15% of M-Seq 02) | Legacy Sprint Bucket: M-Seq 02-Buffer,
"Security, Identity, Environments & DevOps",Security & Compliance,Separate internal workflow data from dealer visibility,Build internal notes and workflow status masking for dealer portal,"Internal notes, lead stage details, and workflow statuses hidden from dealer API responses and portal views; audit log confirms no leakage",Access Control,Dealer identity and role-based permissions,5,Sprint 05,Phase 2 - Lead-to-Customer Core CRM,P0,No internal notes or workflow statuses appear in dealer portal; API responses filtered by role; penetration test confirms no leakage,Addresses Role-Based Visibility PRD internal/external separation. | Legacy Sprint Bucket: Seq 03,
Territory Management & Field Routing,Territory Model,Manage residential territories visually,"Build an interactive map with states, territory ownership, and customer overlays",Represent how field teams actually work,Territory Map,Customer geo data,13,Sprint 05,Phase 2 - Lead-to-Customer Core CRM,P0,Users can browse territories and associated accounts on a live map,Legacy Sprint Bucket: Seq 03,
"Communication, Notifications & Alerts",Alert Engine,Create one notification framework,"Define rule-driven alerts, delivery channels, and acknowledgment states","Reuse the same engine across modules with standard alert types, delivery states, and audit trail.",Notification Engine,Access control and communication hub,5,Sprint 05,Phase 2 - Lead-to-Customer Core CRM,P0,"Alerts can be configured, delivered, and tracked consistently","Pulled earlier because lead, credit, training, consignment, and mobile flows all consume the shared alert engine. | Legacy Sprint Bucket: Seq 03",
"Communication, Notifications & Alerts",Alert Engine,Create one notification framework,Configure SMTP / Microsoft 365 dispatch channel for alerts and scheduled reports,"Support the approved SMTP or Microsoft 365 send path, templates, bounce handling, resend flow, and delivery audit before downstream modules depend on notifications.",Delivery Channels,Access control and communication hub,3,Sprint 05,Phase 2 - Lead-to-Customer Core CRM,P0,"Alert engine can dispatch through the approved email channel with delivery logs, bounce review, and resend workflow",Makes email delivery dependency explicit for alerts and scheduled reports. | Legacy Sprint Bucket: Seq 03,Session 1; Session 9 (Mar 13); Session 12 (Mar 24)
"Communication, Notifications & Alerts",Alert Platform Readiness,Prove the alert engine before consumers scale,Certify shared alert engine readiness before downstream consumers,"Validate event intake, routing rules, channel delivery, quiet hours, retries, acknowledgment state, and monitoring before lead, credit, training, mobile, and consignment consumers depend on it",Alert Engine,"Define rule-driven alerts, delivery channels, and acknowledgment states",5,Sprint 05,Phase 2 - Lead-to-Customer Core CRM,P0,"Shared alert engine proves rule execution, channel delivery, acknowledgment tracking, and monitoring in a reusable foundation test pack",Closes the sequencing gap between alert design and downstream mobile/workflow consumers. | Legacy Sprint Bucket: Seq 03,Post-discovery roadmap validation (2026-03-30)
Lead Capture & Lead Management,Lead Capture Replacement,Replace HubSpot and manual intake,Publish embeddable branded lead forms,Support 10-16 branded websites with reusable widgets,Web Widget,Lead capture admin,8,Sprint 05,Phase 2 - Lead-to-Customer Core CRM,P0,Each brand can deploy a form that writes directly to CRM,Legacy Sprint Bucket: Seq 03,
Lead Capture & Lead Management,Lead Capture Replacement,Replace HubSpot and manual intake,"Auto-tag source, brand, and campaign metadata","Stamp every submission with origin, site, and version",Lead Intake API,Branded lead forms,5,Sprint 05,Phase 2 - Lead-to-Customer Core CRM,P0,New leads arrive with traceable source metadata,Legacy Sprint Bucket: Seq 03,
Lead Capture & Lead Management,Lead Intake Operations,Enable all inbound channels,Support manual BD lead entry,"Field form for BD staff to create leads at shows, phone, referral; pre-populated source fields",Lead Intake,Lead stage and routing configuration,5,Sprint 05,Phase 2 - Lead-to-Customer Core CRM,P0,BD staff can create leads with source attribution in under 2 minutes,Session 2: Michelle confirmed BD staff manually enter show and phone leads today. | Legacy Sprint Bucket: Seq 03,Session 2
Lead Capture & Lead Management,Lead Intake Operations,Enable all inbound channels,Build lead deduplication engine,Cross-source matching by company name + email + phone; survivorship rules; merge workflow with audit trail,Lead Processing,Lead intake operations,13,Sprint 05,Phase 2 - Lead-to-Customer Core CRM,P0,Duplicate leads from web / show / roster are identified and merged before entering pipeline,Session 2: Multiple sources (web + show + roster) create duplicates; no dedup exists today. | Legacy Sprint Bucket: Seq 03,Session 2
Lead Capture & Lead Management,Lead Intake Operations,Enable all inbound channels,Capture private label brand attribution,Preserve which of 16 branded sites originated the lead; attribute survives entire lifecycle including conversion to customer,Lead Attribution,Lead intake operations,5,Sprint 06,Phase 2 - Lead-to-Customer Core CRM,P0,Brand attribution field is populated and visible on lead and customer records,Session 1: 16+ branded websites each need separate source tracking. | Legacy Sprint Bucket: Seq 03,Session 1
Lead Capture & Lead Management,Lead Operations,Run the full lead lifecycle,Configure the seven confirmed lead stages,Support non-sequential movement and clear status history,Lead Pipeline,Canonical data model,8,Sprint 06,Phase 2 - Lead-to-Customer Core CRM,P0,Leads can move across all approved stages with history retained,Legacy Sprint Bucket: Seq 03,
Lead Capture & Lead Management,Lead Operations,Run the full lead lifecycle,Capture the full lead profile,"Enforce affinity, ownership, service tech count, phone, email, and source requirements",Lead Record,Reference data loaded,8,Sprint 06,Phase 2 - Lead-to-Customer Core CRM,P0,Lead records match the researched field spec,Legacy Sprint Bucket: Seq 03,
Lead Capture & Lead Management,Lead Routing,Assign leads accurately and quickly,Implement service-tech-count routing,Send 5 or fewer service techs to Strategic Growth and larger accounts to territory managers,Routing Engine,Lead record and role model,8,Sprint 06,Phase 2 - Lead-to-Customer Core CRM,P0,Assignment follows the researched service-tech threshold logic,Legacy Sprint Bucket: Seq 03,
Lead Capture & Lead Management,Lead Operations,Run the full lead lifecycle,"Build lead workspace views for list, Kanban, discovery execution, fast-track, and closed-lost handling","Give BD and sales users queue, Kanban, discovery outcome capture, skip and fast-track controls, and cold/not-interested handling in one workspace",Lead Workspace,"Lead stages, lead record, and routing rules",8,Sprint 06,Phase 2 - Lead-to-Customer Core CRM,P0,"Users can operate leads end-to-end with list, Kanban, discovery execution, fast-track, and closed-lost outcomes from one workspace",Closes the gap between lead intake and day-to-day BD operations. | Legacy Sprint Bucket: Seq 03,Session 1; Session 2; Session 4
"CIS, Credit & Onboarding Workflow",CIS Design and Capture,Digitize the CIS experience,Define CIS digital form field specification,"Map all CIS fields to customer master: contact, company, location, service tech count, affinity, ownership, service area; auto-populate from lead on issue",CIS Form,Canonical data model,8,Sprint 06,Phase 2 - Lead-to-Customer Core CRM,P0,CIS fields map 1:1 to customer master fields; auto-population eliminates re-keying,Session 2 plus Session 9 correction: routing count is service-tech based. | Legacy Sprint Bucket: Seq 03,Session 2 plus Session 9 correction
"CIS, Credit & Onboarding Workflow",CIS Design and Capture,Digitize the CIS experience,Assign distribution center by state at CIS stage,"Auto-assign shipping DC based on state: NJ=Northeast+Midwest, FL=Southeast, NV=West, TX=South; override supported; propagate to customer account on activation",Onboarding,CIS form fields and canonical data,5,Sprint 06,Phase 2 - Lead-to-Customer Core CRM,P0,Every CIS and activated account has correct DC assigned without manual lookup,Session 1 (Feb 16): CG confirmed 4 DC auto-assignment by state is required. | Legacy Sprint Bucket: Seq 03,Session 1 (Feb 16)
"CIS, Credit & Onboarding Workflow",Digital CIS,Replace paper onboarding,Build digital CIS forms with signature capture,"Support typed entry, signature, and validation",CIS Experience,Identity patterns,8,Sprint 06,Phase 2 - Lead-to-Customer Core CRM,P0,Users can complete and sign a CIS digitally,Legacy Sprint Bucket: Seq 03,
"CIS, Credit & Onboarding Workflow",Digital CIS,Replace paper onboarding,Separate credit card collection from CIS data,Use secure payment capture and tokenization for card data,Secure Credit Capture,PCI controls,8,Sprint 06,Phase 2 - Lead-to-Customer Core CRM,P0,Credit data is stored separately from the CIS record,Legacy Sprint Bucket: Seq 03,
"Customer, Account, Contact & Multi-Location Management",Contact Management,Implement contact hierarchy and role ordering,Merge bootstrapped contacts into the governed three-contact-role model,"Merge Acumatica and Dynamics contact extracts into Primary, Billing, and Accounting roles with dedupe and routing-safe ownership.",Contact Model,Canonical data model,5,Sprint 07,Phase 2 - Lead-to-Customer Core CRM,P0,"Bootstrapped contacts are merged, deduped, and routable across the three governed roles.",MIG-007 | Release 2 bootstrap wave | Legacy Sprint Bucket: Seq 03,Post-discovery migration alignment (2026-03-31)
"Customer, Account, Contact & Multi-Location Management",Customer 360,Model the full customer account,Build an Acumatica-aligned customer workspace,"Cover general, attributes, billing, contacts, financial, GL, locations, payment, salespersons, and shipping context",Customer Workspace,Canonical data model,13,Sprint 07,Phase 2 - Lead-to-Customer Core CRM,P0,Customer records reflect the full researched business structure,Legacy Sprint Bucket: Seq 03,
"Customer, Account, Contact & Multi-Location Management",Customer 360,Model the full customer account,"Capture affinity, ownership, brand, class, and lifecycle context",Show operational and financial classification fields on the account,Customer Workspace,Reference data loaded,5,Sprint 07,Phase 2 - Lead-to-Customer Core CRM,P0,Users can segment accounts using real business groupings,Legacy Sprint Bucket: Seq 03,
"Customer, Account, Contact & Multi-Location Management",Multi-Location Management,Build parent-child location hierarchy and shared account rollups,Bootstrap multi-location hierarchy from Acumatica shipping-address extracts,"Load parent-child locations from Acumatica shipping addresses, preserve up to 50 addresses per account, and retain parent rollups with location-level overrides.",Multi-Location,Contact model and canonical data,13,Sprint 07,Phase 2 - Lead-to-Customer Core CRM,P0,"Bootstrapped locations render correctly with parent rollup, per-location detail, and governed overrides.",MIG-006 | Release 2 bootstrap wave | Legacy Sprint Bucket: Seq 03,Post-discovery migration alignment (2026-03-31)
Dealer Portal Replacement for Shopify,Dealer Identity,Replace Shopify account model,Authenticate dealer users at the customer-account level,Match access to customer ID rather than isolated contact accounts,Dealer Identity,Customer workspace and access control,8,Sprint 07,Phase 2 - Lead-to-Customer Core CRM,P0,Multiple contacts can access a shared company account,Legacy Sprint Bucket: Seq 03,
Reports & Analytics,Reporting Foundation,Create trusted reporting data,Build activity categorization taxonomy and enforcement,"Enforce dropdown on all activities: Sales, Support, Training, Marketing, Warranty, Technical; taxonomy configurable by admin; field required on activity save",Activity Taxonomy,Canonical data model,5,Sprint 07,Phase 2 - Lead-to-Customer Core CRM,P0,Activity type field is required and governed; all historical activities categorized during migration,Session 8: Michelle and Adrienne confirmed activity type distinction is critical for all 5 report families. | Legacy Sprint Bucket: Seq 03,Session 8
"QA, UAT, Rollout & Adoption",Integration Quality,Validate external contracts before dependent waves scale,"Automate contract tests for Acumatica, Outlook, payment, route-provider, and mobile APIs","Add contract-test automation for interface schemas, failure modes, auth behavior, and response compatibility across critical third-party and internal APIs",Contract Testing,"Specify APIs, events, schedules, and ownership for customer, order, invoice, payment, shipment, pricing, and product data and Define API versioning, compatibility, and deprecation policy",8,Sprint 07,Phase 2 - Lead-to-Customer Core CRM,P0,Critical interface contracts are testable in automation and failures block dependent delivery waves from promoting,Makes contract-test automation explicit instead of burying it inside generic test coverage rows. | Legacy Sprint Bucket: Seq 03,Post-discovery roadmap validation (2026-03-30)
"QA, UAT, Rollout & Adoption",Release Controls,Reduce blast radius during pilot and launch,Define kill-switch and rollback matrix by module,"Define independent rollback, disablement, and containment actions for portal, mobile, alerts, reporting jobs, integrations, and scheduled background work",Operational Controls,Implement feature-flag and cohort-targeting framework,5,Sprint 07,Phase 2 - Lead-to-Customer Core CRM,P0,"Teams can name the kill switch, rollback action, owner, and evidence threshold for each critical module before pilot exposure",Closes a missing release-control artifact for pilot and GA safety. | Legacy Sprint Bucket: Seq 03,Post-discovery roadmap validation (2026-03-30)
"QA, UAT, Rollout & Adoption",Release & Stabilization,Seq 03 - Release Buffer,"Execute Wave 1 bootstrap migration rehearsal, UAT, bug fixes, deployment, and stabilization","Rehearse customer, location, contact, lead history, and active CIS package loads; clear defects; and secure internal pilot sign-off.",Testing & Release,Seq 03 features complete,21,Sprint 08,Phase 2 - Lead-to-Customer Core CRM,P0,"Wave 1 bootstrap migration passes rehearsal reconciliation, critical bugs are fixed, UAT passes, and the pilot environment stays stable for 5 days.",Wave 1 rehearsal covers MIG-005 to MIG-009 and MIG-019 | Legacy Sprint Bucket: Seq 03-Buffer,Post-discovery migration alignment (2026-03-31)
Acumatica Integration & Data Migration,Master Sync,Synchronize account and contact data,"Bootstrap customers and contacts from Acumatica, then run governed ongoing sync","Complete the initial bootstrap load for pilot accounts and contacts, then switch to governed sync and conflict handling.",Customer Sync,Integration blueprint and customer model,13,Sprint 08,Phase 2 - Lead-to-Customer Core CRM,P0,Initial customer/contact bootstrap completes and ongoing sync follows approved ownership rules.,MIG-005 | Release 2 bootstrap wave | Legacy Sprint Bucket: Seq 04,Post-discovery migration alignment (2026-03-31)
Acumatica Integration & Data Migration,Product & Pricing Sync,Keep sellable data current,"Sync products, variants, price classes, and customer pricing inputs from ERP",Feed dealer and reporting experiences,Product Sync,Integration blueprint and pricing governance,13,Sprint 08,Phase 2 - Lead-to-Customer Core CRM,P0,Catalog and pricing data refresh reliably,Legacy Sprint Bucket: Seq 04,
Territory Management & Field Routing,Access Views,Tailor territory insight by role,"Show TM, RD, VP, and executive scopes with inherited rollups",Limit views to the right level of control,Role Views,Role-based permissions and org hierarchy,8,Sprint 08,Phase 2 - Lead-to-Customer Core CRM,P0,Each role sees the right geography and rollup,Legacy Sprint Bucket: Seq 04,
Territory Management & Field Routing,Routing Integration,Use territory logic in lead assignment,Feed state-based territory ownership into lead routing and customer ownership workflows,Keep lead and account assignment aligned,Routing Services,Lead routing and territory model,5,Sprint 08,Phase 2 - Lead-to-Customer Core CRM,P0,Geography changes automatically influence assignment outcomes,Legacy Sprint Bucket: Seq 04,
Territory Management & Field Routing,Territory Model,Define and maintain territory ownership,Auto-assign regional director by territory,When TM is assigned to an account: auto-assign Regional Director based on territory mapping; RD gets consignment audit oversight view and approval rights,RD Assignment,Territory model and TM assignment,5,Sprint 09,Phase 2 - Lead-to-Customer Core CRM,P0,Every account with a TM also has a resolved Regional Director visible on account and consignment audit records,Session 5 (Feb 25): Don Hearn confirmed RD assigns to consignment audit oversight. | Legacy Sprint Bucket: Seq 04,Session 5 (Feb 25)
"Communication, Notifications & Alerts",Alert Engine,Create one notification framework,Add credit hold alert delivery to dealer portal users,When Acumatica credit hold is applied to an account: notify dealer portal admin user in addition to internal CSR; show credit hold banner in portal; block new order submission,Dealer Credit Alert,Credit hold sync (INT-006) and dealer identity,5,Sprint 09,Phase 2 - Lead-to-Customer Core CRM,P0,Dealer portal admin sees credit hold banner within 30 minutes of ERP status change; order submission blocked,RAID-008: Dealer access model must include financial constraint visibility for company-wide access. | Legacy Sprint Bucket: Seq 04,
"Communication, Notifications & Alerts",Lead Alerts,Notify teams about inbound opportunity,"Trigger new lead arrival, assignment, and SLA breach notifications",Support near-real-time response expectations,Notification Engine,Lead routing and SLA engine,5,Sprint 09,Phase 2 - Lead-to-Customer Core CRM,P0,Lead owners and managers receive the right alerts,Legacy Sprint Bucket: Seq 04,
Lead Capture & Lead Management,Lead Operations,Enforce SLA and routing discipline,Build 48-hour SLA enforcement,Auto-timer on lead creation; 24h warning alert to owner; 48h breach alert to manager; SLA field on lead record,Lead SLA,Lead routing and assignment,8,Sprint 09,Phase 2 - Lead-to-Customer Core CRM,P0,SLA timer fires on every new lead; breach alert delivered to manager within 1 hour of expiry,Session 8: Michelle confirmed 48-hour initial contact SLA requirement; currently untracked. | Legacy Sprint Bucket: Seq 04,Session 8
Lead Capture & Lead Management,Lead Operations,Enforce SLA and routing discipline,Build affinity roster bulk import,Monthly/quarterly CSV import workflow; 300-1000 records per wave; dedup against existing leads; enrich with affinity group; version-track import date and source,Lead Import,Canonical data model and reference data,13,Sprint 09,Phase 2 - Lead-to-Customer Core CRM,P0,Roster import processes 1000 records in under 5 minutes with dedup report and steward review step,Session 4 (Feb 24): Monthly affinity/PE group roster imports explicitly validated. | Legacy Sprint Bucket: Seq 04,Session 4 (Feb 24)
Lead Capture & Lead Management,Lead Response,Enforce response accountability,Add 48-hour SLA timers and escalation states,Highlight untouched leads and route breaches to managers,SLA Engine,Lead pipeline and alert engine,8,Sprint 09,Phase 2 - Lead-to-Customer Core CRM,P0,Users can see which leads require immediate action,Legacy Sprint Bucket: Seq 04,
Lead Capture & Lead Management,Lead Routing,Assign leads accurately and quickly,Implement state-based routing,Map residential leads to the correct TM geography,Routing Engine,Territory model,8,Sprint 09,Phase 2 - Lead-to-Customer Core CRM,P0,State-based assignment is automatic and transparent,Legacy Sprint Bucket: Seq 04,
"CIS, Credit & Onboarding Workflow",Credit Workflow,Route credit requests to the right approver,Send Net30 and ACH requests to credit review and verify card-based requests separately,Follow researched approval paths,Credit Routing,Secure credit capture,8,Sprint 09,Phase 2 - Lead-to-Customer Core CRM,P0,Credit applications follow the researched approval path,Legacy Sprint Bucket: Seq 04,
"CIS, Credit & Onboarding Workflow",Onboarding Controls,Standardize post-CIS activation,Build finance approval queue and post-CIS credit routing workflow,"Provide finance queue with approve, conditional approve, decline, and request-info states; SLA timers; credit-line and terms capture; resubmission path; notify BD owner of outcome",Credit Workflow,CIS e-sign and notification engine,8,Sprint 10,Phase 2 - Lead-to-Customer Core CRM,P0,"Finance can approve, conditionally approve, decline, or request info with owner, timestamp, reason, and credit-line/terms outcome captured in CRM; BD is notified within 24 hours",Closes the largest CIS/onboarding gap by making finance review a first-class queue instead of a generic routing step. | Legacy Sprint Bucket: Seq 04,Session 2; Session 4
"CIS, Credit & Onboarding Workflow",Onboarding Data Flow,Reuse submitted onboarding data,"Auto-populate customer, contact, and billing fields from CIS",Reduce re-entry during account creation,Data Mapping,CIS form and customer model,8,Sprint 10,Phase 2 - Lead-to-Customer Core CRM,P0,Approved CIS data seeds downstream records,Legacy Sprint Bucket: Seq 04,
"CIS, Credit & Onboarding Workflow",Onboarding Control,Standardize post-CIS activation,Build onboarding checklist and readiness gates,"Orchestrate finance approval, portal eligibility, pricing assignment, required onboarding sessions, customer activation readiness, and first-order gate with explicit blockers and owners",Onboarding Checklist,Credit routing and customer model,8,Sprint 10,Phase 2 - Lead-to-Customer Core CRM,P0,Accounts cannot reach portal-ready or first-order-ready status until required gates are completed or formally waived with audit trail,Moved earlier because onboarding gating precedes portal provisioning and first-order activation. | Legacy Sprint Bucket: Seq 04,Session 2; Session 4; Session 9
"CIS, Credit & Onboarding Workflow",Document Handling,File and retain onboarding artifacts,Migrate active CIS packages into governed document folders and customer context,"Load active and recent CIS/onboarding files first, link them to the correct account, and retrieve older documents on demand.",Document Repository,Digital CIS and asset repository,5,Sprint 10,Phase 2 - Lead-to-Customer Core CRM,P1,"Active CIS packages are searchable, linked to the right account, and retained in governed folders.",MIG-019 | Release 2 document migration | Legacy Sprint Bucket: Seq 04,Post-discovery migration alignment (2026-03-31)
"Customer, Account, Contact & Multi-Location Management",Activity Management,Preserve field and service interactions,"Track visits, calls, trainings, and notes against customer context",Summarize touches by account and location,Activity Timeline,Customer workspace and mobile activities,8,Sprint 10,Phase 2 - Lead-to-Customer Core CRM,P0,Teams can see a full customer interaction history,Legacy Sprint Bucket: Seq 04,
"Customer, Account, Contact & Multi-Location Management",Contact Management,Represent customer relationships correctly,Implement contact hierarchy and role ordering,"Distinguish management, buyer, trainer, technician, and influencer contacts",Contact Model,Customer workspace,8,Sprint 10,Phase 2 - Lead-to-Customer Core CRM,P0,Contacts display in meaningful business order,Legacy Sprint Bucket: Seq 04,
"Customer, Account, Contact & Multi-Location Management",Customer Activation,Control the ERP activation gate,Propagate Acumatica Customer ID and display sync status,After first-order ERP sync: receive Acumatica Customer ID; store on CRM account; display sync status badge (Pending / Synced / Sync Error); surface error detail,ERP Sync,First-order trigger and Acumatica integration,5,Sprint 10,Phase 2 - Lead-to-Customer Core CRM,P0,Acumatica Customer ID visible on account within 5 minutes of successful first-order sync; errors surfaced with actionable message,INT-001: Customer sync must be traceable in both directions. | Legacy Sprint Bucket: Seq 04,
"Customer, Account, Contact & Multi-Location Management",Customer Activation,Control the ERP activation gate,Build BD to TM ownership handoff notification,"On first order event: auto-notify new TM owner, BD team lead, and regional director; log ownership transfer with timestamp and reason; preserve full activity history",Ownership Transfer,First-order trigger and territory model,5,Sprint 10,Phase 2 - Lead-to-Customer Core CRM,P0,Handoff notification delivered to TM and BD lead within 5 minutes of first order; full history preserved,Session 4 (Feb 24): Ownership transfer from BD to TM at first order explicitly confirmed by Don Hearn and CG. | Legacy Sprint Bucket: Seq 04,Session 4 (Feb 24)
"Customer, Account, Contact & Multi-Location Management",Customer Activation,Control the ERP activation gate,Integrate tokenized payment method capture for customer setup,Use hosted fields or tokenized provider flow during CIS/customer setup; support US and Canada processor routing without storing raw card data.,Payment Tokenization,Security review and PCI design,5,Sprint 10,Phase 2 - Lead-to-Customer Core CRM,P0,Customer setup can create a payment token through the selected gateway path without raw card storage,Session 1 (Feb 16): Dan H explicitly requested credit card tokenization at customer setup. | Legacy Sprint Bucket: Seq 04,Session 1 (Feb 16)
"Customer, Account, Contact & Multi-Location Management",Customer Activation,Control the ERP activation gate,"Persist gateway token callbacks, masked methods, and settlement references","Store masked payment method data, token callbacks, gateway reference IDs, and Acumatica settlement handoff fields for governed payment support.",Payment Gateway Handoff,Security review and PCI design,3,Sprint 10,Phase 2 - Lead-to-Customer Core CRM,P0,Masked payment method and gateway reference are linked to the customer without exposing raw card data,Separates secure token capture from downstream gateway callback and settlement-reference handling. | Legacy Sprint Bucket: Seq 04,Session 1 (Feb 16); Session 9 (Mar 13)
"Customer, Account, Contact & Multi-Location Management",Multi-Location Management,Support enterprise accounts,Build parent-child location hierarchy and shared account rollups,Model customers with many operating locations,Location Model,Customer workspace,8,Sprint 11,Phase 3 - Dealer Commerce & Activation,P0,Multi-location customers can be managed under one enterprise umbrella,Legacy Sprint Bucket: Seq 04,
"Customer, Account, Contact & Multi-Location Management",Customer Workspace,Make the account model operable at scale,"Build customer list, search, and lifecycle state management","Provide searchable account list, saved filters, active/hold/at-risk/inactive states, and ownership/context columns for ops, BD, and field teams",Customer Workspace,Build an Acumatica-aligned customer workspace and lifecycle context,5,Sprint 11,Phase 3 - Dealer Commerce & Activation,P0,"Customers can be found, filtered, and managed by lifecycle state without custom exports",Closes the missing search/list/lifecycle gap from WBS validation. | Legacy Sprint Bucket: Seq 04,Session 4; Session 12 (Mar 24)
Dealer Portal Replacement for Shopify,Dealer Catalog,Deliver a B2B product browsing experience,Bootstrap the full catalog with real SKU and variant structure,Load the ERP-owned product master and curated Shopify enrichment attributes into the pilot dealer catalog.,Product Catalog,Product sync,13,Sprint 11,Phase 3 - Dealer Commerce & Activation,P0,Dealers can browse the bootstrapped sellable catalog with correct metadata and variant structure.,MIG-010 | Release 2 product bootstrap | Legacy Sprint Bucket: Seq 04,Post-discovery migration alignment (2026-03-31)
Dealer Portal Replacement for Shopify,Dealer Catalog,Deliver a B2B product browsing experience,"Provide search, filters, favorites, compare, and quick order",Speed up repeat purchasing and research,Catalog UX,Product catalog,8,Sprint 11,Phase 3 - Dealer Commerce & Activation,P0,Dealers can find and re-order products efficiently,Legacy Sprint Bucket: Seq 04,
Dealer Portal Replacement for Shopify,Dealer Identity,Replace Shopify account model,Build multi-user company access model,"Role tiers: Admin, Purchasing, Accounting, Viewer; company admin grants access to colleagues; access delegation workflow; role determines what is visible and orderable",Portal Access,Dealer identity and security model,13,Sprint 11,Phase 3 - Dealer Commerce & Activation,P0,Dealer company admin can grant and revoke colleague access; each role sees correct subset of portal,Session 7 (Mar 2): Dan H confirmed multi-user company visibility is the primary Shopify limitation. | Legacy Sprint Bucket: Seq 04,Session 7 (Mar 2)
Dealer Portal Replacement for Shopify,Dealer Ordering,Support complete ordering workflows,"Build cart, quick re-order, PO capture, and checkout controls",Enforce PO entry and preserve order notes,Checkout,Dealer identity and pricing,8,Sprint 11,Phase 3 - Dealer Commerce & Activation,P0,Orders can be submitted with required PO information,Legacy Sprint Bucket: Seq 04,
Dealer Portal Replacement for Shopify,Dealer Ordering,Support complete ordering workflows,Handle Canada vs US portal pricing and catalog,Separate price lists (2-3 CA vs 6-8 US); detect account region and apply correct currency and price class at login; unified portal experience with region flag or separate branded entry,Canada/US Handling,Pricing sync and catalog,8,Sprint 11,Phase 3 - Dealer Commerce & Activation,P0,Canadian dealer accounts see correct CAD price list; US accounts see USD; no manual override needed,Session 7: Shopify Canada and US are separate; Acumatica Stock Items CSV includes USD and CAD prices. | Legacy Sprint Bucket: Seq 04,Session 7
Dealer Portal Replacement for Shopify,Dealer Ordering,Persist dealer carts across sessions,Build server-side cart persistence,"Store cart state server-side per dealer user; survive login/logout, browser close, and session expiry; handle shared-cart conflict for multi-user company accounts",Checkout,Dealer identity and catalog,5,Sprint 12,Phase 3 - Dealer Commerce & Activation,P0,Cart contents persist across browser close and re-login; multi-user company cart shows latest state with conflict warning,Addresses PRD Supplement Part A cart persistence strategy. | Legacy Sprint Bucket: Seq 04,
Dealer Portal Replacement for Shopify,Dealer Ordering,Validate orders before checkout submission,Build 6-check checkout validation engine,"Validate: item availability, price changes since cart add, credit hold status, address completeness, credit limit, minimum order value; block or warn per scenario",Checkout,Dealer pricing and credit hold sync,8,Sprint 12,Phase 3 - Dealer Commerce & Activation,P0,All 6 checks execute on Proceed to Checkout; blocked scenarios prevent submission; warning scenarios allow override with acknowledgment,Addresses PRD Supplement Part A validation checklist. | Legacy Sprint Bucket: Seq 04,
Dealer Portal Replacement for Shopify,Dealer Pricing,Apply customer-specific commercial rules,"Resolve bootstrapped price class, customer class, and discount tier at login and checkout",Use ERP-sourced price classes and curated imported price-sheet context at login and checkout.,Dealer Pricing,Pricing config and customer identity,8,Sprint 12,Phase 3 - Dealer Commerce & Activation,P0,Dealers see the correct bootstrapped account pricing without manual overrides.,MIG-011 | Release 2 pricing bootstrap | Legacy Sprint Bucket: Seq 04,Post-discovery migration alignment (2026-03-31)
Dealer Portal Replacement for Shopify,Dealer Visibility,Give companies shared operational visibility,Enable invoice PDF download,Dealer can download PDF of each invoice directly from order/invoice history screen; linked to Acumatica invoice document; no email-only dependency,Invoice Download,ERP financial visibility sync (INT-005),5,Sprint 12,Phase 3 - Dealer Commerce & Activation,P0,Invoice PDF available for download within 15 minutes of Acumatica invoice creation; all invoices for last 24 months accessible,Session 7: Dan H confirmed invoices are currently email-only; dealers need portal access. | Legacy Sprint Bucket: Seq 04,Session 7
Dealer Portal Replacement for Shopify,Dealer Identity,Provision dealer company access from onboarding,"Bootstrap dealer company admin, users, and enrollment workflow from approved onboarding and Shopify exports","Migrate in-scope dealer admins, users, and preferences into the customer-account model and issue governed first-login enrollment.",Portal Provisioning,"Onboarding approval, dealer identity, customer model, and pricing context",8,Sprint 12,Phase 3 - Dealer Commerce & Activation,P0,Pilot dealer accounts receive migrated admins/users and governed enrollment without manual IT setup.,MIG-012 | Release 2 dealer-account migration | Legacy Sprint Bucket: Seq 04,Post-discovery migration alignment (2026-03-31)
Dealer Portal Replacement for Shopify,Commerce Readiness Gates,Prove catalog and pricing foundations before dealer rollout,"Certify product sync, pricing sync, dealer-group resolution, and publish validation before portal catalog and checkout rollout","Require evidence that sync integrity, dealer-group targeting, price resolution, and publish validation pass for representative accounts before catalog, cart, and checkout are exposed to pilot users",Portal Readiness Gate,"Sync products, variants, price classes, and customer pricing inputs from ERP and Build 12-point publish validation rule engine",5,Sprint 12,Phase 3 - Dealer Commerce & Activation,P0,"Representative pilot accounts show correct catalog, pricing, dealer-group visibility, and publish-state evidence before portal commerce rollout is approved",Adds an explicit commerce-readiness gate before limited-availability exposure. | Legacy Sprint Bucket: Seq 04,Post-discovery roadmap validation (2026-03-30)
Product Management & Dealer Catalog Governance,Dealer Group Model,Define account-driven catalog groups,Resolve dealer groups from migrated account setup,"Use migrated affinity group, ownership / PE overlay, region, portal eligibility, and private-label rules from active account setups.",Dealer Group Resolver,Reference data loaded and customer account model,8,Sprint 12,Phase 3 - Dealer Commerce & Activation,P0,Each active dealer account resolves to one governed catalog view without mixing dealer group and price class logic,MIG-020 | Release 2 dealer-group bootstrap | Legacy Sprint Bucket: Seq 04,Session 11 (Mar 19); Post-discovery migration alignment (2026-03-31)
Product Management & Dealer Catalog Governance,Group-First Workflow,Make Product Management back-office and group-first,Build dealer-group-first workflow,"Choose dealer group, then review products, files, and go-live check",Product Management Workspace,Dealer group resolver and product sync,8,Sprint 12,Phase 3 - Dealer Commerce & Activation,P0,Business users can manage dealer catalog views without editing pricing rules or raw ERP items,Reorganizes the module around the March 19 and March 24 feedback. | Legacy Sprint Bucket: Seq 04,Session 11 (Mar 19); Session 12 (Mar 24)
Product Management & Dealer Catalog Governance,Product Sync,Handle Acumatica sync conflicts safely,Implement sync conflict resolution algorithm,"Acumatica wins for base fields (SKU, status, weight); Pulse overlay fields never overwritten; auto-unpublish products deactivated in ERP; log all conflict resolutions",Product Sync,Integration blueprint and product master sync,8,Sprint 12,Phase 3 - Dealer Commerce & Activation,P0,ERP-deactivated products auto-unpublish within 1 sync cycle; Pulse presentation data survives ERP sync; conflict log is auditable,Addresses PRD Supplement Part B sync conflict resolution. | Legacy Sprint Bucket: Seq 04,
Pricing & ERP-Dependent Commercial Rules,Pricing Governance,Govern commercial pricing inputs,Handle Canada price list separation in CRM and portal,Maintain 2-3 Canadian price lists separately from 6-8 US lists; CAD pricing sourced from Acumatica CA price classes; portal applies correct list at login by account region,Canada Pricing,Acumatica pricing sync (INT-003) and Canada portal handling,8,Sprint 13,Phase 3 - Dealer Commerce & Activation,P0,Canadian accounts see correct CAD price list; pricing isolated from USD lists; no cross-currency leakage,Session 7: Shopify Canada has separate pricing; must be preserved in new portal architecture. | Legacy Sprint Bucket: Seq 04,Session 7
Training Management,Completion Tracking,Prove what was delivered,"Backfill structured training history, completion evidence, and follow-up tasks from legacy sources","Create governed training records from Map My Customer notes, Outlook history, and certification extracts while archiving low-confidence gaps.",Training Records,Training calendar,8,Sprint 13,Phase 3 - Dealer Commerce & Activation,P0,Historical training records are searchable and trustworthy enough for reporting and customer review.,MIG-016 | Release 3 training history migration | Legacy Sprint Bucket: Seq 04,Post-discovery migration alignment (2026-03-31)
Training Management,Training Record Operations,Track activity and proof at the customer level,Capture training type on every training record,"Required dropdown on all training records: WebEx/Virtual, In-Person, Phone, Blended; type drives hours weighting and proof eligibility",Training Records,Training module,3,Sprint 13,Phase 3 - Dealer Commerce & Activation,P0,Every training record has a type field; hours reporting segments by type,Session 8: Adrienne confirmed virtual vs in-person distinction critical for training proof. | Legacy Sprint Bucket: Seq 04,Session 8
Training Management,Training Record Operations,Track activity and proof at the customer level,Enforce site visit versus training distinction,Activity type required: Site Visit (sales/support) or Training; both count toward customer touch frequency; separate reporting families,Activity Model,Activity categorization taxonomy,5,Sprint 13,Phase 3 - Dealer Commerce & Activation,P0,Site visits and training events are distinct activity types with separate report families,Session 8: Michelle and Adrienne explicitly confirmed site visit vs training must be separate report types. | Legacy Sprint Bucket: Seq 04,Session 8
Training Management,Training Scheduling,Manage training commitments from CRM,"Schedule training against customers, users, and calendars",Support customer-centric and TM-centric planning views,Training Calendar,Customer model and calendar foundation,8,Sprint 13,Phase 3 - Dealer Commerce & Activation,P0,Users can schedule and view training in multiple planning modes,Legacy Sprint Bucket: Seq 04,
Consignment Management,Audit Cycle,Enforce the 90-day operating rhythm,Build TM consignment dashboard (web),"Per-TM view: all assigned consignment sites, last audit date, next audit due, current balance, outstanding variances, and overdue PO clocks; role-appropriate visibility",TM Dashboard,Site master and audit cycle,8,Sprint 13,Phase 3 - Dealer Commerce & Activation,P0,TM consignment dashboard loads in under 3 seconds; all sites visible with correct audit status,CG: TM must see all consignment sites without navigating 17 different views. | Legacy Sprint Bucket: Seq 04,
Consignment Management,Consignment Enrollment,Launch and manage the program correctly,Flag accounts as consignment customers and capture digital agreements,Track program status from the customer record,Consignment Enrollment,Customer model and document repository,8,Sprint 13,Phase 3 - Dealer Commerce & Activation,P0,Users can enroll an account in consignment with signed approval,Legacy Sprint Bucket: Seq 04,
Consignment Management,Consignment Onboarding,Standardize new consignment setup,Build the six-step onboarding wizard from the checklist,"Guide warehouse setup, contacts, initial counts, and readiness",Consignment Wizard,Enrollment baseline,8,Sprint 13,Phase 3 - Dealer Commerce & Activation,P0,New consignment sites follow one consistent setup flow,Legacy Sprint Bucket: Seq 04,
Consignment Management,Initial Verification,Establish starting inventory truth,Digitize the initial inventory verification form,"Capture starting counts, responsible parties, and approvals",Inventory Verification,Consignment wizard,8,Sprint 13,Phase 3 - Dealer Commerce & Activation,P0,Each site has an approved initial inventory baseline,Legacy Sprint Bucket: Seq 04,
Consignment Management,Location Master,Bring real consignment locations into CRM,"Load active, new, and exited consignment sites with warehouse identifiers and in-scope documents","Bootstrap site master, C-type-city warehouse IDs, and linked agreement, verification, reconciliation, adjustment, and exit documents for active program sites.",Consignment Master,Data migration and customer locations,8,Sprint 14,Phase 3 - Dealer Commerce & Activation,P0,"Consignment sites and in-scope operational documents load with governed identifiers, lifecycle state, and customer linkage.",MIG-014 / MIG-015 | Release 3 consignment migration | Legacy Sprint Bucket: Seq 04,Post-discovery migration alignment (2026-03-31)
Consignment Management,Site Setup,Onboard new consignment locations correctly,Enforce warehouse naming convention on site creation,Validate C-{TYPE}-{CITY} naming on every new consignment warehouse; reject duplicates; sync name validation against Acumatica warehouse list before creation,Site Admin,Acumatica consignment sync,5,Sprint 14,Phase 3 - Dealer Commerce & Activation,P0,Warehouse naming validation fires on save; malformed or duplicate names are rejected with clear error,Consignment program docs: C-{TYPE}-{CITY} convention must be enforced. RAID-004 notes naming inconsistencies. | Legacy Sprint Bucket: Seq 04,
Consignment Management,Site Setup,Enforce consistent warehouse naming,Validate warehouse naming convention on site creation,Validate C-{TYPE}-{CITY} naming pattern on every new consignment warehouse; reject duplicates; sync validation against Acumatica warehouse list,Site Admin,Acumatica consignment sync,3,Sprint 14,Phase 3 - Dealer Commerce & Activation,P0,Malformed or duplicate warehouse names are rejected with clear error message on save,Addresses Mobile PRD warehouse naming requirement. Duplicate of row 208 confirmed — kept for completeness. | Legacy Sprint Bucket: Seq 04,
Consignment Management,Audit Cycle,Enforce the 90-day operating rhythm,"Schedule audits, track due dates, and surface 60-day and 90-day status",Give users a real operational dashboard,Audit Scheduler,Consignment master and alert engine,13,Sprint 14,Phase 3 - Dealer Commerce & Activation,P0,Every site shows current audit status and next due date,Moved earlier to give mobile audit and variance workflows a real scheduling backbone. | Legacy Sprint Bucket: Seq 04,
Consignment Management,Reconciliation Workflow,Replace Excel and Dropbox reconciliation,Build expected-versus-counted reconciliation with variance handling,"Support counted, missing, overage, partial-PO, write-off, credit-memo, and variance-investigation states",Reconciliation,Audit scheduler and inventory baseline,13,Sprint 14,Phase 3 - Dealer Commerce & Activation,P0,"Users can complete and submit a full reconciliation digitally and route each variance to PO, credit memo, write-off, or investigation with audit trail",Moved ahead of PO-clock logic so variance states exist before follow-up timers start. | Legacy Sprint Bucket: Seq 04,Session 5; Session 10
Consignment Management,Operational Readiness Gates,Prove consignment foundations before downstream automation,"Certify site master, audit scheduler, and reconciliation readiness before PO clock, dashboards, and mobile audit scale-out","Require trusted site setup, scheduled audit cadence, expected-vs-counted reconciliation states, and operator evidence before downstream timers, dashboards, and mobile scaling are approved",Consignment Readiness Gate,"Schedule audits, track due dates, and surface 60-day and 90-day status and Build expected-versus-counted reconciliation with variance handling",5,Sprint 14,Phase 3 - Dealer Commerce & Activation,P0,"Consignment sites, scheduler outputs, and reconciliation states are trusted enough to drive timers, dashboards, and mobile workflows without manual fallback",Closes the sequencing gap around downstream consignment automation. | Legacy Sprint Bucket: Seq 04,Post-discovery roadmap validation (2026-03-30)
Mobile Field App,Customer Access,Make customer data usable on the road,"Provide mobile search, account detail, contacts, and recent activity",Support in-call preparation and follow-up,Mobile Customer Workspace,Customer model,8,Sprint 14,Phase 3 - Dealer Commerce & Activation,P0,Reps can find and use customer context from the field,Legacy Sprint Bucket: Seq 04,
Mobile Field App,Field Dashboard,Give reps a task-first mobile home,"Show assigned visits, overdue leads, routes, and alerts on the landing screen",Reduce friction for daily field use,Mobile Dashboard,"Lead, customer, and alert feeds",8,Sprint 14,Phase 3 - Dealer Commerce & Activation,P0,Users see the day plan and urgent items at sign-in,Legacy Sprint Bucket: Seq 04,
Mobile Field App,Route Execution,Replace Map My Customer core workflows,"Support route planning, optimization, and navigation handoff",Organize daily visits efficiently,Route Planner,Territory map and geo services,13,Sprint 15,Phase 3 - Dealer Commerce & Activation,P0,Users can build and execute optimized visit routes,Legacy Sprint Bucket: Seq 04,
Mobile Field App,Visit Capture,Record work at the point of service,Provide GPS check-in and check-out with visit notes,Validate presence and store visit history,Visit Logging,Mobile customer workspace,8,Sprint 15,Phase 3 - Dealer Commerce & Activation,P0,"Visits are logged with time, location, and summary",Legacy Sprint Bucket: Seq 04,
Reports & Analytics,Priority Reports,Deliver the five approved report families,Build site visit report,"Site visits by type (email, phone, in-person) by TM, region, and period; separate from training report; both linked to customer touch frequency metric",Site Visit Report,Activity taxonomy and reporting semantic layer,5,Sprint 15,Phase 3 - Dealer Commerce & Activation,P0,Site visit report shows correct counts by type; separated from training events; TM and RD views correct,Session 8: Michelle confirmed site visit report is distinct from training report and required for TM performance review. | Legacy Sprint Bucket: Seq 04,Session 8
Reports & Analytics,Reporting Foundation,Create trusted reporting data,"Build a reporting semantic layer spanning CRM, dealer, training, consignment, and ERP facts","Standardize dimensions, metrics, filters, freshness rules, source lineage, and reconciliation checkpoints across dashboards, exports, and scheduled reports",Reporting Model,Canonical data model and integration blueprint,13,Sprint 15,Phase 3 - Dealer Commerce & Activation,P0,"Every released metric resolves through one governed semantic model with traceable source, refresh cadence, and reconciliation owner","Strengthens the semantic layer row so it covers lineage and trust, not just modeling. | Legacy Sprint Bucket: Seq 04",
Reports & Analytics,Reporting Governance,Make dashboard metrics trustworthy,Publish a metric definition register,"Define formula, source system, grain, freshness, coverage label, reconciliation rule, and business owner for each KPI",Metric Governance,Reporting semantic layer and data stewardship,8,Sprint 15,Phase 3 - Dealer Commerce & Activation,P0,"All role dashboards, saved reports, and exports use approved metric definitions with source, freshness, and coverage notes",Directly addresses KPI lineage and reconciliation risk raised in reporting validation. | Legacy Sprint Bucket: Seq 04,Session 12 (Mar 24)
Reports & Analytics,Reporting Workspace,Provide role-based dashboard entry points,Build reporting home and role routing,"Deliver role entry points for executive, sales/BD, finance & ops, TM, RD, training, consignment, and dealer views",Reporting Workspace,Access control and reporting semantic layer,8,Sprint 15,Phase 3 - Dealer Commerce & Activation,P0,Users land on the correct dashboard by role and can access governed reports from one workspace,Reflects the March 24 session direction for dashboard-first reporting. | Legacy Sprint Bucket: Seq 04,Session 12 (Mar 24)
"QA, UAT, Rollout & Adoption",Quality Strategy,Test the system as a business program,"Define end-to-end test coverage for workflows, integrations, data, mobile, and security",Prevent module-level blind spots,QA Plan,Governance cadence and integration blueprint,8,Sprint 15,Phase 3 - Dealer Commerce & Activation,P0,Test scope covers every critical business flow,Legacy Sprint Bucket: Seq 04,
"QA, UAT, Rollout & Adoption",Release & Stabilization,Seq 04 - Release Buffer,"Execute Wave 2 migration rehearsal, UAT, bug fixes, deployment, and stabilization","Rehearse dealer account, transaction history, consignment, training, digital-asset, and KPI baseline loads before the external pilot broadens.",Testing & Release,Seq 04 features complete,55,Sprint 16,Phase 4 - Field Operations & Asset Delivery,P0,"Wave 2 migration passes rehearsal reconciliation, critical bugs are fixed, UAT passes, and the pilot environment stays stable for 5 days.",Wave 2 rehearsal covers MIG-010 to MIG-017 and MIG-020 to MIG-022 | Legacy Sprint Bucket: Seq 04-Buffer,Post-discovery migration alignment (2026-03-31)
Mobile Field App,Lead Workflow,Make assigned leads actionable from the field,Build mobile lead inbox and lead detail workflow,"Show assigned leads, SLA countdown, first-contact context, and discovery scheduling entry points from mobile",Mobile Lead Workspace,"Lead routing, notification engine, and mobile foundation",8,Sprint 16,Phase 4 - Field Operations & Asset Delivery,P0,"TM can open an assigned lead, review context, log outreach, and schedule discovery from mobile without desktop fallback",Moved after lead-routing and alert-foundation work so the mobile lead inbox follows the actual workflow dependency chain. | Legacy Sprint Bucket: M-Seq 03,Session 1; Session 2; Session 12 (Mar 24)
Mobile Field App,Mobile Foundation,Build a reliable and adoptable mobile platform,Build push notification receipt and user preferences,"Receive real-time alerts on mobile: new lead assigned, consignment audit due, training overdue, credit hold; user preference panel for alert type and quiet hours",Push Notifications,Notification engine (INT-020) and mobile API,8,Sprint 17,Phase 4 - Field Operations & Asset Delivery,P0,Lead arrival alert delivered to TM mobile within 30 seconds; preferences panel controls alert scope,Moved behind the shared alert-engine foundation so mobile push delivery does not outrun notification readiness. | Legacy Sprint Bucket: M-Seq 03,Session 1
Mobile Field App,Consignment Operations,Support consignment workflows from the field,Build mobile consignment audit flow,Step-through guided audit: baseline inventory shown per SKU → TM enters physical counts → CRM auto-compares → variance highlighted → TM confirms or flags → digital sign-off,Mobile Audit,Consignment module and Acumatica sync,13,Sprint 17,Phase 4 - Field Operations & Asset Delivery,P0,TM completes full audit submission from mobile without paper form; auto-comparison fires within 10 seconds of submission,Sessions 5-6: 90-day field audit is TM's primary consignment task; must be fully mobile-native. | Legacy Sprint Bucket: M-Seq 03,
Mobile Field App,Consignment Operations,Support consignment workflows from the field,Build mobile consignment site dashboard,"Per-TM list: all consignment sites, last audit date, next audit due date, current balance estimate, outstanding variances; offline-capable view",Mobile Dashboard,Consignment site master and mobile offline,5,Sprint 17,Phase 4 - Field Operations & Asset Delivery,P0,TM sees all assigned consignment sites with correct audit status offline; data syncs on reconnect,CG: TM must not navigate multiple screens to find consignment status. | Legacy Sprint Bucket: M-Seq 03,
Mobile Field App,Consignment Operations,Support consignment workflows from the field,Build mobile signature capture,"TM digital signature on consignment reconciliation form, inventory adjustment, and audit sign-off; securely stored; linked to audit record in CRM; legally admissible",Signature,Mobile audit flow and document model,5,Sprint 17,Phase 4 - Field Operations & Asset Delivery,P0,Signature captured and stored on form submission; linked to audit record; visible in CRM web view,Samantha Marks: customer and TM sign-off on physical forms; digital signature must replace this. | Legacy Sprint Bucket: M-Seq 03,
Mobile Field App,Consignment Operations,Support consignment workflows from the field,Build mobile photo upload for consignment audit,"Camera integration: TM photographs inventory items, damage, or discrepancies during audit; photos attached to audit record with GPS timestamp; viewable in CRM",Photo Upload,Mobile audit flow and document model,5,Sprint 17,Phase 4 - Field Operations & Asset Delivery,P0,Photos attached to audit within 30 seconds of capture; visible on audit record in CRM web and mobile,Session 6: Physical audit evidence required; photo upload replaces paper attachment to reconciliation form. | Legacy Sprint Bucket: M-Seq 03,Session 6
Mobile Field App,Field Navigation,Preserve Map My Customer replacement behaviors,"Build mobile deep-link and context routing from alerts, leads, map, and consignment tasks","Open the exact lead, account, route, audit, or training context from notifications and field shortcuts instead of generic landing screens",Mobile Context Routing,"Notification engine, route planner, and mobile navigation shell",5,Sprint 17,Phase 4 - Field Operations & Asset Delivery,P0,Mobile alerts and quick actions launch users into the correct working context with no extra navigation hunting,Directly supports the field-first adoption feedback and deep-link expectations from the meetings. | Legacy Sprint Bucket: M-Seq 03,Session 1; Session 12 (Mar 24)
Mobile Field App,Field Scheduling,Keep the field team organised and on-time,"Integrate Outlook calendar sync for training, audits, and follow-up events","Create, confirm, and reschedule field events from mobile; sync to Outlook and CRM calendars with attendee confirmation and conflict/status feedback.",Outlook Calendar Sync,Training module and Outlook calendar sync (INT-009),5,Sprint 17,Phase 4 - Field Operations & Asset Delivery,P0,Field-created events appear in CRM and Outlook within 60 seconds with attendee and status updates,Session 1: CG confirmed TMs schedule training in the field; must work without desktop access. | Legacy Sprint Bucket: M-Seq 03,Session 1
Mobile Field App,Field Scheduling,Keep the field team organised and on-time,Send confirmation emails and log Outlook-linked scheduling activity in CRM,"Issue event confirmations, reschedules, and reminders through the approved email channel and store the linked scheduling activity on the account timeline.",Email Confirmation,Training module and Outlook calendar sync (INT-009),3,Sprint 17,Phase 4 - Field Operations & Asset Delivery,P0,Scheduling emails are issued and linked back to the correct account and event timeline,Makes the email plus Outlook handoff explicit for field scheduling. | Legacy Sprint Bucket: M-Seq 03,Session 1; Session 9 (Mar 13); Session 10 (Mar 17)
Mobile Field App,Visit Capture,Enforce visit workflow with geofencing,Build 100m geofencing with mandatory check-out workflow,GPS check-in requires 100m proximity; check-out requires activity type and core notes before next stop can start; log geofence violations,Visit Logging,Mobile customer workspace and GPS services,5,Sprint 17,Phase 4 - Field Operations & Asset Delivery,P0,Check-in blocked outside 100m radius with clear message; check-out requires minimum fields; geofence events logged,Addresses Mobile PRD geofencing and mandatory check-out requirements. | Legacy Sprint Bucket: M-Seq 03,
"QA, UAT, Rollout & Adoption",Release & Stabilization,M-Seq 03 - Release Buffer,"UAT, bug fixes, deployment, stabilization",,Testing & Release,M-Seq 03 features complete,8,Sprint 17,Phase 4 - Field Operations & Asset Delivery,P0,"All critical bugs fixed, UAT passed, production stable for 5 days",Post-release buffer (~15% of M-Seq 03) | Legacy Sprint Bucket: M-Seq 03-Buffer,
Acumatica Integration & Data Migration,Legacy CRM Migration,Preserve operational history,"Migrate lead, account, contact, activity, and lead-source attribution data from Dynamics CRM and related spreadsheets","Normalize duplicates, statuses, and attribution history from Dynamics, HubSpot exports, and manual lead sheets.",Migration,Canonical data model,13,Sprint 18,Phase 4 - Field Operations & Asset Delivery,P0,Core CRM history and lead-source attribution are loaded and mapped to the new model.,MIG-008 / MIG-009 | Release 3 history migration | Legacy Sprint Bucket: Seq 05,Post-discovery migration alignment (2026-03-31)
Acumatica Integration & Data Migration,Transaction Sync,Expose order and finance history,"Bootstrap recent orders, invoices, shipments, statements, and payment status into CRM and dealer views",Load recent transaction history from Acumatica for pilot accounts and then keep it current with governed ongoing sync.,Transaction Sync,Integration blueprint and dealer account center,13,Sprint 18,Phase 4 - Field Operations & Asset Delivery,P0,Recent order and finance history is bootstrapped and ongoing ERP updates keep it current.,MIG-013 | Release 3 transaction bootstrap | Legacy Sprint Bucket: Seq 05,Post-discovery migration alignment (2026-03-31)
"Communication, Notifications & Alerts",Credit & Collections Alerts,Make financial blockers visible,"Notify on credit approvals, credit holds, invoice aging, and past-due status",Mirror the right signals to internal teams and dealers,Notification Engine,Financial sync and dealer account center,8,Sprint 18,Phase 4 - Field Operations & Asset Delivery,P0,Credit and aging events create actionable alerts,Legacy Sprint Bucket: Seq 05,
Lead Capture & Lead Management,Lead Conversion,Turn qualified prospects into customers,Trigger customer creation on first order with onboarding handoff,Preserve lead history after graduation,Conversion Workflow,Customer model and integration blueprint,8,Sprint 18,Phase 4 - Field Operations & Asset Delivery,P0,Qualified leads become active customers without duplicate entry,Legacy Sprint Bucket: Seq 05,
Dealer Portal Replacement for Shopify,Dealer Credit & Collections,Reflect financial constraints,Block ordering for credit-hold accounts and surface aging alerts,Mirror financial status from ERP without manual workarounds,Dealer Account Center,Financial sync and alert engine,8,Sprint 18,Phase 4 - Field Operations & Asset Delivery,P0,Credit holds and overdue balances are visible and enforceable,Legacy Sprint Bucket: Seq 05,
Dealer Portal Replacement for Shopify,Dealer Visibility,Give companies shared operational visibility,"Show company-wide orders, invoices, statements, shipments, and payments",Eliminate contact-level blind spots from Shopify,Dealer Account Center,Dealer identity and transaction sync,13,Sprint 18,Phase 4 - Field Operations & Asset Delivery,P0,Authorized contacts can see company activity across all orders,Legacy Sprint Bucket: Seq 05,
Dealer Portal Replacement for Shopify,Dealer Visibility,Give dealers self-service access to invoices,Enable invoice PDF download from dealer portal,Link dealer invoice view to Acumatica invoice documents; generate downloadable PDF per invoice; cover last 24 months of invoice history,Dealer Account Center,ERP financial visibility sync (INT-005),5,Sprint 18,Phase 4 - Field Operations & Asset Delivery,P0,Invoice PDF available within 15 minutes of Acumatica creation; all invoices for last 24 months accessible and downloadable,Addresses Dealer Portal PRD financial visibility gap. | Legacy Sprint Bucket: Seq 05,Session 7
Dealer Portal Replacement for Shopify,Checkout Governance,Keep portal ordering aligned with finance and account policy,Enforce billing-address governance and implement regional payment gateway routing,Lock or route billing-address edits appropriately; apply the approved US/CA payment gateway path at launch; surface fallback instructions when a requested payment flow is out of scope.,Checkout Governance,Authenticate dealer users at the customer-account level and Build credit card tokenization workflow,5,Sprint 19,Phase 4 - Field Operations & Asset Delivery,P0,"Dealers can place orders only within approved billing and regional payment rules, and unsupported launch-time payment changes route to the right internal process",Makes the launch-time payment gateway pattern explicit before portal ordering widens. | Legacy Sprint Bucket: Seq 05,Session 7 (Mar 2); Session 11 (Mar 19)
Product Management & Dealer Catalog Governance,Account Context,Use the same dealer context across portal and product management,Resolve dealer group from live account setup,"Use account setup, affinity group, ownership overlay, and region at login and back-office review time",Dealer Context Service,Dealer identity and customer account model,8,Sprint 19,Phase 4 - Field Operations & Asset Delivery,P0,Dealer portal and Product Management resolve the same dealer group for the same account,Stops demo-only seeded groups from drifting away from production account setup. | Legacy Sprint Bucket: Seq 05,Session 11 (Mar 19)
Product Management & Dealer Catalog Governance,File Governance,Attach the right branded files to each dealer group,"Link migrated images, brochures, spec sheets, and install guides","Build product-to-asset linkage from curated Widen and Dropbox files by SKU, dealer group, region, and brand, and warn on mismatches.",Product File Linking,Asset repository and dealer group resolver,8,Sprint 19,Phase 4 - Field Operations & Asset Delivery,P0,Users see correct branded files for the selected dealer group and must review mismatches before share or export,MIG-021 | Release 3 product-to-asset migration | Legacy Sprint Bucket: Seq 05,Post-discovery migration alignment (2026-03-31)
Product Management & Dealer Catalog Governance,Go-Live Control,Make dealer catalog releases safe,Run dealer-group go-live checks,"Confirm products, files, dealer-group rules, and Canada variants are complete before portal visibility",Go-Live Checklist,Group-first workflow and product file linking,5,Sprint 19,Phase 4 - Field Operations & Asset Delivery,P0,Dealer groups can only be marked live when required business checks pass,This is the business-ready check before products appear in dealer portal. | Legacy Sprint Bucket: Seq 05,Session 11 (Mar 19)
Product Management & Dealer Catalog Governance,Go-Live Control,Prevent incomplete products from reaching dealers,Build 12-point publish validation rule engine,"8 blockers (active in ERP, title, description, primary image, spec sheet, pricing, catalog assigned, region visibility) + 4 warnings (install guide, brand cross-check, price class coverage, category); block publish on blocker failure",Go-Live Checklist,Product workspace and file linking,5,Sprint 19,Phase 4 - Field Operations & Asset Delivery,P0,Products missing any of 8 blocker fields cannot be published; 4 warning fields generate review prompt but allow override,Addresses PRD Supplement Part B publish validation checklist. | Legacy Sprint Bucket: Seq 05,
Pricing & ERP-Dependent Commercial Rules,Checkout Resolution,Handle pricing exceptions safely at the point of order,"Build price-not-found, stale-price, and conflicting-price-class resolution workflow","Detect checkout price exceptions, stop unsafe orders, show clear dealer/internal messaging, and route manual review where needed",Pricing Exception Handling,"Resolve price class, customer class, and discount tier at login and checkout",5,Sprint 19,Phase 4 - Field Operations & Asset Delivery,P0,Orders with unresolved pricing cannot submit silently; users receive deterministic resolution path with audit trail,Closes the gap around price exception handling at checkout. | Legacy Sprint Bucket: Seq 05,Session 7 (Mar 2); Session 8; Session 11 (Mar 19)
Pricing & ERP-Dependent Commercial Rules,Pricing Governance,Preserve price history and override accountability,"Build effective-dated price history, override audit, and publish accountability","Track who changed what, when it takes effect, what dealer groups/accounts are impacted, and which published version is live",Pricing History,"Manage price books, tiers, and account pricing rules in a controlled admin workflow and Sync approved price changes to dealer experiences on a controlled schedule",8,Sprint 19,Phase 4 - Field Operations & Asset Delivery,P0,"Teams can trace any live dealer price back to approved source, effective date, and change owner",Makes pricing publish auditable without moving core calculation out of ERP. | Legacy Sprint Bucket: Seq 05,Session 7 (Mar 2); Session 8; Session 11 (Mar 19)
Digital Assets & Document Handling,Asset Serving,Make product and dealer assets usable without Widen or Dropbox hunts,Migrate curated Widen and Dropbox assets into the Pulse asset library,"Import approved dealer-safe files, metadata, and stable asset IDs from Widen and Dropbox for product, dealer, and mobile use.",Asset Migration,Asset repository and dealer group resolver,5,Sprint 19,Phase 4 - Field Operations & Asset Delivery,P0,"Approved Widen/Dropbox assets are migrated, searchable, and linked to the right dealer and product contexts",MIG-017 | Bounded Widen replacement for the in-scope product/dealer workflow only. | Legacy Sprint Bucket: Seq 05,Session 11 (Mar 19); Session 12 (Mar 24); Post-discovery migration alignment (2026-03-31)
Digital Assets & Document Handling,Asset Serving,Make product and dealer assets usable without Widen or Dropbox hunts,Configure AWS S3 + CloudFront signed delivery for approved digital assets,"Store approved asset binaries in private S3 buckets, deliver through CloudFront signed URLs, and support cache invalidation for updated files.",Object Storage & CDN,Asset repository and dealer group resolver and Migrate curated Widen and Dropbox assets into the Pulse asset library,3,Sprint 19,Phase 4 - Field Operations & Asset Delivery,P0,Authorized users can preview and share approved files through signed CloudFront links backed by S3 without exposing the bucket directly,Workbook planning assumes AWS S3 + CloudFront; architecture still allows Azure equivalent if hosting standard changes. | Legacy Sprint Bucket: Seq 05,Discovery Session 1; Session 12 (Mar 24); Architecture alignment (Apr 1)
Digital Assets & Document Handling,Asset Workflow,Govern file uploads and approvals,"Build upload, version, and approval workflow for product and dealer files","Capture uploader, version, approval status, effective date, superseded file, and wrong-brand warning before share/export",Asset Workflow,Asset repository and access control,8,Sprint 19,Phase 4 - Field Operations & Asset Delivery,P0,Only approved asset versions are shareable to dealers and internal users can trace version history,Closes the current prototype gap around durable upload/version governance. | Legacy Sprint Bucket: Seq 05,Session 11 (Mar 19); Session 12 (Mar 24)
Training Management,Training Proof,Turn training into executive proof,"Surface yearly hours delivered, customer summaries, and proof-letter generation",Support the researched bargaining-chip use case,Training Analytics,Training records and report templates,8,Sprint 19,Phase 4 - Field Operations & Asset Delivery,P0,Teams can show credible training totals for any account,Legacy Sprint Bucket: Seq 05,
Training Management,Training Proof,Turn training into executive proof,Build training proof letter generation,"Auto-generate customer training summary PDF: hours by type, completion dates, trainer name, programme name; downloadable by BD and TM; for executive and customer proof",Proof Engine,Training records and reporting model,8,Sprint 20,Phase 4 - Field Operations & Asset Delivery,P0,Training proof letter generates in under 10 seconds for any customer; approved by Adrienne in UAT,Session 8: Adrienne confirmed training proof letter is the critical executive deliverable. | Legacy Sprint Bucket: Seq 05,Session 8
Consignment Management,Audit Cycle,Enforce the 90-day operating rhythm,Build 5-day PO clock timer,After variance detected in reconciliation: 5-business-day countdown starts; reminder at day 3; auto-escalate to RD and CSR at day 5 if no PO created; log all events,PO Recovery,Reconciliation workflow and notification engine,8,Sprint 20,Phase 4 - Field Operations & Asset Delivery,P0,PO clock starts within 1 minute of variance event; escalation fires at exactly 5 business days with no manual trigger,Follow-up escalation starts only after reconciliation states are live and verified. | Legacy Sprint Bucket: Seq 05,Session 6 (Feb 27)
Mobile Field App,Offline Reliability,Keep the app usable without connectivity,"Cache assignments, records, and assets with sync queues",Resolve updates when the device reconnects,Offline Sync,Mobile foundation and API contract,13,Sprint 20,Phase 4 - Field Operations & Asset Delivery,P0,Users can work offline and sync safely later,Legacy Sprint Bucket: Seq 05,
Reports & Analytics,Priority Reports,Deliver the five approved report families,Build warranty and support report,Claims by product type; replacement rate; open vs closed status; product category breakdown; TM and regional aggregation; period filters,Warranty Report,Activity taxonomy and reporting semantic layer,8,Sprint 20,Phase 4 - Field Operations & Asset Delivery,P0,Warranty report matches session 8 spec; product breakdown and replacement rate visible; confirmed by CG in UAT,Session 8 (Mar 5): Warranty/support is explicitly the 5th priority report family per CG consensus. | Legacy Sprint Bucket: Seq 05,Session 8 (Mar 5)
Reports & Analytics,Report Builder,Make reporting self-serve,"Build a dynamic report builder with field picker, filters, date logic, and saved views",Let non-technical users create reports without engineering,Report Builder,Reporting semantic layer,13,Sprint 20,Phase 4 - Field Operations & Asset Delivery,P0,Users can build and save ad hoc reports independently,Legacy Sprint Bucket: Seq 05,
Reports & Analytics,Report Builder,Enable flexible self-service analysis,Build arbitrary parameter report UI,"Report parameter panel supporting free combination of territory, TM, affinity group, period, product category, and lead stage without pre-building every variant; server-side query generation",Parameter UI,Reporting semantic layer,13,Sprint 20,Phase 4 - Field Operations & Asset Delivery,P0,Any valid parameter combination returns correct results in under 10 seconds; invalid combinations show friendly error,Session 8: Michelle said current CRM makes flexible report combinations impossible; this is a top adoption driver. | Legacy Sprint Bucket: Seq 05,Session 8
Reports & Analytics,Role Dashboards,Support finance and operations readiness decisions,Build Finance & Ops readiness dashboard,"Show signed CIS routing, finance queue aging, blocked setup, and first-order readiness",Finance & Ops Readiness,Metric governance and onboarding workflow,8,Sprint 21,"Phase 5 - Reporting, Cutover & Launch",P0,"Finance and ops users can see pending handoffs, SLA pressure, and blocked accounts in one view",Explicitly called out in the March 24 reporting discussion. | Legacy Sprint Bucket: Seq 05,Session 12 (Mar 24)
Reports & Analytics,Role Dashboards,Give TMs a daily operating dashboard,Build TM territory dashboard,"Show territory activity, stale training cadence, account follow-up pressure, and consignment exceptions",TM Territory Dashboard,"Metric governance, territory model, and activity taxonomy",5,Sprint 21,"Phase 5 - Reporting, Cutover & Launch",P0,TM users can monitor their territory performance and exception workload from one view,Meeting-backed dashboard for field management and coaching. | Legacy Sprint Bucket: Seq 05,Session 12 (Mar 24)
Reports & Analytics,Role Dashboards,Give RDs a subordinate rollup view,Build RD rollup dashboard,"Show subordinate territory health, intervention cues, training pressure, and consignment exception rollups",RD Rollup Dashboard,Metric governance and TM territory metrics,5,Sprint 21,"Phase 5 - Reporting, Cutover & Launch",P0,RD users can review subordinate TM performance and decide where intervention is needed,Supports the regional leadership view called out repeatedly in the meetings. | Legacy Sprint Bucket: Seq 05,Session 12 (Mar 24)
Reports & Analytics,Template Reports,Deliver the executive approval-gate reports,Build TM Sales YoY and territory sales views,Support time comparison and leaderboards,Template Reports,Reporting model,8,Sprint 21,"Phase 5 - Reporting, Cutover & Launch",P0,TM sales reports are usable without custom setup,Legacy Sprint Bucket: Seq 05,
Reports & Analytics,Template Reports,Deliver the executive approval-gate reports,Build affinity group sales and market penetration reports,Show served versus total-member opportunity,Template Reports,Reporting model and affinity master data,8,Sprint 21,"Phase 5 - Reporting, Cutover & Launch",P0,Teams can see performance and penetration by affinity group,Legacy Sprint Bucket: Seq 05,
Reports & Analytics,Template Reports,Deliver the executive approval-gate reports,Build leads-to-revenue and lead performance reports,"Show status, source, state, TM, and conversion outcomes",Template Reports,Lead model and order linkage,8,Sprint 21,"Phase 5 - Reporting, Cutover & Launch",P0,Lead reporting ties funnel activity to revenue outcomes,Legacy Sprint Bucket: Seq 05,
Reports & Analytics,Template Reports,Deliver the executive approval-gate reports,"Build training-hours reports by customer, TM, and type",Support bargaining proof and internal management,Template Reports,Training records,8,Sprint 21,"Phase 5 - Reporting, Cutover & Launch",P0,Training hours are reportable at all required cut levels,Legacy Sprint Bucket: Seq 05,
Reports & Analytics,Template Reports,Deliver the executive approval-gate reports,Build product mix and revenue composition reports,Expose category concentration and mix shifts,Template Reports,Product and order facts,8,Sprint 21,"Phase 5 - Reporting, Cutover & Launch",P0,Product mix can be analyzed over time and by segment,Legacy Sprint Bucket: Seq 05,
Reports & Analytics,KPI Governance,Keep dashboards and exported reports consistent,"Load KPI baseline packs and build lineage/reconciliation testing across dashboards, builder outputs, and exports","Import approved baseline KPI outputs and validate source lineage, filter logic, aggregation, freshness, and tolerance against reference queries.",KPI Reconciliation,"Build a reporting semantic layer spanning CRM, dealer, training, consignment, and ERP facts and Publish a metric definition register",8,Sprint 21,"Phase 5 - Reporting, Cutover & Launch",P0,"Historical baseline KPI packs are loaded and released KPIs have reconciliation evidence across dashboards, saved reports, schedules, and exports.",MIG-022 | Release 4 reporting baseline migration | Legacy Sprint Bucket: Seq 05,Session 12 (Mar 24); Post-discovery migration alignment (2026-03-31)
Executive Dashboard,Consignment Pulse,Give leadership a live consignment readout,"Show active sites, audit status, value at risk, and overdue actions",Elevate the program beyond spreadsheets,Consignment Widgets,Consignment dashboard,5,Sprint 22,"Phase 5 - Reporting, Cutover & Launch",P0,Executives can assess consignment exposure at a glance,Legacy Sprint Bucket: Seq 05,
Executive Dashboard,Executive KPI Framework,Give leadership one trusted command center,Compose the executive dashboard from governed report components,Ensure every KPI traces to the same reporting model,Executive Dashboard,Reporting semantic layer,8,Sprint 22,"Phase 5 - Reporting, Cutover & Launch",P0,Dashboard KPIs match report outputs exactly,Legacy Sprint Bucket: Seq 05,
Executive Dashboard,Funnel Health,Expose pipeline quality,"Surface lead funnel status, aging, and conversion signals",Highlight risk in the pipeline,Pipeline Widgets,Lead reporting and SLA engine,5,Sprint 22,"Phase 5 - Reporting, Cutover & Launch",P0,Leaders can see stage health and stalled lead volume,Legacy Sprint Bucket: Seq 05,
Executive Dashboard,Revenue Monitoring,Track top-line movement clearly,"Show this month, last month, and same month last year revenue",Make growth or decline obvious,Revenue Cards,Executive KPI framework,5,Sprint 22,"Phase 5 - Reporting, Cutover & Launch",P0,Revenue cards compare the three researched periods,Legacy Sprint Bucket: Seq 05,
Executive Dashboard,Training Proof,Put training value in front of executives,"Show YTD training hours, prior-year comparison, and summary access",Make the training value proposition visible,Training Widgets,Training reports,5,Sprint 22,"Phase 5 - Reporting, Cutover & Launch",P0,Executives can see training contribution without running a report,Legacy Sprint Bucket: Seq 05,
"QA, UAT, Rollout & Adoption",Business Rule Testing,Validate the rules that matter most,"Create test packs for service-tech routing, SLA timers, credit workflow, company-order visibility, and consignment audit cycle",Prioritize approval-gate logic from discovery,QA Packs,Quality strategy,8,Sprint 22,"Phase 5 - Reporting, Cutover & Launch",P0,Critical business rules are tested with explicit expected outcomes,Legacy Sprint Bucket: Seq 05,
"QA, UAT, Rollout & Adoption",Role-Based UAT,Get the right users validating the right flows,"Run UAT for admins, TMs, RDs, VPs, CSRs, and dealer contacts",Match testing to actual operating roles,UAT,Quality strategy and role matrix,8,Sprint 22,"Phase 5 - Reporting, Cutover & Launch",P0,Each role signs off the workflows they own,Legacy Sprint Bucket: Seq 05,
"QA, UAT, Rollout & Adoption",Pilot Governance,Control pilot-to-GA progression,"Define pilot cohorts, success metrics, and GA go-no-go gate","Name the pilot cohort, entry criteria, exit metrics, defect thresholds, and approvals required before broad rollout",Pilot Governance,"UAT, reconciliation, role training, and support model",8,Sprint 22,"Phase 5 - Reporting, Cutover & Launch",P0,"Pilot cohort, success metrics, defect thresholds, and GA approval criteria are approved before broad rollout",Makes pilot exit explicit instead of relying on generic release buffers. | Legacy Sprint Bucket: Seq 05,
"QA, UAT, Rollout & Adoption",Operational Resilience,Prove recovery paths before broad rollout,"Run resilience and failover drills across queues, auth, storage, reporting jobs, and alert delivery","Exercise failure and recovery for queue workers, auth services, storage, report jobs, alert engine, and integration recovery paths with documented timings and owners",Resilience Drills,"Show sync status, errors, retries, dead-letter items, and exception queues and Define kill-switch and rollback matrix by module",8,Sprint 22,"Phase 5 - Reporting, Cutover & Launch",P0,"Teams complete resilience drills with evidence for failover timing, recovery ownership, and acceptable degraded-mode behavior",Closes the missing resilience/failover testing called out in technical validation. | Legacy Sprint Bucket: Seq 05,Post-discovery roadmap validation (2026-03-30)
"QA, UAT, Rollout & Adoption",Operational Resilience,Tie production support to explicit thresholds,Define service thresholds and Sev-based operational response,"Set latency, queue-depth, sync-failure, report-job, and alert-delivery thresholds with Sev triggers, response actions, and ownership tiers",Operational SLA Model,"Stand up issue triage, daily review, and resolution ownership for early launch weeks",5,Sprint 22,"Phase 5 - Reporting, Cutover & Launch",P0,"Support and engineering teams have agreed service thresholds, Sev triggers, and response rules before GA widening",Turns generic support readiness into explicit service-threshold governance. | Legacy Sprint Bucket: Seq 05,Post-discovery roadmap validation (2026-03-30)
"QA, UAT, Rollout & Adoption",Release & Stabilization,Seq 05 - Release Buffer,"Complete integrated UAT, defect triage, and release-candidate sign-off","Run integrated UAT, consolidate defects, and approve the release candidate",Testing & Release,Seq 05 features complete,34,Sprint 23,"Phase 5 - Reporting, Cutover & Launch",P0,"Integrated UAT completed, priority defects triaged, and release candidate approved for deployment rehearsal",Split from original 89 SP Seq 05 release buffer to create sprint-sized deployment work. Legacy Sprint Bucket: Seq 05-Buffer,
"QA, UAT, Rollout & Adoption",Release & Stabilization,Seq 05 - Release Buffer,"Execute final migration rehearsal, cutover readiness, smoke validation, and rollback checks","Validate final delta logic, migration runbook, cutover checklist, smoke tests, and rollback readiness.",Testing & Release,"Complete integrated UAT, defect triage, and release-candidate sign-off",34,Sprint 23,"Phase 5 - Reporting, Cutover & Launch",P0,"Final migration rehearsal passes, cutover checklist is signed off, smoke tests are green, and rollback checks are completed.",Final rehearsal covers MIG-023 / MIG-024 and full cutover package. Legacy Sprint Bucket: Seq 05-Buffer,Post-discovery migration alignment (2026-03-31)
"QA, UAT, Rollout & Adoption",Release & Stabilization,Seq 05 - Release Buffer,Run post-launch stabilization window and confirm go-live exit criteria,"Monitor launch health, close critical incidents, and secure exit approval",Testing & Release,"Execute deployment rehearsal, cutover readiness, smoke validation, and rollback checks",21,Sprint 24,"Phase 5 - Reporting, Cutover & Launch",P0,"Launch KPIs stable, critical issues resolved, and go-live exit criteria formally approved",Split from original 89 SP Seq 05 release buffer to separate stabilization from rehearsal and cutover. Legacy Sprint Bucket: Seq 05-Buffer,
"QA, UAT, Rollout & Adoption",Hypercare,Support the first live operating period,"Stand up issue triage, daily review, and resolution ownership for early launch weeks","Define L1/L2/L3 ownership, severity matrix, command-center cadence, escalation paths, and defect review rituals for pilot and launch weeks",Hypercare,Pilot gate and cutover plan,8,Sprint 24,"Phase 5 - Reporting, Cutover & Launch",P0,"Pilot and launch weeks run with named support tiers, severity targets, daily triage, and escalation paths",Must be operational before pilot starts. | Legacy Sprint Bucket: Seq 05-Buffer,
"QA, UAT, Rollout & Adoption",Training & SOPs,Prepare the organization to adopt the platform,"Deliver role-based training, SOPs, and admin runbooks","Train admins, sales, ops, finance, TM/RD, and dealer-support owners before pilot; publish SOPs, support runbooks, and role cheat sheets",Enablement,"UAT feedback, approved workflows, and pilot cohort",8,Sprint 24,"Phase 5 - Reporting, Cutover & Launch",P0,Pilot users and support owners complete role training and receive role-specific SOPs and runbooks before rollout,Pulled earlier so enablement is ready before pilot and GA gates. | Legacy Sprint Bucket: Seq 05-Buffer,
Mobile Field App,Offline Reliability,Keep the app usable without connectivity,Build offline data conflict review on reconnect,When mobile reconnects after offline session: present sync conflicts to user for resolution; no silent overwrites; conflict log retained for 7 days; user resolves before data merges,Conflict Resolution,Mobile offline sync,8,Sprint 24,"Phase 5 - Reporting, Cutover & Launch",P0,Conflicts surfaced on reconnect with clear resolution UI; zero silent overwrites confirmed in UAT,RAID-009: Offline merge behavior is an adoption risk. Field areas have no connectivity. | Legacy Sprint Bucket: M-Seq 04,
Mobile Field App,Offline Reliability,Prioritize offline sync by data importance,Build offline sync queue with priority levels,"5 priority levels: check-in (max 48h offline), activity logs (72h), voice notes (72h), photos (7d), cached data (24h); process highest priority first on reconnect",Offline Sync,Mobile foundation and offline framework,5,Sprint 24,"Phase 5 - Reporting, Cutover & Launch",P0,"On reconnect, check-ins sync before photos; expired items (beyond max age) are flagged for user review; sync order is auditable",Addresses PRD Supplement Part D sync queue priority. | Legacy Sprint Bucket: M-Seq 04,
"QA, UAT, Rollout & Adoption",Release & Stabilization,M-Seq 04 - Release Buffer,"UAT, bug fixes, deployment, stabilization",,Testing & Release,M-Seq 04 features complete,5,Sprint 24,"Phase 5 - Reporting, Cutover & Launch",P0,"All critical bugs fixed, UAT passed, production stable for 5 days",Post-release buffer (~15% of M-Seq 04) | Legacy Sprint Bucket: M-Seq 04-Buffer,
Mobile Field App,Go-Live Readiness,Prepare the mobile app for production deployment,Submit to iOS App Store and Google Play Store,Production build submission; app store review preparation; MDM/EMM enterprise enrollment for TM devices; staged rollout capability,App Distribution,Mobile UAT sign-off,13,Sprint 24,"Phase 5 - Reporting, Cutover & Launch",P0,App approved on both stores; TM device enrollment completed before G4 gate; staged rollout confirmed,App store approval lead time is 1-2 weeks; must be submitted before G4 gate cutover window. | Legacy Sprint Bucket: M-Seq 05,
"QA, UAT, Rollout & Adoption",Release & Stabilization,M-Seq 05 - Release Buffer,"UAT, bug fixes, deployment, stabilization",,Testing & Release,M-Seq 05 features complete,5,Sprint 25,"Phase 5 - Reporting, Cutover & Launch",P0,"All critical bugs fixed, UAT passed, production stable for 5 days",Post-release buffer (~15% of M-Seq 05) | Legacy Sprint Bucket: M-Seq 05-Buffer,
Acumatica Integration & Data Migration,Cutover Reconciliation,Prove the new platform is trustworthy,"Run final migration dry-runs, compare totals, and reconcile sample records before launch",Validate that migrated and synced data is usable,Reconciliation,All migration streams,8,Sprint 25,"Phase 5 - Reporting, Cutover & Launch",P0,Cutover data passes agreed reconciliation checks,MIG-023 / final reconciliation evidence | Legacy Sprint Bucket: Seq 06,Post-discovery migration alignment (2026-03-31)
Acumatica Integration & Data Migration,Migration Operations,Capture data changes between rehearsal and cutover,Build migration delta capture queries per source system,"Define delta queries for Dynamics, HubSpot, Acumatica, and spreadsheets; capture creates/updates/deletes since last migration snapshot; run incremental migration during cutover weekend",Migration,All migration streams and cutover plan,8,Sprint 25,"Phase 5 - Reporting, Cutover & Launch",P0,Delta capture covers all source systems; incremental migration completes within cutover window; checksum comparison validates completeness,MIG-023 | Addresses RAID-030. | Legacy Sprint Bucket: Seq 06,Post-discovery migration alignment (2026-03-31)
Acumatica Integration & Data Migration,Migration Operations,Enable safe migration rollback,Build rollback procedures and scripts per migration wave,Create database snapshots before each migration wave; document rollback SQL scripts; test rollback during rehearsal; validate data integrity after rollback,Migration,All migration streams,5,Sprint 25,"Phase 5 - Reporting, Cutover & Launch",P0,Rollback restores database to pre-migration state within 30 minutes; tested successfully during at least one rehearsal,MIG-024 | Addresses RAID-031. | Legacy Sprint Bucket: Seq 06,Post-discovery migration alignment (2026-03-31)
"QA, UAT, Rollout & Adoption",Cutover Planning,Launch with control,"Plan deployment, freeze windows, communications, and rollback options",Turn the WBS into a managed go-live sequence,Cutover Plan,Reconciliation and readiness tests,8,Sprint 25,"Phase 5 - Reporting, Cutover & Launch",P0,"Launch steps, owners, go-no-go approvals, communications, and rollback actions are approved",Final cutover plan sits after pilot exit and rehearsal evidence. | Legacy Sprint Bucket: Seq 06,
"QA, UAT, Rollout & Adoption",Cutover Governance,Control go-live execution minute by minute,Build cutover command-center runbook with validation checkpoints and rollback triggers,"Define command-center cadence, checkpoint evidence, stop/go criteria, rollback triggers, communications, and ownership for cutover day and early hypercare",Cutover Runbook,"Plan deployment, freeze windows, communications, and rollback options and Define service thresholds and Sev-based operational response",5,Sprint 25,"Phase 5 - Reporting, Cutover & Launch",P0,"Cutover command center operates from a runbook with named checkpoints, trigger thresholds, rollback actions, and owner sign-offs",Makes cutover validation and rollback triggers explicit inside the WBS. | Legacy Sprint Bucket: Seq 06,Post-discovery roadmap validation (2026-03-30)
"QA, UAT, Rollout & Adoption",Release & Stabilization,Seq 06 - Release Buffer,"UAT, bug fixes, deployment, stabilization",,Testing & Release,Seq 06 features complete,21,Sprint 25,"Phase 5 - Reporting, Cutover & Launch",P0,"All critical bugs fixed, UAT passed, production stable for 5 days",Post-release buffer (~15% of Seq 06) | Legacy Sprint Bucket: Seq 06-Buffer,
