Handle,Title,Body (HTML),Vendor,Product Category,Type,Tags,Published,Option1 Name,Option1 Value,Option1 Linked To,Option2 Name,Option2 Value,Option2 Linked To,Option3 Name,Option3 Value,Option3 Linked To,Variant SKU,Variant Grams,Variant Inventory Tracker,Variant Inventory Qty,Variant Inventory Policy,Variant Fulfillment Service,Variant Requires Shipping,Variant Taxable,Unit Price Total Measure,Unit Price Total Measure Unit,Unit Price Base Measure,Unit Price Base Measure Unit,Variant Barcode,Image Src,Image Position,Image Alt Text,Gift Card,SEO Title,SEO Description,Variant Image,Variant Weight Unit,Variant Tax Code,Status
modern-purair-rm-3-uvc-uvc-uvv-dual-germicidal-oxidation-system,Modern PURAIR Sterile Sweep® Remote Mount - RM3 UVC/UVV Triple Germicidal/Oxidation System,"<p>- Remote Mount UVC lamp unit with 12"" and 16"" sizes available<br>- Two year warranty against lamp defects<br>- Lifetime warranty on all electric components<br>- Auto sensing ballast automatically compensates 120-277VAC 50/60Hz<br>- Suitable for up to a 10-ton AHU<br></p>
<p>For more information, see our <span></span><a href=""https://dynamiconlineorders.ca/pages/ultraviolet-frequently-asked-questions"">UV Frequently Asked Questions</a> <span></span>page <span data-mce-fragment=""1"">or view/download the </span><span data-mce-fragment=""1""></span><a href=""https://cdn.shopify.com/s/files/1/0883/2679/9661/files/UV-RM_Spec_Sheet_DYN_802.pdf?v=1722455625"">Spec Sheet</a>.</p>
<ul></ul>",Dynamic AQS,Home & Garden > Household Appliances > Climate Control Appliances > Air Purifiers,Remote Mount UV,MPA,true,Size,"12""",,,,,,,,RM3-12/12/5,0.0,,0,deny,manual,true,true,,,,,,https://cdn.shopify.com/s/files/1/0883/2679/9661/files/RM3-16-16-5.png?v=1722435712,1,,false,,,,lb,,active
modern-purair-rm-3-uvc-uvc-uvv-dual-germicidal-oxidation-system,,,,,,,,,"16""",,,,,,,,RM3-16/16/5,0.0,,0,deny,manual,true,true,,,,,,,,,,,,,lb,,
modern-purair-rm-2-uvc-uvc-germicidal-system-remote-mount,Modern PURAIR Sterile Sweep® Remote Mount - RM2 Dual UVC Germicidal Unit,"<p>- Remote Mount UVC lamp unit with 12"" and 16"" sizes available<br>- Two-year warranty against lamp defects<br>- Lifetime warranty on all electric components<br>- Auto sensing ballast automatically compensates 120-277VAC 50/60Hz<br>- Suitable for up to a 10-ton AHU</p>
<p>For more information, see our <span></span><a href=""https://dynamiconlineorders.ca/pages/ultraviolet-frequently-asked-questions"">UV Frequently Asked Questions</a> <span></span>page <span data-mce-fragment=""1"">or view/download the</span><span data-mce-fragment=""1""></span> <a href=""https://cdn.shopify.com/s/files/1/0883/2679/9661/files/UV-RM_Spec_Sheet_DYN_802.pdf?v=1722455625"">Spec Sheet</a><a aria-describedby=""a11y-external-message"" href=""https://cdn.shopify.com/s/files/1/0294/4116/3400/files/ASV-801_FM_Models_Spec_Sheet_0321.pdf?v=1617747960"" data-mce-fragment=""1"" data-mce-href=""https://cdn.shopify.com/s/files/1/0294/4116/3400/files/ASV-801_FM_Models_Spec_Sheet_0321.pdf?v=1617747960"">.</a></p>
<ul></ul>",Dynamic AQS,Home & Garden > Household Appliances > Climate Control Appliances > Air Purifiers,Remote Mount UV,MPA,true,Size,"12""",,,,,,,,RM2-12/12,0.0,,0,deny,manual,true,true,,,,,,https://cdn.shopify.com/s/files/1/0883/2679/9661/files/RM2-16-16.png?v=1722435584,1,,false,,,,lb,,active
modern-purair-rm-2-uvc-uvc-germicidal-system-remote-mount,,,,,,,,,"16""",,,,,,,,RM2-16/16,0.0,,0,deny,manual,true,true,,,,,,,,,,,,,lb,,
modern-purair-rm-2-dual-uvc-uvv-germicidal-oxidation-system-remote-mount,Modern PURAIR Sterile Sweep® Remote Mount - RM2 Dual UVC/UVV Germicidal,"<p>- Remote Mount UVC lamp unit with 12"" and 16"" sizes available<br>- Two year warranty against lamp defects<br>- Lifetime warranty on all electric components<br>- Auto sensing ballast automatically compensates 120-277VAC 50/60Hz<br>- Suitable for up to a 10-ton AHU<br></p>
<p>For more information, see our <a href=""https://dynamiconlineorders.ca/pages/ultraviolet-frequently-asked-questions""><span>UV </span>Frequently Asked Questions</a> <span></span>page <span data-mce-fragment=""1"">or view/download the </span><span data-mce-fragment=""1""></span><a href=""https://cdn.shopify.com/s/files/1/0883/2679/9661/files/UV-RM_Spec_Sheet_DYN_802.pdf?v=1722455625"">Spec Sheet</a><a aria-describedby=""a11y-external-message"" href=""https://cdn.shopify.com/s/files/1/0294/4116/3400/files/ASV-801_FM_Models_Spec_Sheet_0321.pdf?v=1617747960"" data-mce-fragment=""1"" data-mce-href=""https://cdn.shopify.com/s/files/1/0294/4116/3400/files/ASV-801_FM_Models_Spec_Sheet_0321.pdf?v=1617747960"">.</a></p>
<ul></ul>",Dynamic AQS,Home & Garden > Household Appliances > Climate Control Appliances > Air Purifiers,Remote Mount UV,MPA,true,Size,"12""",,,,,,,,RM2-12/5,0.0,,0,deny,manual,true,true,,,,,,https://cdn.shopify.com/s/files/1/0883/2679/9661/files/RM2-16-5.png?v=1722435639,1,,false,,,,lb,,active
modern-purair-rm-2-dual-uvc-uvv-germicidal-oxidation-system-remote-mount,,,,,,,,,"16""",,,,,,,,RM2-16/5,0.0,,0,deny,manual,true,true,,,,,,,,,,,,,lb,,
modern-purair-rm-1-oxidation-system,"Modern PURAIR Sterile Sweep® RM1-5WB, One 5” UVV Oxidation Lamp Unit","<p><span>120/240 volt remote 5"" UVV oxidation unit with ballast (RM1-5WB).</span></p>
<p>For more information, see our <a href=""https://dynamiconlineorders.ca/pages/ultraviolet-frequently-asked-questions"">Ultraviolet Frequently Asked Questions</a> page.</p>",Dynamic AQS,Uncategorized,Remote Mount UV,MPA,true,Title,Default Title,,,,,,,,RM1-5WB,0.0,,0,deny,manual,true,true,,,,,,https://cdn.shopify.com/s/files/1/0883/2679/9661/files/MPA_RM1-5WB_blue.png?v=1722446343,1,,false,,,,lb,,active
modern-purair-rm-1-germicidal-uv-system-remote-mount,Modern PURAIR Sterile Sweep® Remote Mount - RM1 UVC Germicidal System,"<p data-mce-fragment=""1"">- Remote Mount UVC lamp unit with 12"" and 16"" sizes available<br data-mce-fragment=""1"">- Two-year warranty against lamp defects<br data-mce-fragment=""1"">- Lifetime warranty on all electric components<br data-mce-fragment=""1"">- Auto sensing ballast automatically compensates 120-277VAC 50/60Hz<br data-mce-fragment=""1"">- Suitable for up to a 10-ton AHU<br data-mce-fragment=""1""></p>
<p data-mce-fragment=""1"">For more information, see our <span data-mce-fragment=""1""></span><a href=""https://dynamiconlineorders.ca/pages/ultraviolet-frequently-asked-questions"">UV Frequently Asked Questions</a> <span data-mce-fragment=""1""></span>page or view/download the <span data-mce-fragment=""1""></span><a href=""https://cdn.shopify.com/s/files/1/0883/2679/9661/files/UV-RM_Spec_Sheet_DYN_802.pdf?v=1722455625"">Spec Sheet</a><a href=""https://cdn.shopify.com/s/files/1/0294/4116/3400/files/ASV-801_FM_Models_Spec_Sheet_0321.pdf?v=1617747960"" data-mce-fragment=""1"" data-mce-href=""https://cdn.shopify.com/s/files/1/0294/4116/3400/files/ASV-801_FM_Models_Spec_Sheet_0321.pdf?v=1617747960"">.</a></p>
<p><br></p>",Dynamic AQS,Home & Garden > Household Appliances > Climate Control Appliances > Air Purifiers,Remote Mount UV,MPA,true,Size,"12""",,,,,,,,RM1-12,0.0,,0,deny,manual,true,true,,,,,,https://cdn.shopify.com/s/files/1/0883/2679/9661/files/RM1-16.png?v=1722435526,1,,false,,,,lb,,active
modern-purair-rm-1-germicidal-uv-system-remote-mount,,,,,,,,,"16""",,,,,,,,RM1-16,0.0,,-1,deny,manual,true,true,,,,,,,,,,,,,lb,,
modern-purair-rh2-steam-humidifier-space-unit-package,Modern PURAIR RH2+ Steam Humidifier Space Unit Package,"<p>RH2+ self-generating electrode type steam humidifier for wall-mounting inside the space with integral blower.</p>
<p>110-240VAC</p>
<p>Package includes:</p>
<p>Wall Mounted Space Humidifier, Wall Mounted Humidistat, Outdoor Mount Temperature Sensor </p>
<p>For more information, you can view/download the <a href=""https://cdn.shopify.com/s/files/1/0883/2679/9661/files/RH2_Space_Spec_Sheet_DYN.pdf?v=1722457028"">Spec Sheet</a> and <a href=""https://cdn.shopify.com/s/files/1/0883/2679/9661/files/2601564-A_RH2_Installation_and_Operation_DynamicAir.pdf?v=1722457192"">Install Manual.</a></p>
<p> </p>",Dynamic AQS,Home & Garden > Household Appliances > Climate Control Appliances > Humidifiers,Humidifiers,MPA,true,Title,Default Title,,,,,,,,RH2-SPACE-PKG,0.0,,0,deny,manual,true,false,,,,,,https://cdn.shopify.com/s/files/1/0883/2679/9661/files/SLAHumidSpacePackage900x900_ecf17d22-504f-42c3-88b9-df3dd6ead597.jpg?v=1722425917,1,,false,,,,lb,,active
modern-purair-home-rh2-steam-humidifier-ducted-package,Modern PURAIR Home RH2+ Steam Humidifier Ducted Package,"<p>RH2+ self-generating electrode type steam humidifier for ducted applications.</p>
<p>110-240VAC</p>
<p>Package includes:</p>
<p>Duct Mounted Humidifier, Steam Hose Kit, Steam Distributor, Duct Mounted Humidistat, Outdoor Mount Temperature Sensor</p>
<p>For more information, you can view/download the <a href=""https://cdn.shopify.com/s/files/1/0883/2679/9661/files/RH2_Duct_Spec_Sheet_DYN.pdf?v=1722457019"">Spec Sheet</a> and <a href=""https://cdn.shopify.com/s/files/1/0883/2679/9661/files/2601564-A_RH2_Installation_and_Operation_DynamicAir.pdf?v=1722457192"">Install Manual</a>.</p>
<p> </p>",Dynamic AQS,Home & Garden > Household Appliances > Climate Control Appliances > Humidifiers,Humidifiers,MPA,true,Title,Default Title,,,,,,,,RH2-DUCT-PKG,0.0,,0,deny,manual,true,false,,,,,,https://cdn.shopify.com/s/files/1/0883/2679/9661/files/SLAHumidDuctPackage900x900_bd9dcb01-9e97-46fe-a810-1d1e1eb2a84c.jpg?v=1722425913,1,,false,,,,lb,,active
modern-purair-fm-3-uvc-uvc-uvv-dual-germicidal-oxidation-system,Modern PURAIR Sterile Sweep® Fixed Mount - FM3 UVC/UVV Triple Germicidal/Oxidation System,"<p>- Fixed Mount UVC lamp unit with 12"" and 16"" sizes available<br>- Two year warranty against lamp defects<br>- Lifetime warranty on all electric components<br>- Auto sensing ballast automatically compensates 120-277VAC 50/60Hz<br>- Suitable for up to a 10-ton AHU</p>
<p>For more information, see our <span></span><a href=""https://dynamiconlineorders.ca/pages/ultraviolet-frequently-asked-questions"">UV Frequently Asked Questions</a> <span></span>page or view/download the<span></span> <a href=""https://cdn.shopify.com/s/files/1/0883/2679/9661/files/UV-FM_Spec_Sheet_DYN_801.pdf?v=1722455322"">Spec Sheet</a><a href=""https://cdn.shopify.com/s/files/1/0294/4116/3400/files/ASV-801_FM_Models_Spec_Sheet_0321.pdf?v=1617747960"">.</a></p>",Dynamic AQS,Home & Garden > Household Appliances > Climate Control Appliances > Air Purifiers,Fixed Mount UV,MPA,true,Size,"12""",,,,,,,,FM3-12/12/5,0.0,,0,deny,manual,true,true,,,,,,https://cdn.shopify.com/s/files/1/0883/2679/9661/files/FM3-16-16-5_PURAIR.png?v=1722435289,1,,false,,,,lb,,active
modern-purair-fm-3-uvc-uvc-uvv-dual-germicidal-oxidation-system,,,,,,,,,"16""",,,,,,,,FM3-16/16/5,0.0,,0,deny,manual,true,true,,,,,,,,,,,,,lb,,
modern-purair-fm-2-uvc-uvv-dual-germicidal-oxidation-system,Modern PURAIR Sterile Sweep® Fixed Mount - FM2 UVC/UVV Dual Germicidal/Oxidation  System,"<p>- Fixed Mount UVC lamp unit with 12"" and 16"" sizes available<br>- Two-year warranty against lamp defects<br>- Lifetime warranty on all electric components<br>- Auto sensing ballast automatically compensates 120-277VAC 50/60Hz<br>- Suitable for up to a 10-ton AHU<br></p>
<p>For more information, see our <span></span><a href=""https://dynamiconlineorders.ca/pages/ultraviolet-frequently-asked-questions"">UV Frequently Asked Questions</a> <span></span>page or view/download the <span></span><a href=""https://cdn.shopify.com/s/files/1/0883/2679/9661/files/UV-FM_Spec_Sheet_DYN_801.pdf?v=1722455322"">Spec Sheet</a><a href=""https://cdn.shopify.com/s/files/1/0294/4116/3400/files/ASV-801_FM_Models_Spec_Sheet_0321.pdf?v=1617747960"">.</a></p>
<ul></ul>",Dynamic AQS,Home & Garden > Household Appliances > Climate Control Appliances > Air Purifiers,Fixed Mount UV,MPA,true,Size,"12""",,,,,,,,FM2-12/5,0.0,,-2,deny,manual,true,true,,,,,,https://cdn.shopify.com/s/files/1/0883/2679/9661/files/MPA_FM2-16-5.png?v=1722446274,1,,false,,,,lb,,active
modern-purair-fm-2-uvc-uvv-dual-germicidal-oxidation-system,,,,,,,,,"16""",,,,,,,,FM2-16/5,0.0,,-90,deny,manual,true,true,,,,,,,,,,,,,lb,,
modern-purair-fm-1-oxidation-system,"Modern PURAIR Sterile Sweep® FM1-5, One 5” UVV Oxidation Unit","<p>120/240 volt fixed mount 5"" oxidation unit (FM1-5)</p>
<p>For more information, see our <a href=""https://dynamiconlineorders.ca/pages/ultraviolet-frequently-asked-questions"">Ultraviolet Frequently Asked Questions</a> page.</p>",Dynamic AQS,Uncategorized,Fixed Mount UV,MPA,true,Title,Default Title,,,,,,,,FM1-5,0.0,,-1,deny,manual,true,true,,,,,,https://cdn.shopify.com/s/files/1/0883/2679/9661/files/FM1-5_Modern_PURAIR.png?v=1722435204,1,,false,,,,lb,,active
modern-purair-fm-1-germicidal-uv-system,Modern PURAIR Sterile Sweep® Fixed Mount - FM1 Germicidal UVC System,"<p>- Fixed Mount UVC lamp unit with 12"" and 16"" sizes available<br>- Two-year warranty against lamp defects<br>- Lifetime warranty on all electric components<br>- Auto sensing ballast automatically compensates 120-277VAC 50/60Hz<br>- Suitable for up to a 10-ton AHU<br></p>
<p>For more information, see our <span></span><a href=""https://dynamiconlineorders.ca/pages/ultraviolet-frequently-asked-questions"">UV Frequently Asked Questions</a> <span></span>page or view/download the <span></span><a href=""https://cdn.shopify.com/s/files/1/0883/2679/9661/files/UV-FM_Spec_Sheet_DYN_801.pdf?v=1722455322"">Spec Sheet</a><a href=""https://cdn.shopify.com/s/files/1/0294/4116/3400/files/ASV-801_FM_Models_Spec_Sheet_0321.pdf?v=1617747960"">.</a></p>",Dynamic AQS,Home & Garden > Household Appliances > Climate Control Appliances > Air Purifiers,Fixed Mount UV,MPA,true,Size,"12""",,,,,,,,FM1-12,0.0,,0,deny,manual,true,true,,,,,,https://cdn.shopify.com/s/files/1/0883/2679/9661/files/FM1-16_Modern_PURAIR_Blue.png?v=1722434344,1,,false,,,,lb,,active
modern-purair-fm-1-germicidal-uv-system,,,,,,,,,"16""",,,,,,,,FM1-16,0.0,,-1,deny,manual,true,true,,,,,,,,,,,,,lb,,
modern-purair-300cfm-bypass-hepa-system,Modern PURAIR 300 CFM Bypass HEPA System,"<p>300 CFM Bypass HEPA System with 1.5-inch pre-filter and 2-inch HEPA.</p>
<p>HP-300</p>
<p>Options ordered separately</p>
<ul>
<li><a href=""/collections/hepa/products/hepa-collar-mount-kit"">8"" Collars for remote mount</a></li>
<li><a href=""https://dynamiconlineorders.ca/collections/bypass-hepa/products/activated-carbon-edge-panel"">Activated Carbon Insert</a></li>
</ul>
<p><span>Notes</span></p>
<ul>
<li>For more information, v<span data-mce-fragment=""1"">iew/download the </span><a href=""https://cdn.shopify.com/s/files/1/0883/2679/9661/files/HEPA_Spec_Sheet_DYN_472.pdf?v=1722452466"">Spec Sheet</a><a data-mce-fragment=""1"" href=""https://cdn.shopify.com/s/files/1/0294/4116/3400/files/ASV-801_FM_Models_Spec_Sheet_0321.pdf?v=1617747960"" aria-describedby=""a11y-external-message"" data-mce-href=""https://cdn.shopify.com/s/files/1/0294/4116/3400/files/ASV-801_FM_Models_Spec_Sheet_0321.pdf?v=1617747960"">.</a>
</li>
</ul>",Dynamic AQS,Uncategorized,HEPA,MPA,true,Title,Default Title,,,,,,,,HP-300,0.0,,-3,deny,manual,true,true,,,,,,https://cdn.shopify.com/s/files/1/0883/2679/9661/files/HEPA-ModernPurAir.png?v=1722435396,1,,false,,,,lb,,active
z-bracket-with-magnet-for-remote-uvc-lamp,"UV-500483-MG, Z Bracket with Magnet for the Remote Mount UVC Lamps",<p>Z Bracket with Magnet for Remote UVC Lamp</p>,Dynamic AQS,Uncategorized,UV Accessories,"ASV, CAD, ECO, MPA, NEX, SLA, SNA",true,Title,Default Title,,,,,,,,UV-500483-MG,0.0,,0,deny,manual,true,true,,,,,,https://cdn.shopify.com/s/files/1/0883/2679/9661/files/Zbracket.png?v=1722367648,1,,false,,,,lb,,active
uvv-rm1-remote-oxidation-lamp,"Sterile Sweep® Remote Mount - RM1-5"" UVV Oxidation lamp unit (Without Ballast)","<p>- Remote Mount UVV 5"" oxidation unit (needs ballast)<br>- Two year warranty against lamp defects<br>- Lifetime warranty on all electric components<br>- Auto sensing ballast automatically compensates 120-277VAC 50/60Hz<br>- Suitable for up to a 10 ton AHU<br></p>
<p><br></p>
<ul></ul>",Dynamic AQS,,Remote Mount UV,"ASV, CAD, ECO, MPA, NEX, SLA, SNA",true,Title,Default Title,,,,,,,,RM1-5,0.0,,0,deny,manual,true,true,,,,,,https://cdn.shopify.com/s/files/1/0883/2679/9661/files/RM1-5withoutballast.jpg?v=1722367645,1,,false,,,,lb,,active
uvv-oxidation-replacement-lamp,UVV5CL UVV Oxidation Replacement Lamp,"<p>UVV5CL, one 5 UVV Oxidation replacement lamp for RM1-5, FM1-5, or FM1-5WB.</p>",Dynamic AQS,Uncategorized,UV Accessories,"ASV, CAD, ECO, MPA, NEX, SLA, SNA",true,Title,Default Title,,,,,,,,UVV5CL,0.0,,-3,deny,manual,true,true,,,,,,https://cdn.shopify.com/s/files/1/0883/2679/9661/files/LSK-503-5.png?v=1722367642,1,,false,,,,lb,,active
uvc-germicidal-replacement-lamp,UVC Germicidal Replacement Lamp,"<p>LSK-36-16 (16) or LSK-24-12 (12) UVC Germicidal Replacement Lamp (Comes in 16 or 12) Replacement for FM1-16, FM1-12, RM1-16, RM1-12, RL-16 (note: RM2-16/16 will need two of these replacement lamps).</p>",Dynamic AQS,,UV Accessories,"ASV, CAD, ECO, MPA, NEX, SLA, SNA",true,Size,"16""",,,,,,,,LSK-36-16,0.0,,-33,deny,manual,true,true,,,,,,https://cdn.shopify.com/s/files/1/0883/2679/9661/files/ReplacementLampUVC.png?v=1722367639,1,,false,,,,lb,,active
uvc-germicidal-remote-lamp,RL-16 (16” UVC lamp) or RL-12 (12” UVC lamp) (Needs Ballast),"<p>UVC Germicidal Remote lamp (RL-12, RL-16)<br></p>",Dynamic AQS,,Remote Mount UV,"ASV, CAD, ECO, MPA, NEX, SLA, SNA",true,Size,"12""",,,,,,,,RL-12,0.0,,0,deny,manual,true,true,,,,,,https://cdn.shopify.com/s/files/1/0883/2679/9661/files/RL-16.jpg?v=1722367637,1,,false,,,,lb,,active
uvc-germicidal-remote-lamp,,,,,,,,,"16""",,,,,,,,RL-16,0.0,,0,deny,manual,true,true,,,,,,,,,,,,,lb,,
uv-wire-pack,Extra Wire Pack and Instructions,<p>Wire pack and instructions.</p>,Dynamic AQS,,1 Inch Air Cleaners,"ASV, CAD, ECO, MPA, NEX, SLA, SNA",true,Title,Default Title,,,,,,,,WP,0.0,,-18,deny,manual,true,true,,,,,,https://cdn.shopify.com/s/files/1/0883/2679/9661/files/WirePack.png?v=1722367635,1,,false,,,,lb,,active
uv-replacement-uvc-and-uvv-bulbs,Replacement Lamp Kit for FM2 and RM2 UVC/UVV Sterile Sweep Systems,"<p>LSK-25403-16 (16"" &amp; 5"") or LSK-25403-12 (12"" &amp; 5"") UVC/UVV combo Replacement Lamps</p>
<p>Comes in 16 or 12 UVC lamp plus one 5 UVV lamp.</p>
<p>Replacement for FM2-16/5, FM2-12/5, RM2-16/5, RM2-12/5.</p>
<p>For replacement lamps for the <strong>RM3-16/16/5</strong> click <a href=""https://dynamiconlineorders.ca/collections/uv-replacement-lamps-and-accessories/products/lsk-25403-16-2-or-lsk-25403-12-2-uvv-uvc-combo-replacement-lamps"">here</a>.</p>
<p> </p>",Dynamic AQS,Uncategorized,UV Accessories,"ASV, CAD, ECO, MPA, NEX, SLA, SNA",true,Title,"12""",,,,,,,,LSK-25403-12,0.0,,-43,deny,manual,true,true,,,,,,https://cdn.shopify.com/s/files/1/0883/2679/9661/files/LSK-25403.png?v=1722367632,1,,false,,,,lb,,active
uv-replacement-uvc-and-uvv-bulbs,,,,,,,,,"16""",,,,,,,,LSK-25403-16,0.0,,-30,deny,manual,true,true,,,,,,,,,,,,,lb,,
uv-replacement-lamp-for-economy-remote,LSK-24V-14 UVC Replacement Lamp for Economy Remote,"<p>LSK-24V-14, one 14 UVC Germicidal lamp replacement for the RM1-2414 Economy Remote (Formally <span>ERUV14-24V)</span> unit only.</p>
<p>Not for RM or FM units.<br></p>",Dynamic AQS,Uncategorized,UV Accessories,"ASV, CAD, ECO, MPA, NEX, SLA, SNA",true,Title,Default Title,,,,,,,,LSK-24V-14,0.0,,0,deny,manual,true,true,,,,,,https://cdn.shopify.com/s/files/1/0883/2679/9661/files/ReplacementLamp24v_5c22fd7a-971f-4777-a1c5-d5142f46892a.png?v=1722367629,1,,false,,,,lb,,active
uv-reflector-plate-for-uvc-lamps,UV-500484 (for 16” lamp) or UV-500489 (for 12” lamp) Lamp Reflectors,<p>Reflector Plate for UVC lamps</p>,Dynamic AQS,Uncategorized,UV Accessories,"ASV, CAD, ECO, MPA, NEX, SLA, SNA",true,Size,"12""",,,,,,,,UV-500489-12,0.0,,0,deny,manual,true,true,,,,,,https://cdn.shopify.com/s/files/1/0883/2679/9661/files/UVCreflector_4c2eac0e-ec0a-4e7b-b74c-ab94ad10a6a4.png?v=1722367626,1,,false,,,,lb,,active
uv-reflector-plate-for-uvc-lamps,,,,,,,,,"16""",,,,,,,,UV-500484-16,0.0,,0,deny,manual,true,true,,,,,,,,,,,,,lb,,
uv-offset-duct-board-adapter-plate,UV-500423-OS or UV-500423FM-OS / UV-500B423FM-OS Offset Duct Board Adaptor Plate,"<p>Offset Duct Board Adapter Plates. There are three options:</p>
<ol>
<li>Fixed mount (Grey - FM) - for the old grey FM unit with a germicidal bulb and a UVV bulb (UV-500423FM-OS)</li>
<li>Fixed Mount (Blue - FM) - for the new blue FM unit with a germicidal bulb and a UVV bulb (UV-500B423FM-OS)<br>
</li>
<li>Remote Mount - for the RM unit with an oxidizing UVV unit (UV-500423-OS)<br>
</li>
</ol>",Dynamic AQS,Uncategorized,UV Accessories,"ASV, CAD, ECO, MPA, NEX, SLA, SNA",true,Size,UV-500423FM-OS,,,,,,,,UV-500423FM-OS,0.0,,0,deny,manual,true,true,,,,,,https://cdn.shopify.com/s/files/1/0883/2679/9661/files/OffsetRM_08361a44-4c9b-4d7b-9213-d5f691637cab.png?v=1722367624,1,,false,,,,lb,,active
uv-offset-duct-board-adapter-plate,,,,,,,,,UV-500423-OS,,,,,,,,UV-500423-OS,0.0,,0,deny,manual,true,true,,,,,,https://cdn.shopify.com/s/files/1/0883/2679/9661/files/OffsetFM.png?v=1722367624,2,,,,,,lb,,
uv-offset-duct-board-adapter-plate,,,,,,,,,UV-500B423FM-OS,,,,,,,,UV-500B423FM-OS,0.0,,0,deny,manual,true,true,,,,,,https://cdn.shopify.com/s/files/1/0883/2679/9661/files/500B423FM-OS.jpg?v=1722367624,3,,,,,,lb,,
uv-magnetic-reflector-plate-for-uvc-lamps,UV-500484-MG-16 (for 16” lamp) or UV-500489-MG-12 (for 12” lamp) Magnet Lamp Reflector for UVC Lamps,"<p class=""MsoNormal"" style=""mso-margin-top-alt: auto; margin-bottom: 3.0pt; background: white;""><span style=""font-size: 11.5pt; font-family: 'Helvetica',sans-serif; color: #333232; background: white;"">Magnetic Reflector Plate for reflecting UV towards or away from objects in a metal duct </span><span style=""font-size: 11.5pt; font-family: 'Helvetica',sans-serif;""></span></p>",Dynamic AQS,Uncategorized,UV Accessories,"ASV, CAD, ECO, MPA, NEX, SLA, SNA",true,Size,"12""",,,,,,,,UV-500489-12-MG,0.0,,0,deny,manual,true,true,,,,,,https://cdn.shopify.com/s/files/1/0883/2679/9661/files/MagReflector_2a450ebb-588c-4379-b479-9332de962d2d.png?v=1722367617,1,,false,,,,lb,,active
uv-magnetic-reflector-plate-for-uvc-lamps,,,,,,,,,"16""",,,,,,,,UV-500484-16-MG,0.0,,0,deny,manual,true,true,,,,,,,,,,,,,lb,,
uv-l-bracket-with-magnet-for-remote-uvc-lamp,"UV-500423-2 L, L Bracket with Magnet for the RM1-5 Remote Oxidizer","<p>Magnetic L-Bracket, For Use With RM1-5 Remote-Mount oxidizer inside an AHU</p>",Dynamic AQS,Uncategorized,UV Accessories,"ASV, CAD, ECO, MPA, NEX, SLA, SNA",true,Title,Default Title,,,,,,,,UV-500423-2L,0.0,,0,deny,manual,true,true,,,,,,https://cdn.shopify.com/s/files/1/0883/2679/9661/files/500423-2L.jpg?v=1722367615,1,,false,,,,lb,,active
uv-inline-fuse,R3-64 Inline 5A Fuse,"<p>Connection wire with inline 5 amp fuse (FL)</p>
<p>For use in some markets to meet code</p>",Dynamic AQS,Uncategorized,UV Accessories,"ASV, CAD, ECO, MPA, NEX, SLA, SNA",true,Title,Default Title,,,,,,,,UV-FUSE R3-64,0.0,,-2,deny,manual,true,true,,,,,,https://cdn.shopify.com/s/files/1/0883/2679/9661/files/cordwithfuse.png?v=1722367613,1,,false,,,,lb,,active
uv-economy-remote-24v-14-55-microwatt-lamp,"Economy Remote Germicidal UVC 14"" Lamp - 24 volt - 55 Microwatts","<p>-14"" coil irradiation UVC unit (formerly ERUV14-24V).<br>-Ballast operates with 24 volts<br>-Recommended cleaning every 12 months<br>-Recommended replacing every 24 months</p>",Dynamic AQS,Uncategorized,Remote Mount UV,"ASV, CAD, ECO, MPA, NEX, SLA, SNA",true,Title,Default Title,,,,,,,,RM1-2414-T,0.0,,-1,deny,manual,true,true,,,,,,https://cdn.shopify.com/s/files/1/0883/2679/9661/files/ERUV_130e2da7-5b70-4f1b-b23c-2768645ad896.png?v=1722367610,1,,false,,,,lb,,active
uv-current-sensing-relay,UV-FCS003 Current Sensing Relay,"<p>Current sensing relay.</p>
<p>Turns the UV unit on and off with the system’s fan</p>",Dynamic AQS,Uncategorized,UV Accessories,"ASV, CAD, ECO, MPA, NEX, SLA, SNA",true,Title,Default Title,,,,,,,,UV-FCS003,0.0,,-21,deny,manual,true,true,,,,,,https://cdn.shopify.com/s/files/1/0883/2679/9661/files/CurrentSensingRelay.png?v=1722367608,1,,false,,,,lb,,active
temperature-sensor-outdoor-mount,Temperature Sensor Outdoor Mount,"<p>RH2+ optional <strong>outdoor-mounted</strong> temperature sensor reads outdoor temperature and resets humidity control setpoint to prevent condensation on windows. <br></p>
<p> </p>",Dynamic AQS,Home & Garden > Household Appliances > Climate Control Appliances > Humidifiers,Humidifiers,"ASV, CAD, ECO, MPA, NEX, SLA, SNA",true,Title,Default Title,,,,,,,,RH2-TSOM,0.0,,0,deny,manual,true,true,,,,,,https://cdn.shopify.com/s/files/1/0883/2679/9661/files/OutdoorSensor900x900_38fb615e-c4ee-481b-8c3c-45597bbd50cc.jpg?v=1722367606,1,,false,,,,lb,,active
temperature-sensor-duct-mount,Temperature Sensor Duct Mount,"<p>RH2+ optional <strong>duct-mounted</strong> temperature sensor reads outdoor temperature and resets humidity control setpoint to prevent condensation on windows. <br></p>
<p> </p>",Dynamic AQS,Home & Garden > Household Appliances > Climate Control Appliances > Humidifiers,Humidifiers,"ASV, CAD, ECO, MPA, NEX, SLA, SNA",true,Title,Default Title,,,,,,,,RH2-TSDM,0.0,,0,deny,manual,true,true,,,,,,https://cdn.shopify.com/s/files/1/0883/2679/9661/files/OutdoorSensor900x900.jpg?v=1722367603,1,,false,,,,lb,,active
solaceair-home-show-kit,Solace Air Home Show Kit,"<p><strong>This kit comes with:</strong></p>
<p>1 -UV Demo Display (Part#LPC36NONUV)</p>
<p>1 -Polarized-Media Air Cleaner Demo Unit (Part# 1LPD1410WITHCASE)</p>
<p>1 - Video Book (Part#VB2020)</p>
<p>20 - Clean Air Provided By Stickers (Part# SLA-607)</p>
<p>2 - Consumer Handbooks (Part#<span data-mce-fragment=""1"">SLA</span>-233)</p>
<p>1  Solace Air Training Poster (Part# <span data-mce-fragment=""1"">SLA</span>-609)</p>
<p>100  Fixed Mount or Remote Mount Total Home Solutions brochures (Part# <span data-mce-fragment=""1"">SLA</span>-252FM or <span data-mce-fragment=""1"">SLA</span>-252RM)</p>
<p><span>Limit - 1 per order</span></p>",Dynamic AQS,,Marketing and Training,SLA,true,UV Brochure,Fixed Mount UV,,,,,,,,B-SLAFMHOMESHOWKIT,0.0,,0,deny,manual,true,true,,,,,,https://cdn.shopify.com/s/files/1/0883/2679/9661/files/SLAHomeShowKit.jpg?v=1722367600,1,,false,,,,lb,,active
solaceair-home-show-kit,,,,,,,,,Remote Mount UV,,,,,,,,B-SLARMHOMESHOWKIT,0.0,,0,deny,manual,true,true,,,,,,https://cdn.shopify.com/s/files/1/0883/2679/9661/files/SLAHomeShowKitDescriptions.jpg?v=1722367600,2,,,,,,lb,,
solace-air-total-home-solutions-remote-mount-brochure,Solace Air Total Home Solutions Remote Mount Brochure,"<p>Solace Air Total Home Solutions Remote Mount Brochure.</p>
<p><span>Order in quantities of 50 up to 200.</span></p>
<p>Click to download a pdf version in <a href=""https://cdn.shopify.com/s/files/1/0294/4116/3400/files/THSSLARMBRO-252-SPANISH.jpg?v=17190024022_SLA_RM_10-20_LR2.pdf?v=1617198411"" title=""Download"">English</a><a title=""Download"" href=""https://cdn.shopify.com/s/files/1/0294/4116/3400/files/THS_252_SLA_RM_10-20_LR2.pdf?v=1617198411""></a> or <a href=""https://cdn.shopify.com/s/files/1/0294/4116/3400/files/THSSLAFMBRO-252-SPANISH.jpg?v=1719002378SLA_RMSP_10-20_LR.pdf?v=1617198411"">Spanish</a></p>
<p> </p>",Dynamic AQS,Uncategorized,Marketing and Training,SLA,true,Language,English,,,,,,,,B-SLA252RM,0.0,,0,deny,manual,true,true,,,,,,https://cdn.shopify.com/s/files/1/0883/2679/9661/files/THSSLARMBRO-252.jpg?v=1722367596,1,,false,,,,lb,,active
solace-air-total-home-solutions-remote-mount-brochure,,,,,,,,,,,,,,,,,,,,,,,,,,,,,,https://cdn.shopify.com/s/files/1/0883/2679/9661/files/THSSLARMBRO-252-SPANISH.jpg?v=1722367596,2,,,,,,,,
solace-air-total-home-solutions-fixed-mount-brochure,Solace Air Total Home Solutions Fixed Mount Brochure,"<p>Solace Air Total Home Solutions Fixed Mount Brochure.</p>
<p><span>Order in quantities of 50 up to 200.</span></p>
<p>Click to download a pdf version in <a href=""https://cdn.shopify.com/s/files/1/0294/4116/3400/files/THS_SLA_FM_BRO-252_e8f556a9-ec5a-429a-bb63-2d8187ba3284.jpg?v=1719002716SLA_FM_10-20_LR2.pdf?v=1617195288"" title=""Download"">English</a> or <a href=""https://cdn.shopify.com/s/files/1/0294/4116/3400/files/THSSLAFMBRO-252-SPANISH.jpg?v=1719002378_SLA_FMSP_10-20_LR.pdf?v=1617195288"">Spanish</a><a href=""https://cdn.shopify.com/s/files/1/0294/4116/3400/files/THS_252_SLA_FMSP_10-20_LR.pdf?v=1617195288""></a></p>
<p> </p>",Dynamic AQS,Uncategorized,Marketing and Training,SLA,true,Language,English,,,,,,,,B-SLA252FM,0.0,,-200,deny,manual,true,true,,,,,,https://cdn.shopify.com/s/files/1/0883/2679/9661/files/THSSLAFMBRO-252-SP.jpg?v=1722367593,1,,false,,,,lb,,active
solace-air-total-home-solutions-fixed-mount-brochure,,,,,,,,,,,,,,,,,,,,,,,,,,,,,,https://cdn.shopify.com/s/files/1/0883/2679/9661/files/THSSLAFMBRO-252-SPANISH.jpg?v=1722367593,2,,,,,,,,
solace-air-rm-3-uvc-uvc-uvv-dual-germicidal-oxidation-system,Solace Air Sterile Sweep® Remote Mount - RM3 UVC/UVV Triple Germicidal/Oxidation System,"<p>- Remote Mount UVC lamp unit with 12"" and 16"" sizes available<br>- Two year warranty against lamp defects<br>- Lifetime warranty on all electric components<br>- Auto sensing ballast automatically compensates 120-277VAC 50/60Hz<br>- Suitable for up to a 10 ton AHU<br></p>
<p>For more information, see our<span></span> <a href=""https://cdn.shopify.com/s/files/1/0294/4116/3400/files/SLA_UVC_UVV_Frequently_Asked_Questions_Sheet.pdf?v=1617817352"">UV Frequently Asked Questions </a><span></span>page <span data-mce-fragment=""1"">or view/download the</span><span data-mce-fragment=""1""></span><a data-mce-fragment=""1"" aria-describedby=""a11y-external-message"" href=""https://cdn.shopify.com/s/files/1/0294/4116/3400/files/ARS-802_RM_Models_Spec_Sheet_0321.pdf?v=1617810279"" data-mce-href=""https://cdn.shopify.com/s/files/1/0294/4116/3400/files/ARS-802_RM_Models_Spec_Sheet_0321.pdf?v=1617810279""> Spec Sheet</a>.</p>
<ul></ul>",Dynamic AQS,Uncategorized,Remote Mount UV,SLA,true,Size,"16""",,,,,,,,RM3-16/16/5,0.0,,0,deny,manual,true,true,,,,,,https://cdn.shopify.com/s/files/1/0883/2679/9661/files/SLARM3-16-16-5.jpg?v=1722367589,1,,false,,,,lb,,active
solace-air-rm-3-uvc-uvc-uvv-dual-germicidal-oxidation-system,,,,,,,,,"12""",,,,,,,,RM3-12/12/5,0.0,,0,deny,manual,false,true,,,,,,,,,,,,,lb,,
solace-air-rm-2-uvc-uvc-germicidal-system-remote-mount,Solace Air Sterile Sweep® Remote Mount - RM2 Dual UVC Germicidal Unit,"<p>- Remote Mount UVC lamp unit with 12"" and 16"" sizes available<br>- Two year warranty against lamp defects<br>- Lifetime warranty on all electric components<br>- Auto sensing ballast automatically compensates 120-277VAC 50/60Hz<br>- Suitable for up to a 10 ton AHU</p>
<p>For more information, see our<span></span> <a href=""https://cdn.shopify.com/s/files/1/0294/4116/3400/files/SLA_UVC_UVV_Frequently_Asked_Questions_Sheet.pdf?v=1617817352"">UV Frequently Asked Questions</a> <span></span>page <span data-mce-fragment=""1"">or view/download the</span><span data-mce-fragment=""1""></span><a data-mce-fragment=""1"" href=""https://cdn.shopify.com/s/files/1/0294/4116/3400/files/ARS-802_RM_Models_Spec_Sheet_0321.pdf?v=1617810279"" aria-describedby=""a11y-external-message"" data-mce-href=""https://cdn.shopify.com/s/files/1/0294/4116/3400/files/ARS-802_RM_Models_Spec_Sheet_0321.pdf?v=1617810279""> Spec Sheet</a><a data-mce-fragment=""1"" href=""https://cdn.shopify.com/s/files/1/0294/4116/3400/files/ASV-801_FM_Models_Spec_Sheet_0321.pdf?v=1617747960"" aria-describedby=""a11y-external-message"" data-mce-href=""https://cdn.shopify.com/s/files/1/0294/4116/3400/files/ASV-801_FM_Models_Spec_Sheet_0321.pdf?v=1617747960"">.</a></p>
<ul></ul>",Dynamic AQS,Uncategorized,Remote Mount UV,SLA,true,Size,"12""",,,,,,,,RM2-12/12,0.0,,0,deny,manual,true,true,,,,,,https://cdn.shopify.com/s/files/1/0883/2679/9661/files/SLARM2-16-16.jpg?v=1722367586,1,,false,,,,lb,,active
solace-air-rm-2-uvc-uvc-germicidal-system-remote-mount,,,,,,,,,"16""",,,,,,,,RM2-16/16,0.0,,0,deny,manual,true,true,,,,,,,,,,,,,lb,,
solace-air-rm-2-dual-uvc-uvv-germicidal-oxidation-system-remote-mount,Solace Air Sterile Sweep® Remote Mount - RM2 Dual UVC/UVV Germicidal,"<p>- Remote Mount UVC lamp unit with 12"" and 16"" sizes available<br>- Two year warranty against lamp defects<br>- Lifetime warranty on all electric components<br>- Auto sensing ballast automatically compensates 120-277VAC 50/60Hz<br>- Suitable for up to a 10 ton AHU<br></p>
<p>For more information, see our<span><a href=""https://cdn.shopify.com/s/files/1/0294/4116/3400/files/ASV_UVC_UVV_Frequently_Asked_Questions_Sheet.pdf?v=1617748399""> UV</a></span><a href=""https://cdn.shopify.com/s/files/1/0294/4116/3400/files/SLA_UVC_UVV_Frequently_Asked_Questions_Sheet.pdf?v=1617817352""> Frequently Asked Questions </a><span></span>page <span data-mce-fragment=""1"">or view/download the </span><a data-mce-fragment=""1"" href=""https://cdn.shopify.com/s/files/1/0294/4116/3400/files/ARS-802_RM_Models_Spec_Sheet_0321.pdf?v=1617810279"" aria-describedby=""a11y-external-message"" data-mce-href=""https://cdn.shopify.com/s/files/1/0294/4116/3400/files/ARS-802_RM_Models_Spec_Sheet_0321.pdf?v=1617810279"">Spec Sheet</a><a data-mce-fragment=""1"" href=""https://cdn.shopify.com/s/files/1/0294/4116/3400/files/ASV-801_FM_Models_Spec_Sheet_0321.pdf?v=1617747960"" aria-describedby=""a11y-external-message"" data-mce-href=""https://cdn.shopify.com/s/files/1/0294/4116/3400/files/ASV-801_FM_Models_Spec_Sheet_0321.pdf?v=1617747960"">.</a></p>
<ul></ul>",Dynamic AQS,Uncategorized,Remote Mount UV,SLA,true,Size,"12""",,,,,,,,RM2-12/5,0.0,,-1,deny,manual,true,true,,,,,,https://cdn.shopify.com/s/files/1/0883/2679/9661/files/SLARM2-16-5.jpg?v=1722367584,1,,false,,,,lb,,active
solace-air-rm-2-dual-uvc-uvv-germicidal-oxidation-system-remote-mount,,,,,,,,,"16""",,,,,,,,RM2-16/5,0.0,,0,deny,manual,true,true,,,,,,,,,,,,,lb,,
solace-air-rm-1-oxidation-system,"Solace Air Sterile Sweep® RM1-5WB, One 5” UVV Oxidation Lamp Unit","<p><span>120/240 volt remote 5"" UVV oxidation unit with ballast (RM1-5WB).</span></p>
<p>For more information, see our <a href=""/pages/ultraviolet-frequently-asked-questions"">Ultraviolet Frequently Asked Questions</a> page.</p>",Dynamic AQS,Uncategorized,Remote Mount UV,SLA,true,Title,Default Title,,,,,,,,RM1-5WB,0.0,,0,deny,manual,true,true,,,,,,https://cdn.shopify.com/s/files/1/0883/2679/9661/files/SLARM1-5WB.jpg?v=1722367582,1,,false,,,,lb,,active
solace-air-rm-1-germicidal-uv-system-remote-mount,Solace Air Sterile Sweep® Remote Mount - RM1 UVC Germicidal System,"<p data-mce-fragment=""1"">- Remote Mount UVC lamp unit with 12"" and 16"" sizes available<br data-mce-fragment=""1"">- Two year warranty against lamp defects<br data-mce-fragment=""1"">- Lifetime warranty on all electric components<br data-mce-fragment=""1"">- Auto sensing ballast automatically compensates 120-277VAC 50/60Hz<br data-mce-fragment=""1"">- Suitable for up to a 10 ton AHU<br data-mce-fragment=""1""></p>
<p>For more information, see our<span data-mce-fragment=""1""></span> <a href=""https://cdn.shopify.com/s/files/1/0294/4116/3400/files/ASV_UVC_UVV_Frequently_Asked_Questions_Sheet.pdf?v=1617748399"" data-mce-fragment=""1"" data-mce-href=""https://cdn.shopify.com/s/files/1/0294/4116/3400/files/ASV_UVC_UVV_Frequently_Asked_Questions_Sheet.pdf?v=1617748399"">UV Frequently Asked Questions</a> <span data-mce-fragment=""1""></span>page or view/download the <span data-mce-fragment=""1""></span><a href=""https://cdn.shopify.com/s/files/1/0294/4116/3400/files/ASV-802_RM_Models_Spec_Sheet_0321.pdf?v=1617747959"" data-mce-fragment=""1"" data-mce-href=""https://cdn.shopify.com/s/files/1/0294/4116/3400/files/ASV-802_RM_Models_Spec_Sheet_0321.pdf?v=1617747959"">Spec Sheet</a><a href=""https://cdn.shopify.com/s/files/1/0294/4116/3400/files/ASV-801_FM_Models_Spec_Sheet_0321.pdf?v=1617747960"" data-mce-fragment=""1"" data-mce-href=""https://cdn.shopify.com/s/files/1/0294/4116/3400/files/ASV-801_FM_Models_Spec_Sheet_0321.pdf?v=1617747960"">.</a></p>
<p><br></p>",Dynamic AQS,Uncategorized,Remote Mount UV,SLA,true,Size,"12""",,,,,,,,RM1-12,0.0,,0,deny,manual,true,true,,,,,,https://cdn.shopify.com/s/files/1/0883/2679/9661/files/SLARM1-16.jpg?v=1722367579,1,,false,,,,lb,,active
solace-air-rm-1-germicidal-uv-system-remote-mount,,,,,,,,,"16""",,,,,,,,RM1-16,0.0,,0,deny,manual,true,true,,,,,,,,,,,,,lb,,
solace-air-rh2-steam-humidifier-space-unit-package,Solace Air RH2+ Steam Humidifier Space Unit Package,"<p>RH2+ self-generating electrode type steam humidifier for wall-mounting inside the space with integral blower.</p>
<p>110-240VAC</p>
<p>Package includes:</p>
<p>Wall Mounted Space Humidifier, Wall Mounted Humidistat, Outdoor Mount Temperature Sensor </p>
<p>For more information, you can view/download the <a href=""https://cdn.shopify.com/s/files/1/0294/4116/3400/files/ASV-921_RH2_Space_Steam_Humidifier_Spec_Sheet.pdf?v=1638212893"">Spec Sheet</a> and <a href=""https://cdn.shopify.com/s/files/1/0294/4116/3400/files/2601564-A_RH2_Installation_and_Operation_DynamicAir.pdf?v=1638212981"">Install Manual</a>.</p>
<p> </p>",Dynamic AQS,Home & Garden > Household Appliances > Climate Control Appliances > Humidifiers,Humidifiers,SLA,true,Title,Default Title,,,,,,,,RH2-SPACE-PKG,0.0,,0,deny,manual,true,false,,,,,,https://cdn.shopify.com/s/files/1/0883/2679/9661/files/SLAHumidSpacePackage900x900.jpg?v=1722367577,1,,false,,,,lb,,active
solace-air-poster,Solace Air Poster,"<p>Poster measures 24"" x 18"" <br></p>",Dynamic AQS,Uncategorized,Marketing and Training,SLA,false,Title,Default Title,,,,,,,,B-SLA609,0.0,,0,deny,manual,true,true,,,,,,https://cdn.shopify.com/s/files/1/0883/2679/9661/files/609trainingposterSLA6-21HR900x900.jpg?v=1722367573,1,,false,,,,lb,,active
solace-air-mktg-consumer-handbook,Solace Air Consumer Handbook,"<p>Consumer Handbook</p>
<p>Click <a href=""https://cdn.shopify.com/s/files/1/0294/4116/3400/files/SLA-233_0419.pdf?v=1616604537"">here</a> to download a pdf version.</p>",Dynamic AQS,Uncategorized,Marketing and Training,SLA,true,Title,Default Title,,,,,,,,B-SLA233,0.0,,0,deny,manual,true,true,,,,,,https://cdn.shopify.com/s/files/1/0883/2679/9661/files/SLA-233.jpg?v=1722367570,1,,false,,,,lb,,active
solace-air-home-rh2-steam-humidifier-ducted-package,Solace Air Home RH2+ Steam Humidifier Ducted Package,"<p>RH2+ self-generating electrode type steam humidifier for ducted applications.</p>
<p>110-240VAC</p>
<p>Package includes:</p>
<p>Duct Mounted Humidifier, Steam Hose Kit, Steam Distributor, Duct Mounted Humidistat, Outdoor Mount Temperature Sensor</p>
<p>For more information, you can view/download the <a href=""https://cdn.shopify.com/s/files/1/0294/4116/3400/files/ASV-920_RH2_Ducted_Steam_Humidifier_Spec_Sheet.pdf?v=1638210422"">Spec Shee</a><a href=""https://cdn.shopify.com/s/files/1/0294/4116/3400/files/ARS-920_RH2_Ducted_Steam_Humidifier_Spec_Sheet.pdf?v=1638210411"">t</a> and <a href=""https://cdn.shopify.com/s/files/1/0294/4116/3400/files/2601564-A_RH2_Installation_and_Operation_DynamicAir.pdf?v=1638212981"">Install Manual</a>.</p>
<p> </p>",Dynamic AQS,Home & Garden > Household Appliances > Climate Control Appliances > Humidifiers,Humidifiers,SLA,true,Title,Default Title,,,,,,,,RH2-DUCT-PKG,0.0,,0,deny,manual,true,false,,,,,,https://cdn.shopify.com/s/files/1/0883/2679/9661/files/SLAHumidDuctPackage900x900.jpg?v=1722367568,1,,false,,,,lb,,active
solace-air-fm-3-uvc-uvc-uvv-dual-germicidal-oxidation-system,Solace Air Sterile Sweep® Fixed Mount - FM3 UVC/UVV Triple Germicidal/Oxidation System,"<p>- Fixed Mount UVC lamp unit with 12"" and 16"" sizes available<br>- Two year warranty against lamp defects<br>- Lifetime warranty on all electric components<br>- Auto sensing ballast automatically compensates 120-277VAC 50/60Hz<br>- Suitable for up to a 10 ton AHU</p>
<p>For more information, see our<span></span> <a href=""https://cdn.shopify.com/s/files/1/0294/4116/3400/files/SLA_UVC_UVV_Frequently_Asked_Questions_Sheet.pdf?v=1617817352"">UV Frequently Asked Questions</a><span></span> page or view/download the <span></span><a href=""https://cdn.shopify.com/s/files/1/0294/4116/3400/files/SLA-801_FM_Models_Spec_Sheet_0321.pdf?v=1617816821"">Spec Sheet</a><a href=""https://cdn.shopify.com/s/files/1/0294/4116/3400/files/ASV-801_FM_Models_Spec_Sheet_0321.pdf?v=1617747960"">.</a></p>",Dynamic AQS,Uncategorized,Fixed Mount UV,SLA,true,Size,"12""",,,,,,,,FM3-12/12/5,0.0,,0,deny,manual,true,true,,,,,,https://cdn.shopify.com/s/files/1/0883/2679/9661/files/SLAFM3-16-16-5.jpg?v=1722367564,1,,false,,,,lb,,active
solace-air-fm-3-uvc-uvc-uvv-dual-germicidal-oxidation-system,,,,,,,,,"16""",,,,,,,,FM3-16/16/5,0.0,,0,deny,manual,true,true,,,,,,,,,,,,,lb,,
solace-air-fm-2-uvc-uvv-dual-germicidal-oxidation-system,Solace Air Sterile Sweep® Fixed Mount - FM2 UVC/UVV Dual Germicidal/Oxidation  System,"<p>- Fixed Mount UVC lamp unit with 12"" and 16"" sizes available<br>- Two year warranty against lamp defects<br>- Lifetime warranty on all electric components<br>- Auto sensing ballast automatically compensates 120-277VAC 50/60Hz<br>- Suitable for up to a 10 ton AHU<br></p>
<p>For more information, see our <span></span><a href=""https://cdn.shopify.com/s/files/1/0294/4116/3400/files/SLA_UVC_UVV_Frequently_Asked_Questions_Sheet.pdf?v=1617817352"">UV Frequently Asked Questions </a><span></span>page or view/download the<span></span><a href=""https://cdn.shopify.com/s/files/1/0294/4116/3400/files/SLA-801_FM_Models_Spec_Sheet_0321.pdf?v=1617816821""> Spec Sheet</a><a href=""https://cdn.shopify.com/s/files/1/0294/4116/3400/files/ASV-801_FM_Models_Spec_Sheet_0321.pdf?v=1617747960"">.</a></p>
<ul></ul>",Dynamic AQS,Uncategorized,Fixed Mount UV,SLA,true,Size,"12""",,,,,,,,FM2-12/5,0.0,,0,deny,manual,true,true,,,,,,https://cdn.shopify.com/s/files/1/0883/2679/9661/files/SLAFM2-16-5.jpg?v=1722367561,1,,false,,,,lb,,active
solace-air-fm-2-uvc-uvv-dual-germicidal-oxidation-system,,,,,,,,,"16""",,,,,,,,FM2-16/5,0.0,,-18,deny,manual,true,true,,,,,,,,,,,,,lb,,
solace-air-fm-1-oxidation-system,"Solace Air Sterile Sweep® FM1-5, One 5” UVV Oxidation Unit","<p>120/240 volt fixed mount 5"" oxidation unit (FM1-5)</p>
<p>For more information, see our <a href=""/pages/ultraviolet-frequently-asked-questions"">Ultraviolet Frequently Asked Questions</a> page.</p>",Dynamic AQS,Uncategorized,Fixed Mount UV,SLA,true,Title,Default Title,,,,,,,,FM1-5,0.0,,0,deny,manual,true,true,,,,,,https://cdn.shopify.com/s/files/1/0883/2679/9661/files/SLAFM1-5.jpg?v=1722367559,1,,false,,,,lb,,active
solace-air-fm-1-germicidal-uv-system,Solace Air Sterile Sweep® Fixed Mount - FM1 Germicidal UVC System,"<p>- Fixed Mount UVC lamp unit with 12"" and 16"" sizes available<br>- Two year warranty against lamp defects<br>- Lifetime warranty on all electric components<br>- Auto sensing ballast automatically compensates 120-277VAC 50/60Hz<br>- Suitable for up to a 10 ton AHU<br></p>
<p>For more information, see our <span></span><a href=""https://cdn.shopify.com/s/files/1/0294/4116/3400/files/SLA_UVC_UVV_Frequently_Asked_Questions_Sheet.pdf?v=1617817352"">UV Frequently Asked Questions <span></span></a>page or view/download the<span></span><a href=""https://cdn.shopify.com/s/files/1/0294/4116/3400/files/SLA-801_FM_Models_Spec_Sheet_0321.pdf?v=1617816821""> Spec Sheet</a><a href=""https://cdn.shopify.com/s/files/1/0294/4116/3400/files/ASV-801_FM_Models_Spec_Sheet_0321.pdf?v=1617747960"">.</a></p>",Dynamic AQS,Uncategorized,Fixed Mount UV,SLA,true,Size,"12""",,,,,,,,FM1-12,0.0,,-3,deny,manual,true,true,,,,,,https://cdn.shopify.com/s/files/1/0883/2679/9661/files/SLAFM1-16.jpg?v=1722367557,1,,false,,,,lb,,active
solace-air-fm-1-germicidal-uv-system,,,,,,,,,"16""",,,,,,,,FM1-16,0.0,,-1,deny,manual,true,true,,,,,,,,,,,,,lb,,
solace-air-clean-air-sticker,Clean Air Provided by Solace Air Sticker (20 Pack),"<p>Clean Air Provided by Sticker</p>
<p>Brand Sticker, 20-pack</p>",Dynamic AQS,Uncategorized,Marketing and Training,SLA,true,Title,Default Title,,,,,,,,B-SLA607,0.0,,0,deny,manual,true,true,,,,,,https://cdn.shopify.com/s/files/1/0883/2679/9661/files/CleanAirSolaceAirHR.jpg?v=1722367555,1,,false,,,,lb,,active
solace-air-300cfm-bypass-hepa-system,Solace Air 300 CFM Bypass HEPA System,"<p>300 CFM Bypass HEPA System with 1.5 inch pre-filter and 2 inch HEPA.</p>
<p>HP-300</p>
<p>Options ordered separately</p>
<ul>
<li><a href=""/collections/hepa/products/hepa-collar-mount-kit"">8"" Collars for remote mount</a></li>
<li><a href=""/collections/hepa/products/hepa-carbon-module"">Carbon Matrix Cell</a></li>
</ul>
<p><span>Notes</span></p>
<ul>
<li>For more information, v<span data-mce-fragment=""1"">iew/download the </span><span data-mce-fragment=""1""></span><a aria-describedby=""a11y-external-message"" href=""https://cdn.shopify.com/s/files/1/0294/4116/3400/files/ARS-802_RM_Models_Spec_Sheet_0321.pdf?v=1617810279"" data-mce-fragment=""1"" data-mce-href=""https://cdn.shopify.com/s/files/1/0294/4116/3400/files/ARS-802_RM_Models_Spec_Sheet_0321.pdf?v=1617810279"">Spec Sheet</a><a aria-describedby=""a11y-external-message"" href=""https://cdn.shopify.com/s/files/1/0294/4116/3400/files/ASV-801_FM_Models_Spec_Sheet_0321.pdf?v=1617747960"" data-mce-fragment=""1"" data-mce-href=""https://cdn.shopify.com/s/files/1/0294/4116/3400/files/ASV-801_FM_Models_Spec_Sheet_0321.pdf?v=1617747960"">.</a>
</li>
</ul>",Dynamic AQS,Uncategorized,HEPA,SLA,true,Title,Default Title,,,,,,,,HP-300,0.0,,0,deny,manual,true,true,,,,,,https://cdn.shopify.com/s/files/1/0883/2679/9661/files/SLAHEPA.png?v=1722367552,1,,false,,,,lb,,active
rsd-10-steam-distributor,RH2+ Duct Mount Humidistat,"<p>RH2+ optional <strong>duct-mount</strong> on/off digital control adjusts the amount of moisture in the air to maintain the desired humidity level. <br></p>
<p><br></p>
<p> </p>",Dynamic AQS,Home & Garden > Household Appliances > Climate Control Appliances > Humidifiers,Humidifiers,"ASV, CAD, ECO, MPA, NEX, SLA, SNA",true,Title,Default Title,,,,,,,,RH2-HDM,0.0,,0,deny,manual,true,true,,,,,,https://cdn.shopify.com/s/files/1/0883/2679/9661/files/2601562900x900.jpg?v=1722367549,1,,false,,,,lb,,active
rh2-digital-wall-humidistat,RH2+ Digital Wall Humidistat,"<p>RH2+ optional <strong>wall-mount</strong> on/off digital control adjusts the amount of moisture in the air to maintain the desired humidity level. <br></p>
<p><br></p>
<p> </p>",Dynamic AQS,Home & Garden > Household Appliances > Climate Control Appliances > Humidifiers,Humidifiers,"ASV, CAD, ECO, MPA, NEX, SLA, SNA",true,Title,Default Title,,,,,,,,RH2-HWM,0.0,,0,deny,manual,true,true,,,,,,https://cdn.shopify.com/s/files/1/0883/2679/9661/files/2601561900x900.jpg?v=1722367547,1,,false,,,,lb,,active
rh2-air-proving-switch,RH2  Air Proving Switch,"<p>RH2+ optional air proving switch for RH2DUCT ensures humidification occurs only when air is moving in the duct. <br></p>
<p><br></p>
<p> </p>",Dynamic AQS,Home & Garden > Household Appliances > Climate Control Appliances > Humidifiers,Humidifiers,"ASV, CAD, ECO, MPA, NEX, SLA, SNA",true,Title,Default Title,,,,,,,,RH2-APS,0.0,,0,deny,manual,true,true,,,,,,https://cdn.shopify.com/s/files/1/0883/2679/9661/files/APS900x900.jpg?v=1722367544,1,,false,,,,lb,,active
replacement-cylinder-202-series,Replacement Cylinder 202 Series,"<p>RH2+ replacement cylinders collect in-steam sediment and minerals for easy change-out after 1-2 years depending on water supply. <br></p>
<p> </p>",Dynamic AQS,Home & Garden > Household Appliances > Climate Control Appliances > Humidifiers,Humidifiers,"ASV, CAD, ECO, MPA, NEX, SLA, SNA",true,Title,Default Title,,,,,,,,RH2-RC,0.0,,0,deny,manual,true,true,,,,,,https://cdn.shopify.com/s/files/1/0883/2679/9661/files/Cylinder900x900.jpg?v=1722367541,1,,false,,,,lb,,active
pureairx-poster,PureAirX Poster,"Poster measures 24"" x 18"" <br>",Dynamic AQS,Uncategorized,Marketing and Training,SNA,false,Title,Default Title,,,,,,,,B-SRT609,0.0,,0,deny,manual,true,true,,,,,,https://cdn.shopify.com/s/files/1/0883/2679/9661/files/609trainingposterSRT6-21HR900x900.jpg?v=1722367539,1,,false,,,,lb,,active
pureairx-home-show-kit,PureAirX Home Show Kit,"<p><strong>This kit comes with:</strong></p>
<p>1 -UV Demo Display (Part#LPC36NONUV)</p>
<p>1 -Polarized-Media Air Cleaner Demo Unit (Part# 1LPD1410WITHCASE)</p>
<p>1 - Video Book (Part#VB2020)</p>
<p>20 - Clean Air Provided By Stickers (Part# SRT-607)</p>
<p>2 - Consumer Handbooks (Part# SRT-233)</p>
<p>1  Training Poster (Part# S<span data-mce-fragment=""1"" mce-data-marked=""1"">RT</span>-609)</p>
<p>100  Fixed Mount or Remote Mount Total Home Solutions brochures (Part# <span data-mce-fragment=""1"">S</span><span data-mce-fragment=""1"" mce-data-marked=""1"">RT</span>-252FM or <span data-mce-fragment=""1"">S</span><span data-mce-fragment=""1"" mce-data-marked=""1"">RT</span>-252RM)</p>
<p><span>Limit - 1 per order</span></p>",Dynamic AQS,,Marketing and Training,SNA,true,UV Brochure,Fixed Mount UV,,,,,,,,B-SRTFMHOMESHOWKIT,0.0,,0,deny,manual,true,true,,,,,,https://cdn.shopify.com/s/files/1/0883/2679/9661/files/SNAHomeShowKit.jpg?v=1722367536,1,,false,,,,lb,,active
pureairx-home-show-kit,,,,,,,,,Remote Mount UV,,,,,,,,B-SRTRMHOMESHOWKIT,0.0,,0,deny,manual,true,true,,,,,,https://cdn.shopify.com/s/files/1/0883/2679/9661/files/SNAHomeShowKitDescriptions.jpg?v=1722367536,2,,,,,,lb,,
pure-air-x-rm-3-uvc-uvc-uvv-dual-germicidal-oxidation-system,Pure Air X Sterile Sweep® Remote Mount - RM3 UVC/UVV Triple Germicidal/Oxidation System,"<p>- Remote Mount UVC lamp unit with 12"" and 16"" sizes available<br>- Two year warranty against lamp defects<br>- Lifetime warranty on all electric components<br>- Auto sensing ballast automatically compensates 120-277VAC 50/60Hz<br>- Suitable for up to a 10 ton AHU<br></p>
<p>For more information, see our<span></span> <a href=""https://cdn.shopify.com/s/files/1/0294/4116/3400/files/SNA_UVC_UVV_Frequently_Asked_Questions_Sheet.pdf?v=1617817352"">UV Frequently Asked Questions</a><span></span> page <span data-mce-fragment=""1"">or view/download the</span><span data-mce-fragment=""1""></span><a data-mce-fragment=""1"" aria-describedby=""a11y-external-message"" href=""https://cdn.shopify.com/s/files/1/0294/4116/3400/files/ARS-802_RM_Models_Spec_Sheet_0321.pdf?v=1617810279"" data-mce-href=""https://cdn.shopify.com/s/files/1/0294/4116/3400/files/ARS-802_RM_Models_Spec_Sheet_0321.pdf?v=1617810279""> Spec Sheet</a>.</p>
<ul></ul>",Dynamic AQS,Uncategorized,Remote Mount UV,SNA,true,Size,"12""",,,,,,,,RM3-12/12/5,0.0,,0,deny,manual,true,true,,,,,,https://cdn.shopify.com/s/files/1/0883/2679/9661/files/SNARM3-16-16-5.jpg?v=1722367531,1,,false,,,,lb,,active
pure-air-x-rm-3-uvc-uvc-uvv-dual-germicidal-oxidation-system,,,,,,,,,"16""",,,,,,,,RM3-16/16/5,0.0,,0,deny,manual,true,true,,,,,,,,,,,,,lb,,
pure-air-x-rm-2-uvc-uvc-germicidal-system-remote-mount,Pure Air X Sterile Sweep® Remote Mount - RM2 Dual UVC Germicidal Unit,"<p>- Remote Mount UVC lamp unit with 12"" and 16"" sizes available<br>- Two year warranty against lamp defects<br>- Lifetime warranty on all electric components<br>- Auto sensing ballast automatically compensates 120-277VAC 50/60Hz<br>- Suitable for up to a 10 ton AHU</p>
<p>For more information, see our<span></span><a href=""https://cdn.shopify.com/s/files/1/0294/4116/3400/files/SNA_UVC_UVV_Frequently_Asked_Questions_Sheet.pdf?v=1617817352""> UV Frequently Asked Questions</a><span></span> page <span data-mce-fragment=""1"">or view/download the </span><span data-mce-fragment=""1""></span><a aria-describedby=""a11y-external-message"" href=""https://cdn.shopify.com/s/files/1/0294/4116/3400/files/ARS-802_RM_Models_Spec_Sheet_0321.pdf?v=1617810279"" data-mce-fragment=""1"" data-mce-href=""https://cdn.shopify.com/s/files/1/0294/4116/3400/files/ARS-802_RM_Models_Spec_Sheet_0321.pdf?v=1617810279"">Spec Sheet</a><a aria-describedby=""a11y-external-message"" href=""https://cdn.shopify.com/s/files/1/0294/4116/3400/files/ASV-801_FM_Models_Spec_Sheet_0321.pdf?v=1617747960"" data-mce-fragment=""1"" data-mce-href=""https://cdn.shopify.com/s/files/1/0294/4116/3400/files/ASV-801_FM_Models_Spec_Sheet_0321.pdf?v=1617747960"">.</a></p>
<ul></ul>",Dynamic AQS,Uncategorized,Remote Mount UV,SNA,true,Size,"12""",,,,,,,,RM2-12/12,0.0,,0,deny,manual,true,true,,,,,,https://cdn.shopify.com/s/files/1/0883/2679/9661/files/SNARM2-16-16.jpg?v=1722367528,1,,false,,,,lb,,active
pure-air-x-rm-2-uvc-uvc-germicidal-system-remote-mount,,,,,,,,,"16""",,,,,,,,RM2-16/16,0.0,,0,deny,manual,true,true,,,,,,,,,,,,,lb,,
pure-air-x-rm-2-dual-uvc-uvv-germicidal-oxidation-system-remote-mount,Pure Air X Sterile Sweep® Remote Mount - RM2 Dual UVC/UVV Germicidal,"<p>- Remote Mount UVC lamp unit with 12"" and 16"" sizes available<br>- Two year warranty against lamp defects<br>- Lifetime warranty on all electric components<br>- Auto sensing ballast automatically compensates 120-277VAC 50/60Hz<br>- Suitable for up to a 10 ton AHU<br></p>
<p>For more information, see our<span><a href=""https://cdn.shopify.com/s/files/1/0294/4116/3400/files/ASV_UVC_UVV_Frequently_Asked_Questions_Sheet.pdf?v=1617748399""> UV </a></span><a href=""https://cdn.shopify.com/s/files/1/0294/4116/3400/files/SNA_UVC_UVV_Frequently_Asked_Questions_Sheet.pdf?v=1617817352"">Frequently Asked Questions</a><span></span> page <span data-mce-fragment=""1"">or view/download the</span><span data-mce-fragment=""1""></span><a data-mce-fragment=""1"" href=""https://cdn.shopify.com/s/files/1/0294/4116/3400/files/ARS-802_RM_Models_Spec_Sheet_0321.pdf?v=1617810279"" aria-describedby=""a11y-external-message"" data-mce-href=""https://cdn.shopify.com/s/files/1/0294/4116/3400/files/ARS-802_RM_Models_Spec_Sheet_0321.pdf?v=1617810279""> Spec Sheet</a><a data-mce-fragment=""1"" href=""https://cdn.shopify.com/s/files/1/0294/4116/3400/files/ASV-801_FM_Models_Spec_Sheet_0321.pdf?v=1617747960"" aria-describedby=""a11y-external-message"" data-mce-href=""https://cdn.shopify.com/s/files/1/0294/4116/3400/files/ASV-801_FM_Models_Spec_Sheet_0321.pdf?v=1617747960"">.</a></p>
<ul></ul>",Dynamic AQS,Uncategorized,Remote Mount UV,SNA,true,Size,"12""",,,,,,,,RM2-12/5,0.0,,0,deny,manual,true,true,,,,,,https://cdn.shopify.com/s/files/1/0883/2679/9661/files/SNARM2-16-5.jpg?v=1722367526,1,,false,,,,lb,,active
pure-air-x-rm-2-dual-uvc-uvv-germicidal-oxidation-system-remote-mount,,,,,,,,,"16""",,,,,,,,RM2-16/5,0.0,,0,deny,manual,true,true,,,,,,,,,,,,,lb,,
pure-air-x-rm-1-oxidation-system,Pure Air X Sterile Sweep® Remote Mount - RM1-5WB UVV Oxidation Lamp Unit,"<p><span>- Remote Mount UVV 5"" oxidation unit with ballast (RM1-5WB).</span><br><span>- Two year warranty against lamp defects</span><br><span>- Lifetime warranty on all electric components</span><br><span>- Auto sensing ballast automatically compensates 120-277VAC 50/60Hz</span><br><span>- Suitable for up to a 10 ton AHU</span></p>
<p>For more information, see our<span><a href=""https://cdn.shopify.com/s/files/1/0294/4116/3400/files/ASV_UVC_UVV_Frequently_Asked_Questions_Sheet.pdf?v=1617748399""> UV</a></span><a href=""https://cdn.shopify.com/s/files/1/0294/4116/3400/files/SNA_UVC_UVV_Frequently_Asked_Questions_Sheet.pdf?v=1617817352""> Frequently Asked Questions</a> <span></span>page <span data-mce-fragment=""1"">or view/download the </span><a data-mce-fragment=""1"" href=""https://cdn.shopify.com/s/files/1/0294/4116/3400/files/ARS-802_RM_Models_Spec_Sheet_0321.pdf?v=1617810279"" aria-describedby=""a11y-external-message"" data-mce-href=""https://cdn.shopify.com/s/files/1/0294/4116/3400/files/ARS-802_RM_Models_Spec_Sheet_0321.pdf?v=1617810279"">Spec Sheet</a><a data-mce-fragment=""1"" href=""https://cdn.shopify.com/s/files/1/0294/4116/3400/files/ASV-801_FM_Models_Spec_Sheet_0321.pdf?v=1617747960"" aria-describedby=""a11y-external-message"" data-mce-href=""https://cdn.shopify.com/s/files/1/0294/4116/3400/files/ASV-801_FM_Models_Spec_Sheet_0321.pdf?v=1617747960"">.</a></p>
<ul></ul>",Dynamic AQS,Uncategorized,Remote Mount UV,SNA,true,Title,Default Title,,,,,,,,RM1-5WB,0.0,,0,deny,manual,true,true,,,,,,https://cdn.shopify.com/s/files/1/0883/2679/9661/files/SNARM1-5.jpg?v=1722367523,1,,false,,,,lb,,active
pure-air-x-rm-1-germicidal-uv-system-remote-mount,Pure Air X Sterile Sweep® Remote Mount - RM1 UVC Germicidal System,"<p>- Remote Mount UVC lamp unit with 12"" and 16"" sizes available<br>- Two year warranty against lamp defects<br>- Lifetime warranty on all electric components<br>- Auto sensing ballast automatically compensates 120-277VAC 50/60Hz<br>- Suitable for up to a 10 ton AHU<br></p>
<p>For more information, see our<span></span> <a href=""https://cdn.shopify.com/s/files/1/0294/4116/3400/files/SNA_UVC_UVV_Frequently_Asked_Questions_Sheet.pdf?v=1617817352"">UV Frequently Asked Questions</a> <span></span>page or view/download the<span></span><a href=""https://cdn.shopify.com/s/files/1/0294/4116/3400/files/SRT-802_RM_Models_Spec_Sheet_0321.pdf?v=1617816821""> Spec Sheet</a><a href=""https://cdn.shopify.com/s/files/1/0294/4116/3400/files/ASV-801_FM_Models_Spec_Sheet_0321.pdf?v=1617747960"">.</a></p>
<ul></ul>",Dynamic AQS,Uncategorized,Remote Mount UV,SNA,true,Size,"12""",,,,,,,,RM1-12,0.0,,0,deny,manual,true,true,,,,,,https://cdn.shopify.com/s/files/1/0883/2679/9661/files/SNARM1.jpg?v=1722367520,1,,false,,,,lb,,active
pure-air-x-rm-1-germicidal-uv-system-remote-mount,,,,,,,,,"16""",,,,,,,,RM1-16,0.0,,0,deny,manual,true,true,,,,,,,,,,,,,lb,,
pure-air-x-mktg-consumer-handbook,Pure AireX Consumer Handbook,"<p>Consumer Handbook</p>
<p>Click <a href=""https://cdn.shopify.com/s/files/1/0294/4116/3400/files/SNA-233_0419.pdf?v=1616604533"">here</a> to download a pdf version.</p>",Dynamic AQS,Uncategorized,Marketing and Training,SNA,true,Title,Default Title,,,,,,,,B-SRT233,0.0,,0,deny,manual,true,true,,,,,,https://cdn.shopify.com/s/files/1/0883/2679/9661/files/SNA-233.jpg?v=1722367515,1,,false,,,,lb,,active
pure-air-x-home-solutions-remote-mount-brochure,Pure Air X Defense Total Home Solutions Remote Mount Brochure,"<p>Pure Air X Total Home Solutions Remote Mount Brochure.</p>
<p><span>Order in quantities of 50 up to 200.</span></p>
<p>To download, please click <a href=""https://cdn.shopify.com/s/files/1/0294/4116/3400/files/THSSNARMBRO-252.jpg?v=1719002355SRT_RM_10-20_LR.pdf?v=1617198411"">here</a><a href=""https://cdn.shopify.com/s/files/1/0294/4116/3400/files/THS_252_SRT_RM_10-20_LR.pdf?v=1617198411""></a>.</p>",Dynamic AQS,Uncategorized,Marketing and Training,SNA,true,Title,Default Title,,,,,,,,B-SRT252RM,0.0,,0,deny,manual,true,true,,,,,,https://cdn.shopify.com/s/files/1/0883/2679/9661/files/THSSNARMBRO-252.jpg?v=1722367512,1,,false,,,,lb,,active
pure-air-x-home-solutions-fixed-mount-brochure,Pure Air X Defense Total Home Solutions Fixed Mount Brochure,"<p>Pure Air X Total Home Solutions Fixed Mount Brochure.</p>
<p><span>Order in quantities of 50 up to 200.</span></p>
<p>To download, please click <a href=""https://cdn.shopify.com/s/files/1/0294/4116/3400/files/THSSNAFMBRO-252.jpg?v=1719002339_SRT_FM_10-20_LR.pdf?v=1617195288"">here</a><a href=""https://cdn.shopify.com/s/files/1/0294/4116/3400/files/THS_252_SRT_FM_10-20_LR.pdf?v=1617195288""></a>.</p>",Dynamic AQS,Uncategorized,Marketing and Training,SNA,true,Title,Default Title,,,,,,,,B-SRT252FM,0.0,,0,deny,manual,true,true,,,,,,https://cdn.shopify.com/s/files/1/0883/2679/9661/files/THSSNAFMBRO-252.jpg?v=1722367509,1,,false,,,,lb,,active
pure-air-x-home-rh2-steam-humidifier-ducted-package,Pure Air X Home RH2+ Steam Humidifier Ducted Package,"<p>RH2+ self-generating electrode type steam humidifier for ducted applications.</p>
<p>110-240VAC</p>
<p>Package includes:</p>
<p>Duct Mounted Humidifier, Steam Hose Kit, Steam Distributor, Duct Mounted Humidistat, Outdoor Mount Temperature Sensor</p>
<p>For more information, you can view/download the <a href=""https://cdn.shopify.com/s/files/1/0294/4116/3400/files/ASV-920_RH2_Ducted_Steam_Humidifier_Spec_Sheet.pdf?v=1638210422"">Spec Shee</a><a href=""https://cdn.shopify.com/s/files/1/0294/4116/3400/files/ARS-920_RH2_Ducted_Steam_Humidifier_Spec_Sheet.pdf?v=1638210411"">t</a> and <a href=""https://cdn.shopify.com/s/files/1/0294/4116/3400/files/2601564-A_RH2_Installation_and_Operation_DynamicAir.pdf?v=1638212981"">Install Manual</a>.</p>
<p> </p>",Dynamic AQS,Home & Garden > Household Appliances > Climate Control Appliances > Humidifiers,Humidifiers,SNA,true,Title,Default Title,,,,,,,,RH2-DUCT-PKG,0.0,,0,deny,manual,true,false,,,,,,https://cdn.shopify.com/s/files/1/0883/2679/9661/files/SNAHumidDuctPackage900x900.jpg?v=1722367506,1,,false,,,,lb,,active
pure-air-x-fm-3-uvc-uvc-uvv-dual-germicidal-oxidation-system,Pure Air X Sterile Sweep® FM3-16/16/5 (2 - 16” UVC lamps with a 5” UVV lamp) or FM3-12/12/5 (2 - 12” UVC lamps with a 5” UVV lamp) Triple Germicidal/Oxidation System,"<p>Fixed Mount, 3 lamp System. 2 high output UVC lamps and 1 5"" UVV Oxidation lamp.</p>
<p>For more information, see our <a href=""/pages/ultraviolet-frequently-asked-questions"">Ultraviolet Frequently Asked Questions</a> page.</p>",Dynamic AQS,Uncategorized,Fixed Mount UV,SNA,true,Size,"12""",,,,,,,,FM3-12/12/5,0.0,,0,deny,manual,true,true,,,,,,https://cdn.shopify.com/s/files/1/0883/2679/9661/files/SNAFM3-16-16-5.jpg?v=1722367501,1,,false,,,,lb,,active
pure-air-x-fm-3-uvc-uvc-uvv-dual-germicidal-oxidation-system,,,,,,,,,"16""",,,,,,,,FM3-16/16/5,0.0,,0,deny,manual,true,true,,,,,,,,,,,,,lb,,
pure-air-x-fm-2-uvc-uvv-dual-germicidal-oxidation-system,Pure Air X Sterile Sweep® Fixed Mount - FM2 UVC/UVV Dual Germicidal/Oxidation  System,"<p>- Fixed Mount UVC lamp unit with 12"" and 16"" sizes available<br>- Two year warranty against lamp defects<br>- Lifetime warranty on all electric components<br>- Auto sensing ballast automatically compensates 120-277VAC 50/60Hz<br>- Suitable for up to a 10 ton AHU<br></p>
<p>For more information, see our<span></span><a href=""https://cdn.shopify.com/s/files/1/0294/4116/3400/files/SNA_UVC_UVV_Frequently_Asked_Questions_Sheet.pdf?v=1617817352""> UV Frequently Asked Questions</a><span></span> page or view/download the<span></span><a href=""https://cdn.shopify.com/s/files/1/0294/4116/3400/files/SRT-801_FM_Models_Spec_Sheet_0321.pdf?v=1617816821""> Spec Sheet</a><a href=""https://cdn.shopify.com/s/files/1/0294/4116/3400/files/ASV-801_FM_Models_Spec_Sheet_0321.pdf?v=1617747960"">.</a></p>
<ul></ul>",Dynamic AQS,Uncategorized,Fixed Mount UV,SNA,true,Size,"12""",,,,,,,,FM2-12/5,0.0,,0,deny,manual,true,true,,,,,,https://cdn.shopify.com/s/files/1/0883/2679/9661/files/SNAFM2-16-5.jpg?v=1722367498,1,,false,,,,lb,,active
pure-air-x-fm-2-uvc-uvv-dual-germicidal-oxidation-system,,,,,,,,,"16""",,,,,,,,FM2-16/5,0.0,,0,deny,manual,true,true,,,,,,,,,,,,,lb,,
pure-air-x-fm-1-oxidation-system,"Pure Air X Sterile Sweep® FM1-5, One 5” UVV Oxidation Unit","<p>120/240 volt fixed mount 5"" oxidation unit (FM1-5)</p>
<p>For more information, see our <a href=""/pages/ultraviolet-frequently-asked-questions"">Ultraviolet Frequently Asked Questions</a> page.</p>",Dynamic AQS,Uncategorized,Fixed Mount UV,SNA,true,Title,Default Title,,,,,,,,FM1-5,0.0,,0,deny,manual,true,true,,,,,,https://cdn.shopify.com/s/files/1/0883/2679/9661/files/SNAFM1-5_cf840d0b-8331-4fde-8d6f-fba72e6b6529.jpg?v=1722367496,1,,false,,,,lb,,active
pure-air-x-fm-1-germicidal-uv-system,Pure Air X Sterile Sweep® Fixed Mount - FM1 Germicidal UVC System,"<p>- Fixed Mount UVC lamp unit with 12"" and 16"" sizes available<br>- Two year warranty against lamp defects<br>- Lifetime warranty on all electric components<br>- Auto sensing ballast automatically compensates 120-277VAC 50/60Hz<br>- Suitable for up to a 10 ton AHU<br></p>
<p>For more information, see our<span></span> <a href=""https://cdn.shopify.com/s/files/1/0294/4116/3400/files/SNA_UVC_UVV_Frequently_Asked_Questions_Sheet.pdf?v=1617817352"">UV Frequently Asked Questions</a> <span></span>page or view/download the<span></span><a href=""https://cdn.shopify.com/s/files/1/0294/4116/3400/files/SRT-801_FM_Models_Spec_Sheet_0321.pdf?v=1617816821""> Spec Sheet</a><a href=""https://cdn.shopify.com/s/files/1/0294/4116/3400/files/ASV-801_FM_Models_Spec_Sheet_0321.pdf?v=1617747960"">.</a></p>
<ul></ul>",Dynamic AQS,Uncategorized,Fixed Mount UV,SNA,true,Size,"12""",,,,,,,,FM1-12,0.0,,0,deny,manual,true,true,,,,,,https://cdn.shopify.com/s/files/1/0883/2679/9661/files/SNAFM1.jpg?v=1722367493,1,,false,,,,lb,,active
pure-air-x-fm-1-germicidal-uv-system,,,,,,,,,"16""",,,,,,,,FM1-16,0.0,,0,deny,manual,true,true,,,,,,,,,,,,,lb,,
pure-air-x-clean-air-sticker,Clean Air Provided by Pure Air X Sticker (20 Pack),"<p>Clean Air Provided by Sticker</p>
<p>Brand Sticker, 20-pack</p>",Dynamic AQS,Uncategorized,Marketing and Training,SNA,true,Title,Default Title,,,,,,,,B-SRT607,0.0,,0,deny,manual,true,true,,,,,,https://cdn.shopify.com/s/files/1/0883/2679/9661/files/CleanAirPureAirXHR.jpg?v=1722367490,1,,false,,,,lb,,active
pure-air-x-300cfm-bypass-hepa-system,Pure Air X 300 CFM Bypass HEPA System,"<p>300 CFM Bypass HEPA System with 1.5 inch pre-filter and 2 inch HEPA.</p>
<p>HP-300</p>
<p>Options ordered separately</p>
<ul>
<li><a href=""/collections/hepa/products/hepa-collar-mount-kit"">8"" Collars for remote mount</a></li>
<li><a href=""/collections/hepa/products/hepa-carbon-module"">Carbon Matrix Cell</a></li>
</ul>
<p><span>Notes</span></p>
<ul>
<li>For more information, v<span data-mce-fragment=""1"">iew/download the</span><span data-mce-fragment=""1""></span> <a data-mce-fragment=""1"" href=""https://cdn.shopify.com/s/files/1/0294/4116/3400/files/ARS-802_RM_Models_Spec_Sheet_0321.pdf?v=1617810279"" aria-describedby=""a11y-external-message"" data-mce-href=""https://cdn.shopify.com/s/files/1/0294/4116/3400/files/ARS-802_RM_Models_Spec_Sheet_0321.pdf?v=1617810279"">Spec Sheet</a><a data-mce-fragment=""1"" href=""https://cdn.shopify.com/s/files/1/0294/4116/3400/files/ASV-801_FM_Models_Spec_Sheet_0321.pdf?v=1617747960"" aria-describedby=""a11y-external-message"" data-mce-href=""https://cdn.shopify.com/s/files/1/0294/4116/3400/files/ASV-801_FM_Models_Spec_Sheet_0321.pdf?v=1617747960"">.</a>
</li>
</ul>",Dynamic AQS,Uncategorized,HEPA,SNA,true,Title,Default Title,,,,,,,,HP-300,0.0,,0,deny,manual,true,true,,,,,,https://cdn.shopify.com/s/files/1/0883/2679/9661/files/PUR_HEPA.png?v=1722367488,1,,false,,,,lb,,active
puer-air-x-rh2-steam-humidifier-space-unit-package,Pure Air X RH2+ Steam Humidifier Space Unit Package,"<p>RH2+ self-generating electrode type steam humidifier for wall-mounting inside the space with integral blower.</p>
<p>110-240VAC</p>
<p>Package includes:</p>
<p>Wall Mounted Space Humidifier, Wall Mounted Humidistat, Outdoor Mount Temperature Sensor </p>
<p>For more information, you can view/download the <a href=""https://cdn.shopify.com/s/files/1/0294/4116/3400/files/ASV-921_RH2_Space_Steam_Humidifier_Spec_Sheet.pdf?v=1638212893"">Spec Sheet</a> and <a href=""https://cdn.shopify.com/s/files/1/0294/4116/3400/files/2601564-A_RH2_Installation_and_Operation_DynamicAir.pdf?v=1638212981"">Install Manual</a>.</p>
<p> </p>",Dynamic AQS,Home & Garden > Household Appliances > Climate Control Appliances > Humidifiers,Humidifiers,SNA,true,Title,Default Title,,,,,,,,RH2-SPACE-PKG,0.0,,0,deny,manual,true,false,,,,,,https://cdn.shopify.com/s/files/1/0883/2679/9661/files/SNAHumidSpacePackage900x900_e19ff8f2-b46f-403d-b173-2067409fdf61.jpg?v=1722367485,1,,false,,,,lb,,active
pristine-air-total-home-solutions-remote-mount-brochure,Pristine Air Total Home Solutions Remote Mount Brochure,"<p>Pristine Air Total Home Solutions Remote Mount Brochure.</p>
<p><span>Order in quantities of 50 up to 200.</span></p>
<p>To download, please click <a href=""https://cdn.shopify.com/s/files/1/0294/4116/3400/files/THS_NEX_RM_BRO-252.jpg?v=1719002023NEX_RM_10-20_LR.pdf?v=1617198411"">here</a><a href=""https://cdn.shopify.com/s/files/1/0294/4116/3400/files/THS_252_NEX_RM_10-20_LR.pdf?v=1617198411""></a>.</p>",Dynamic AQS,Uncategorized,Marketing and Training,NEX,true,Title,Default Title,,,,,,,,B-NEX252RM,0.0,,0,deny,manual,true,true,,,,,,https://cdn.shopify.com/s/files/1/0883/2679/9661/files/THSNEXRMBRO-252.jpg?v=1722367482,1,,false,,,,lb,,active
pristine-air-total-home-solutions-fixed-mount-brochure,Pristine Air Total Home Solutions Fixed Mount Brochure,"<p>Pristine Air Total Home Solutions Fixed Mount Brochure.</p>
<p><span>Order in quantities of 50 up to 200.</span></p>
<p>To download, please click <a href=""https://cdn.shopify.com/s/files/1/0294/4116/3400/files/THS_NEX_FM_BRO-252.jpg?v=1719002024NEX_FM_10-20_LR.pdf?v=1617195288"">here</a><a href=""https://cdn.shopify.com/s/files/1/0294/4116/3400/files/THS_252_NEX_FM_10-20_LR.pdf?v=1617195288""></a>.</p>",Dynamic AQS,Uncategorized,Marketing and Training,NEX,true,Title,Default Title,,,,,,,,B-NEX252FM,0.0,,0,deny,manual,true,true,,,,,,https://cdn.shopify.com/s/files/1/0883/2679/9661/files/THSNEXFMBRO-252.jpg?v=1722367479,1,,false,,,,lb,,active
pristine-air-rm-3-uvc-uvc-uvv-dual-germicidal-oxidation-system,Pristine Air Sterile Sweep® Remote Mount - RM3 UVC/UVV Triple Germicidal/Oxidation System,"<p>- Remote Mount UVC lamp unit with 12"" and 16"" sizes available<br>- Two year warranty against lamp defects<br>- Lifetime warranty on all electric components<br>- Auto sensing ballast automatically compensates 120-277VAC 50/60Hz<br>- Suitable for up to a 10 ton AHU<br></p>
<p>For more information, see our<span></span> <a href=""https://cdn.shopify.com/s/files/1/0294/4116/3400/files/NEX_UVC_UVV_Frequently_Asked_Questions_Sheet.pdf?v=1617817352"">UV Frequently Asked Questions</a><span></span> page <span data-mce-fragment=""1"">or view/download the </span><span data-mce-fragment=""1""></span><a data-mce-fragment=""1"" href=""https://cdn.shopify.com/s/files/1/0294/4116/3400/files/ARS-802_RM_Models_Spec_Sheet_0321.pdf?v=1617810279"" aria-describedby=""a11y-external-message"" data-mce-href=""https://cdn.shopify.com/s/files/1/0294/4116/3400/files/ARS-802_RM_Models_Spec_Sheet_0321.pdf?v=1617810279"">Spec Sheet</a>.</p>
<ul></ul>",Dynamic AQS,Uncategorized,Remote Mount UV,NEX,true,Size,"12""",,,,,,,,RM3-12/12/5,0.0,,0,deny,manual,true,true,,,,,,https://cdn.shopify.com/s/files/1/0883/2679/9661/files/NEXRM3-16-16-5.jpg?v=1722367476,1,,false,,,,lb,,active
pristine-air-rm-3-uvc-uvc-uvv-dual-germicidal-oxidation-system,,,,,,,,,"16""",,,,,,,,RM3-16/16/5,0.0,,0,deny,manual,true,true,,,,,,,,,,,,,lb,,
pristine-air-rm-2-uvc-uvc-germicidal-system-remote-mount,Pristine Air Sterile Sweep® Remote Mount - RM2 Dual UVC Germicidal Unit,"<p>- Remote Mount UVC lamp unit with 12"" and 16"" sizes available<br>- Two year warranty against lamp defects<br>- Lifetime warranty on all electric components<br>- Auto sensing ballast automatically compensates 120-277VAC 50/60Hz<br>- Suitable for up to a 10 ton AHU</p>
<p>For more information, see our<span></span> <a href=""https://cdn.shopify.com/s/files/1/0294/4116/3400/files/NEX_UVC_UVV_Frequently_Asked_Questions_Sheet.pdf?v=1617817352"">UV Frequently Asked Questions</a> <span></span>page <span data-mce-fragment=""1"">or view/download the </span><span data-mce-fragment=""1""></span><a data-mce-fragment=""1"" href=""https://cdn.shopify.com/s/files/1/0294/4116/3400/files/ARS-802_RM_Models_Spec_Sheet_0321.pdf?v=1617810279"" aria-describedby=""a11y-external-message"" data-mce-href=""https://cdn.shopify.com/s/files/1/0294/4116/3400/files/ARS-802_RM_Models_Spec_Sheet_0321.pdf?v=1617810279"">Spec Sheet</a><a data-mce-fragment=""1"" href=""https://cdn.shopify.com/s/files/1/0294/4116/3400/files/ASV-801_FM_Models_Spec_Sheet_0321.pdf?v=1617747960"" aria-describedby=""a11y-external-message"" data-mce-href=""https://cdn.shopify.com/s/files/1/0294/4116/3400/files/ASV-801_FM_Models_Spec_Sheet_0321.pdf?v=1617747960"">.</a></p>
<ul></ul>",Dynamic AQS,Uncategorized,Remote Mount UV,NEX,true,Size,"12""",,,,,,,,RM2-12/12,0.0,,0,deny,manual,true,true,,,,,,https://cdn.shopify.com/s/files/1/0883/2679/9661/files/NEXRM2-16-16.jpg?v=1722367474,1,,false,,,,lb,,active
pristine-air-rm-2-uvc-uvc-germicidal-system-remote-mount,,,,,,,,,"16""",,,,,,,,RM2-16/16,0.0,,0,deny,manual,true,true,,,,,,,,,,,,,lb,,
pristine-air-rm-2-dual-uvc-uvv-germicidal-oxidation-system-remote-mount,Pristine Air Sterile Sweep® Remote Mount - RM2 Dual UVC/UVV Germicidal,"<p>- Remote Mount UVC lamp unit with 12"" and 16"" sizes available<br>- Two year warranty against lamp defects<br>- Lifetime warranty on all electric components<br>- Auto sensing ballast automatically compensates 120-277VAC 50/60Hz<br>- Suitable for up to a 10 ton AHU<br></p>
<p>For more information, see our<span> <a href=""https://cdn.shopify.com/s/files/1/0294/4116/3400/files/ASV_UVC_UVV_Frequently_Asked_Questions_Sheet.pdf?v=1617748399"">UV</a></span><a href=""https://cdn.shopify.com/s/files/1/0294/4116/3400/files/NEX_UVC_UVV_Frequently_Asked_Questions_Sheet.pdf?v=1617817352""> Frequently Asked Questions</a> <span></span>page <span data-mce-fragment=""1"">or view/download the </span><span data-mce-fragment=""1""></span><a data-mce-fragment=""1"" href=""https://cdn.shopify.com/s/files/1/0294/4116/3400/files/ARS-802_RM_Models_Spec_Sheet_0321.pdf?v=1617810279"" aria-describedby=""a11y-external-message"" data-mce-href=""https://cdn.shopify.com/s/files/1/0294/4116/3400/files/ARS-802_RM_Models_Spec_Sheet_0321.pdf?v=1617810279"">Spec Sheet</a><a data-mce-fragment=""1"" href=""https://cdn.shopify.com/s/files/1/0294/4116/3400/files/ASV-801_FM_Models_Spec_Sheet_0321.pdf?v=1617747960"" aria-describedby=""a11y-external-message"" data-mce-href=""https://cdn.shopify.com/s/files/1/0294/4116/3400/files/ASV-801_FM_Models_Spec_Sheet_0321.pdf?v=1617747960"">.</a></p>
<ul></ul>",Dynamic AQS,Uncategorized,Remote Mount UV,NEX,true,Size,"12""",,,,,,,,RM2-12/5,0.0,,0,deny,manual,true,true,,,,,,https://cdn.shopify.com/s/files/1/0883/2679/9661/files/NEXRM2-16-5.jpg?v=1722367471,1,,false,,,,lb,,active
pristine-air-rm-2-dual-uvc-uvv-germicidal-oxidation-system-remote-mount,,,,,,,,,"16""",,,,,,,,RM2-16/5,0.0,,0,deny,manual,true,true,,,,,,,,,,,,,lb,,
pristine-air-rm-1-oxidation-system,"Pristine Air Sterile Sweep® RM1-5WB, One 5” UVV Oxidation Lamp Unit","<p><span>- Remote Mount UVV 5"" oxidation unit with ballast (RM1-5WB).</span><br><span>- Two year warranty against lamp defects</span><br><span>- Lifetime warranty on all electric components</span><br><span>- Auto sensing ballast automatically compensates 120-277VAC 50/60Hz</span><br><span>- Suitable for up to a 10 ton AHU</span></p>
<p>For more information, see our <span><a href=""https://cdn.shopify.com/s/files/1/0294/4116/3400/files/ASV_UVC_UVV_Frequently_Asked_Questions_Sheet.pdf?v=1617748399"">UV</a></span><a href=""https://cdn.shopify.com/s/files/1/0294/4116/3400/files/NEX_UVC_UVV_Frequently_Asked_Questions_Sheet.pdf?v=1617817352""> Frequently Asked Questions</a> <span></span>page <span data-mce-fragment=""1"">or view/download the </span><span data-mce-fragment=""1""></span><a aria-describedby=""a11y-external-message"" href=""https://cdn.shopify.com/s/files/1/0294/4116/3400/files/ARS-802_RM_Models_Spec_Sheet_0321.pdf?v=1617810279"" data-mce-fragment=""1"" data-mce-href=""https://cdn.shopify.com/s/files/1/0294/4116/3400/files/ARS-802_RM_Models_Spec_Sheet_0321.pdf?v=1617810279"">Spec Sheet</a><a aria-describedby=""a11y-external-message"" href=""https://cdn.shopify.com/s/files/1/0294/4116/3400/files/ASV-801_FM_Models_Spec_Sheet_0321.pdf?v=1617747960"" data-mce-fragment=""1"" data-mce-href=""https://cdn.shopify.com/s/files/1/0294/4116/3400/files/ASV-801_FM_Models_Spec_Sheet_0321.pdf?v=1617747960"">.</a></p>
<ul></ul>",Dynamic AQS,Uncategorized,Remote Mount UV,NEX,true,Title,Default Title,,,,,,,,RM1-5WB,0.0,,0,deny,manual,true,true,,,,,,https://cdn.shopify.com/s/files/1/0883/2679/9661/files/NEXRM1-5WB.jpg?v=1722367469,1,,false,,,,lb,,active
pristine-air-rm-1-germicidal-uv-system-remote-mount,Pristine Air Sterile Sweep® Remote Mount - RM1 UVC Germicidal System,"<p>- Remote Mount UVC lamp unit with 12"" and 16"" sizes available<br>- Two year warranty against lamp defects<br>- Lifetime warranty on all electric components<br>- Auto sensing ballast automatically compensates 120-277VAC 50/60Hz<br>- Suitable for up to a 10 ton AHU<br></p>
<p>For more information, see our<span></span> <a href=""https://cdn.shopify.com/s/files/1/0294/4116/3400/files/NEX_UVC_UVV_Frequently_Asked_Questions_Sheet.pdf?v=1617817352"">UV Frequently Asked Questions</a> <span></span>page or view/download the<span></span><a href=""https://cdn.shopify.com/s/files/1/0294/4116/3400/files/NEX-802_RM_Models_Spec_Sheet_0321.pdf?v=1617816821""> Spec Sheet</a><a href=""https://cdn.shopify.com/s/files/1/0294/4116/3400/files/ASV-801_FM_Models_Spec_Sheet_0321.pdf?v=1617747960"">.</a></p>
<ul></ul>",Dynamic AQS,Uncategorized,Remote Mount UV,NEX,true,Size,"12""",,,,,,,,RM1-12,0.0,,0,deny,manual,true,true,,,,,,https://cdn.shopify.com/s/files/1/0883/2679/9661/files/NEXRM1-16.jpg?v=1722367463,1,,false,,,,lb,,active
pristine-air-rm-1-germicidal-uv-system-remote-mount,,,,,,,,,"16""",,,,,,,,RM1-16,0.0,,0,deny,manual,true,true,,,,,,,,,,,,,lb,,
pristine-air-rh2-steam-humidifier-space-unit-package,Pristine Air RH2+ Steam Humidifier Space Unit Package,"<p>RH2+ self-generating electrode type steam humidifier for wall-mounting inside the space with integral blower.</p>
<p>110-240VAC</p>
<p>Package includes:</p>
<p>Wall Mounted Space Humidifier, Wall Mounted Humidistat, Outdoor Mount Temperature Sensor </p>
<p>For more information, you can view/download the <a href=""https://cdn.shopify.com/s/files/1/0294/4116/3400/files/ASV-921_RH2_Space_Steam_Humidifier_Spec_Sheet.pdf?v=1638212893"">Spec Sheet</a> and <a href=""https://cdn.shopify.com/s/files/1/0294/4116/3400/files/2601564-A_RH2_Installation_and_Operation_DynamicAir.pdf?v=1638212981"">Install Manual</a>.</p>
<p> </p>",Dynamic AQS,Home & Garden > Household Appliances > Climate Control Appliances > Humidifiers,Humidifiers,NEX,true,Title,Default Title,,,,,,,,RH2-SPACE-PKG,0.0,,0,deny,manual,true,false,,,,,,https://cdn.shopify.com/s/files/1/0883/2679/9661/files/NEXHumidSpacePackage900x900.jpg?v=1722367459,1,,false,,,,lb,,active
pristine-air-rh2-steam-humidifier-space-unit-package,,,,,,,,,,,,,,,,,,,,,,,,,,,,,,https://cdn.shopify.com/s/files/1/0883/2679/9661/files/SNAHumidSpacePackage900x900.jpg?v=1722367459,2,,,,,,,,
pristine-air-poster,Pristine Air Poster,"<p>Poster measures 24"" x 18""</p>",Dynamic AQS,Uncategorized,Marketing and Training,NEX,false,Title,Default Title,,,,,,,,B-NEX609,0.0,,0,deny,manual,true,true,,,,,,https://cdn.shopify.com/s/files/1/0883/2679/9661/files/609trainingposterNEX6-21HR900x900.jpg?v=1722367453,1,,false,,,,lb,,active
pristine-air-mktg-consumer-handbook,Pristine Air Consumer Handbook,"<p>Consumer's Handbook</p>
<p>Click <a href=""https://cdn.shopify.com/s/files/1/0294/4116/3400/files/NEX-233_0419R.pdf?v=1616604538"">here</a> to download a pdf version.</p>",Dynamic AQS,Uncategorized,Marketing and Training,NEX,true,Title,Default Title,,,,,,,,B-NEX233,0.0,,0,deny,manual,true,true,,,,,,https://cdn.shopify.com/s/files/1/0883/2679/9661/files/NEX-233.jpg?v=1722367450,1,,false,,,,lb,,active
pristine-air-home-show-kit,Pristine Air Home Show Kit,"<p><strong>This kit comes with:</strong></p>
<p>1 -UV Demo Display (Part#LPC36NONUV)</p>
<p>1 -Polarized-Media Air Cleaner Demo Unit (Part# 1LPD1410WITHCASE)</p>
<p>1 - Video Book (Part#VB2020)</p>
<p>20 - Clean Air Provided By Stickers (Part# NEX-607)</p>
<p>2 - Consumer Handbooks (Part# <span data-mce-fragment=""1"">NEX</span>-233)</p>
<p>1  Training Poster (Part# <span data-mce-fragment=""1"">NEX</span>-609)</p>
<p>100  Fixed Mount or Remote Mount Total Home Solutions brochures (Part# <span data-mce-fragment=""1"">NEX</span>-252FM or <span data-mce-fragment=""1"">NEX</span>-252RM)</p>
<p><span>Limit - 1 per order</span></p>",Dynamic AQS,,Marketing and Training,NEX,true,UV Brochure,Fixed Mount UV,,,,,,,,B-NEXFMHOMESHOWKIT,0.0,,0,deny,manual,true,true,,,,,,https://cdn.shopify.com/s/files/1/0883/2679/9661/files/NEXHomeShowKit.jpg?v=1722367447,1,,false,,,,lb,,active
pristine-air-home-show-kit,,,,,,,,,Remote Mount UV,,,,,,,,B-NEXRMHOMESHOWKIT,0.0,,0,deny,manual,true,true,,,,,,https://cdn.shopify.com/s/files/1/0883/2679/9661/files/NEXHomeShowKitDescriptions.jpg?v=1722367447,2,,,,,,lb,,
pristine-air-home-rh2-steam-humidifier-ducted-package,Pristine Air Home RH2+ Steam Humidifier Ducted Package,"<p>RH2+ self-generating electrode type steam humidifier for ducted applications.</p>
<p>110-240VAC</p>
<p>Package includes:</p>
<p>Duct Mounted Humidifier, Steam Hose Kit, Steam Distributor, Duct Mounted Humidistat, Outdoor Mount Temperature Sensor</p>
<p>For more information, you can view/download the <a href=""https://cdn.shopify.com/s/files/1/0294/4116/3400/files/ASV-920_RH2_Ducted_Steam_Humidifier_Spec_Sheet.pdf?v=1638210422"">Spec Shee</a><a href=""https://cdn.shopify.com/s/files/1/0294/4116/3400/files/ARS-920_RH2_Ducted_Steam_Humidifier_Spec_Sheet.pdf?v=1638210411"">t</a> and <a href=""https://cdn.shopify.com/s/files/1/0294/4116/3400/files/2601564-A_RH2_Installation_and_Operation_DynamicAir.pdf?v=1638212981"">Install Manual</a>.</p>
<p> </p>",Dynamic AQS,Home & Garden > Household Appliances > Climate Control Appliances > Humidifiers,Humidifiers,NEX,true,Title,Default Title,,,,,,,,RH2-DUCT-PKG,0.0,,0,deny,manual,true,false,,,,,,https://cdn.shopify.com/s/files/1/0883/2679/9661/files/NEXHumidDuctPackage900x900.jpg?v=1722367443,1,,false,,,,lb,,active
pristine-air-fm-3-uvc-uvc-uvv-dual-germicidal-oxidation-system,Pristine Air Sterile Sweep® FM3-16/16/5 (2 - 16” UVC lamps with a 5” UVV lamp) or FM3-12/12/5 (2 - 12” UVC lamps with a 5” UVV lamp) Triple Germicidal/Oxidation System,"<p>Fixed Mount, 3 lamp System. 2 high output UVC lamps and 1 5"" UVV Oxidation lamp.</p>
<p><span>For more information, see our </span><a href=""/pages/ultraviolet-frequently-asked-questions"" data-mce-href=""/pages/ultraviolet-frequently-asked-questions"">Ultraviolet Frequently Asked Questions</a> page.</p>",Dynamic AQS,Uncategorized,Fixed Mount UV,NEX,true,Size,"12""",,,,,,,,FM3-12/12/5,0.0,,0,deny,manual,true,true,,,,,,https://cdn.shopify.com/s/files/1/0883/2679/9661/files/NEXFM3-16-16-5.jpg?v=1722367440,1,,false,,,,lb,,active
pristine-air-fm-3-uvc-uvc-uvv-dual-germicidal-oxidation-system,,,,,,,,,"16""",,,,,,,,FM3-16/16/5,0.0,,0,deny,manual,true,true,,,,,,,,,,,,,lb,,
pristine-air-fm-2-uvc-uvv-dual-germicidal-oxidation-system,Pristine Air Sterile Sweep® Fixed Mount - FM2 UVC/UVV Dual Germicidal/Oxidation  System,"<p>- Fixed Mount UVC lamp unit with 12"" and 16"" sizes available<br>- Two year warranty against lamp defects<br>- Lifetime warranty on all electric components<br>- Auto sensing ballast automatically compensates 120-277VAC 50/60Hz<br>- Suitable for up to a 10 ton AHU<br></p>
<p>For more information, see our<span></span> <a href=""https://cdn.shopify.com/s/files/1/0294/4116/3400/files/NEX_UVC_UVV_Frequently_Asked_Questions_Sheet.pdf?v=1617817352"" data-mce-href=""https://cdn.shopify.com/s/files/1/0294/4116/3400/files/NEX_UVC_UVV_Frequently_Asked_Questions_Sheet.pdf?v=1617817352"">UV Frequently Asked Questions </a><span></span>page or view/download the<span></span> <a href=""https://cdn.shopify.com/s/files/1/0294/4116/3400/files/NEX-801_FM_Models_Spec_Sheet_0321.pdf?v=1617816821"" data-mce-href=""https://cdn.shopify.com/s/files/1/0294/4116/3400/files/NEX-801_FM_Models_Spec_Sheet_0321.pdf?v=1617816821"">Spec Sheet</a><a href=""https://cdn.shopify.com/s/files/1/0294/4116/3400/files/ASV-801_FM_Models_Spec_Sheet_0321.pdf?v=1617747960"" data-mce-href=""https://cdn.shopify.com/s/files/1/0294/4116/3400/files/ASV-801_FM_Models_Spec_Sheet_0321.pdf?v=1617747960"">.</a></p>
<ul></ul>",Dynamic AQS,Uncategorized,Fixed Mount UV,NEX,true,Size,"12""",,,,,,,,FM2-12/5,0.0,,0,deny,manual,true,true,,,,,,https://cdn.shopify.com/s/files/1/0883/2679/9661/files/NEXFM2-16-5.jpg?v=1722367438,1,,false,,,,lb,,active
pristine-air-fm-2-uvc-uvv-dual-germicidal-oxidation-system,,,,,,,,,"16""",,,,,,,,FM2-16/5,0.0,,-2,deny,manual,true,true,,,,,,,,,,,,,lb,,
pristine-air-fm-1-oxidation-system,"Pristine Air FM1-5, One 5” UVV Sterile Sweep® Oxidation Unit","<p>120/240 volt fixed mount 5"" oxidation unit (FM1-5)</p>
<p>For more information, see our <a href=""/pages/ultraviolet-frequently-asked-questions"">Ultraviolet Frequently Asked Questions</a> page.</p>",Dynamic AQS,Uncategorized,Fixed Mount UV,NEX,true,Title,Default Title,,,,,,,,FM1-5,0.0,,0,deny,manual,true,true,,,,,,https://cdn.shopify.com/s/files/1/0883/2679/9661/files/NEXFM1-5.jpg?v=1722367436,1,,false,,,,lb,,active
pristine-air-fm-1-germicidal-uv-system,Pristine Air Sterile Sweep® Fixed Mount - FM1 Germicidal UVC System,"<p>- Fixed Mount UVC lamp unit with 12"" and 16"" sizes available<br>- Two year warranty against lamp defects<br>- Lifetime warranty on all electric components<br>- Auto sensing ballast automatically compensates 120-277VAC 50/60Hz<br>- Suitable for up to a 10 ton AHU<br></p>
<p>For more information, see our<span></span> <a href=""https://cdn.shopify.com/s/files/1/0294/4116/3400/files/NEX_UVC_UVV_Frequently_Asked_Questions_Sheet.pdf?v=1617817352"">UV Frequently Asked Questions</a> <span></span>page or view/download the<span></span><a href=""https://cdn.shopify.com/s/files/1/0294/4116/3400/files/NEX-801_FM_Models_Spec_Sheet_0321.pdf?v=1617816821""> Spec Sheet</a><a href=""https://cdn.shopify.com/s/files/1/0294/4116/3400/files/ASV-801_FM_Models_Spec_Sheet_0321.pdf?v=1617747960"">.</a></p>
<ul></ul>",Dynamic AQS,Home & Garden > Household Appliances > Climate Control Appliances > Air Purifiers,Fixed Mount UV,NEX,true,Size,"12""",,,,,,,,FM1-12,0.0,,0,deny,manual,true,true,,,,,,https://cdn.shopify.com/s/files/1/0883/2679/9661/files/NEXFM1.jpg?v=1722367433,1,,false,,,,lb,,active
pristine-air-fm-1-germicidal-uv-system,,,,,,,,,"16""",,,,,,,,FM1-16,0.0,,-6,deny,manual,true,true,,,,,,,,,,,,,lb,,
pristine-air-clean-air-sticker,Clean Air Provided by Pristine Air Sticker (20 Pack),"<p>Clean Air Provided by Sticker</p>
<p>Brand Sticker, 20-pack</p>",Dynamic AQS,Uncategorized,Marketing and Training,NEX,true,Title,Default Title,,,,,,,,B-NEX607,0.0,,0,deny,manual,true,true,,,,,,https://cdn.shopify.com/s/files/1/0883/2679/9661/files/CleanAirPristineHR.jpg?v=1722367429,1,,false,,,,lb,,active
pristine-air-300cfm-bypass-hepa-system,Pristine Air 300 CFM Bypass HEPA System,"<p>300 CFM Bypass HEPA System with 1.5 inch pre-filter and 2 inch HEPA.</p>
<p>HP-300</p>
<p>Options ordered separately</p>
<ul>
<li><a href=""/collections/hepa/products/hepa-collar-mount-kit"">8"" Collars for remote mount</a></li>
<li><a href=""/collections/hepa/products/hepa-carbon-module"">Carbon Matrix Cell</a></li>
</ul>
<p><span>Notes</span></p>
<ul>
<li>For more information, v<span data-mce-fragment=""1"">iew/download the </span><a data-mce-fragment=""1"" href=""https://cdn.shopify.com/s/files/1/0294/4116/3400/files/ARS-802_RM_Models_Spec_Sheet_0321.pdf?v=1617810279"" aria-describedby=""a11y-external-message"" data-mce-href=""https://cdn.shopify.com/s/files/1/0294/4116/3400/files/ARS-802_RM_Models_Spec_Sheet_0321.pdf?v=1617810279"">Spec Sheet</a><a data-mce-fragment=""1"" href=""https://cdn.shopify.com/s/files/1/0294/4116/3400/files/ASV-801_FM_Models_Spec_Sheet_0321.pdf?v=1617747960"" aria-describedby=""a11y-external-message"" data-mce-href=""https://cdn.shopify.com/s/files/1/0294/4116/3400/files/ASV-801_FM_Models_Spec_Sheet_0321.pdf?v=1617747960"">.</a>
</li>
</ul>",Dynamic AQS,Uncategorized,HEPA,NEX,true,Title,Default Title,,,,,,,,HP-300,0.0,,0,deny,manual,true,true,,,,,,https://cdn.shopify.com/s/files/1/0883/2679/9661/files/NEX_HEPA.png?v=1722367426,1,,false,,,,lb,,active
pan-treatment-magnet,Pan Treatment Magnet,"<p>Pan Treatment Magnet is 12"" x 6""</p>
<p>To be placed on the AHU to cover the pan treatment access opening</p>",Dynamic AQS,,Pan Strips,"ASV, CAD, ECO, MPA, NEX, SLA, SNA",true,Title,Default Title,,,,,,,,PTMAGNET,0.0,,0,deny,manual,true,true,,,,,,https://cdn.shopify.com/s/files/1/0883/2679/9661/files/PanTreatmentMagnet.jpg?v=1722367424,1,,false,,,,lb,,active
mktg-video-book,Video Book,<p>IAQ Video Book</p>,Dynamic AQS,Uncategorized,Marketing and Training,"ASV, CAD, ECO, MPA, NEX, SLA, SNA",true,Title,Default Title,,,,,,,,B-VB2020,0.0,,-18,deny,manual,true,true,,,,,,https://cdn.shopify.com/s/files/1/0883/2679/9661/files/Video-Book.png?v=1722367422,1,,false,,,,lb,,active
mktg-low-pressure-demo-with-briefcase,Demo Unit with Briefcase,<p>Low Pressure 1 inch Demo Unit with briefcase.</p>,Dynamic AQS,,Marketing and Training,"ASV, CAD, ECO, MPA, NEX, SLA, SNA",true,Title,Default Title,,,,,,,,1LPD1410WITHCASE,0.0,,-6,deny,manual,true,true,,,,,,https://cdn.shopify.com/s/files/1/0883/2679/9661/files/LPDemoUnitwithcase.png?v=1722367417,1,,false,,,,lb,,active
mktg-low-pressure-demo,Demo Unit,"<p>Low Pressure 1"" Demo Unit, 14'' x 10''<br></p>",Dynamic AQS,Uncategorized,Marketing and Training,"ASV, CAD, ECO, MPA, NEX, SLA, SNA",true,Title,Default Title,,,,,,,,1LPDEMO1410,0.0,,0,deny,manual,true,true,,,,,,https://cdn.shopify.com/s/files/1/0883/2679/9661/files/DemoPanel1.png?v=1724949096,1,,false,,,,lb,,active
mktg-low-pressure-demo,,,,,,,,,,,,,,,,,,,,,,,,,,,,,,https://cdn.shopify.com/s/files/1/0883/2679/9661/files/DemoPanel3.png?v=1724949100,2,,,,,,,,
mktg-low-pressure-demo,,,,,,,,,,,,,,,,,,,,,,,,,,,,,,https://cdn.shopify.com/s/files/1/0883/2679/9661/files/DemoPanel2.png?v=1724949101,3,,,,,,,,
mktg-display,UV Demo Display,"<p>UV Demo Display with Non-UV Lamps</p>
<p>Remote Mount 2 - 12/5:</p>
<ul>
<li>a 12 inch demo sanitizing bulb</li>
<li>a 5 inch demo oxidizing bulb</li>
</ul>",Dynamic AQS,Uncategorized,Marketing and Training,"ASV, CAD, ECO, MPA, NEX, SLA, SNA",true,Title,Default Title,,,,,,,,UV-LPC36NONUV,0.0,,-2,deny,manual,true,true,,,,,,https://cdn.shopify.com/s/files/1/0883/2679/9661/files/MetalDisplay.png?v=1722367408,1,,false,,,,lb,,active
lsk-25403-16-adp-uvv-uvc-combo-replacement-lamps-w-adapter-1,LSK-25403-16/ADP UVV/UVC Combo Replacement Lamps w/Adapter,"<p>44W UVC16HC AND UVV5 LAMPS 16"" W/ ADAPTER</p>",Dynamic AQS,Uncategorized,UV Accessories,STS,true,Title,Default Title,,,,,,,,LSK-25403-16ADPT,0.0,,0,deny,manual,true,true,,,,,,https://cdn.shopify.com/s/files/1/0883/2679/9661/files/LSK-25403-16-ADP_4047d0b6-47ed-41f0-9d06-93b8e6b4d5c3.png?v=1722367405,1,,false,,,,lb,,active
lsk-25403-16-adp-uvv-uvc-combo-replacement-lamps-w-adapter-1,,,,,,,,,,,,,,,,,,,,,,,,,,,,,,https://cdn.shopify.com/s/files/1/0883/2679/9661/files/AdaptorPlateforLSK-25403-16ADP_2a5aa460-277b-4d41-a994-ee7c25a67106.png?v=1722367405,2,,,,,,,,
lsk-25403-16-adp-uvv-uvc-combo-replacement-lamps-w-adapter,Replacement Lamp Kit w/Adapter for UVC/UVV Sterile Sweep Systems,"<p>44W UVC16HC and UVV5 LAMPS 16"" W/ ADAPTER</p>",Dynamic AQS,Uncategorized,UV Accessories,"ASV, CAD, ECO, MPA, NEX, SLA, SNA",true,Title,Default Title,,,,,,,,LSK-25403-16ADPT,0.0,,-1,deny,manual,true,true,,,,,,https://cdn.shopify.com/s/files/1/0883/2679/9661/files/LSK-25403-16-ADP.jpg?v=1722367400,1,,false,,,,lb,,active
lsk-25403-16-adp-uvv-uvc-combo-replacement-lamps-w-adapter,,,,,,,,,,,,,,,,,,,,,,,,,,,,,,https://cdn.shopify.com/s/files/1/0883/2679/9661/files/LSK-25403-16-ADPPlate.jpg?v=1722367400,2,,,,,,,,
lsk-25403-16-2-or-lsk-25403-12-2-uvv-uvc-combo-replacement-lamps,Replacement Lamp Kit for FM3 and RM3 UVC/UVV Sterile Sweep Systems,"<p>Replacement lamp kit for FM3 and RM3 models:</p>
<p><strong>FM3-16/16/5</strong> or <strong>FM3-12/12/5</strong></p>
<p><strong>RM3-16/16/5</strong> or <strong>RM2-12/12/5</strong></p>
<p>LSK-25403-16-2 (2x 16"" &amp; 5"") or LSK-25403-12-2  (2x 12"" &amp; 5"") UVC/UVV combo Replacement Lamps</p>
<p>Comes with two 16"" or 12"" UVC lamp plus one 5 UVV lamp.</p>
<p><br></p>
<p><br></p>
<p> </p>",Dynamic AQS,Uncategorized,UV Accessories,"ASV, CAD, ECO, MPA, NEX, SLA, SNA",true,Size,"12""",,,,,,,,LSK-25403-12-2,0.0,,0,deny,manual,true,true,,,,,,https://cdn.shopify.com/s/files/1/0883/2679/9661/files/FM316-16-5BulbReplacement900x900.png?v=1722367396,1,,false,,,,lb,,active
lsk-25403-16-2-or-lsk-25403-12-2-uvv-uvc-combo-replacement-lamps,,,,,,,,,"16""",,,,,,,,LSK-25403-16-2,0.0,,0,deny,manual,true,true,,,,,,,,,,,,,lb,,
hepa-replacement-filter,"HP-RHF562, Replacement HEPA Filter","<p>Replacement HEPA filter (recommended replacement once every 2 years)</p>
<p>(RHF562)</p>",Dynamic AQS,Uncategorized,HEPA,"ASV, CAD, ECO, MPA, NEX, SLA, SNA",true,Title,Default Title,,,,,,,,HP-RHF562,0.0,,-7,deny,manual,true,true,,,,,,https://cdn.shopify.com/s/files/1/0883/2679/9661/files/RHF562.png?v=1722367394,1,,false,,,,lb,,active
hepa-collar-mount-kit,"HP-CMK500, 8” Collar Kit for Remote Mounting Applications","<p>HEPA 8 inch collar kit</p>
",Dynamic AQS,Uncategorized,HEPA,"ASV, CAD, ECO, MPA, NEX, SLA, SNA",true,Title,Default Title,,,,,,,,HP-CMK500,0.0,,-5,deny,manual,true,true,,,,,,https://cdn.shopify.com/s/files/1/0883/2679/9661/files/HEPACollarmountkit.png?v=1722367391,1,,false,,,,lb,,active
hepa-annual-replacement-kit,"HP-ARK564, Annual Prefilter Replacement Kit","<p>Annual filter replacement kit (recommended replacement once every 6 months - 2 filters per kit)</p>
<p>(ARK564)</p>",Dynamic AQS,Uncategorized,HEPA,"ASV, CAD, ECO, MPA, NEX, SLA, SNA",true,Title,Default Title,,,,,,,,HP-ARK564,0.0,,-23,deny,manual,true,true,,,,,,https://cdn.shopify.com/s/files/1/0883/2679/9661/files/ARK564.png?v=1722367385,1,,false,,,,lb,,active
ecohealthyhome-home-show-kit,EcoHealthyHome Home Show Kit,"<p><strong>This kit comes with:</strong></p>
<p>1 -UV Demo Display (Part#LPC36NONUV)</p>
<p>1 -Polarized-Media Air Cleaner Demo Unit (Part# 1LPD1410WITHCASE)</p>
<p>1 - Video Book (Part#VB2020)</p>
<p>20 - Clean Air Provided By Stickers (Part# ECO-607)</p>
<p>2 - Consumer Handbooks (Part#<span data-mce-fragment=""1"">ECO</span>-233)</p>
<p>1  Training Poster (Part# <span data-mce-fragment=""1"">ECO</span>-609)</p>
<p>100  Fixed Mount or Remote Mount Total Home Solutions brochures (Part# <span data-mce-fragment=""1"">ECO</span>-252FM or <span data-mce-fragment=""1"">ECO</span>-252RM)</p>
<p><span>Limit - 1 per order</span></p>",Dynamic AQS,,Marketing and Training,ECO,true,UV Brochure,Fixed Mount UV,,,,,,,,B-ECOFMHOMESHOWKIT,0.0,,0,deny,manual,true,true,,,,,,https://cdn.shopify.com/s/files/1/0883/2679/9661/files/ECOHomeShowKit.jpg?v=1722367382,1,,false,,,,lb,,active
ecohealthyhome-home-show-kit,,,,,,,,,Remote Mount UV,,,,,,,,B-ECORMHOMESHOWKIT,0.0,,0,deny,manual,true,true,,,,,,https://cdn.shopify.com/s/files/1/0883/2679/9661/files/ECOHomeShowKitDescriptions.jpg?v=1722367382,2,,,,,,lb,,
eco-healthy-home-total-home-solutions-remote-mount-brochure,Eco Healthy Home Total Home Solutions Remote Mount Brochure,"<p>Eco Healthy Home Total Home Solutions Remote Mount Brochure.</p>
<p>To download, please click <a href=""https://cdn.shopify.com/s/files/1/0294/4116/3400/files/THS_252_ECO_RM_10-20_LR.pdf?v=1617198411"">here</a>.</p>",Dynamic AQS,Uncategorized,Marketing and Training,ECO,true,Title,Default Title,,,,,,,,B-ECO252RM,0.0,,0,deny,manual,true,true,,,,,,https://cdn.shopify.com/s/files/1/0883/2679/9661/files/ECO-252FM_e06857e8-7097-49de-966f-ee611b94aef7.jpg?v=1722367378,1,,false,,,,lb,,active
eco-healthy-home-total-home-solutions-fixed-mount-brochure,Eco Healthy Home Total Home Solutions Fixed Mount Brochure,"<p>Eco Healthy Home Total Home Solutions Fixed Mount Brochure.</p>
<p>To download, please click <a href=""https://cdn.shopify.com/s/files/1/0294/4116/3400/files/THS_252_ECO_FM_10-20_LR.pdf?v=1617195288"">here</a>.</p>",Dynamic AQS,Uncategorized,Marketing and Training,ECO,true,Title,Default Title,,,,,,,,B-ECO252FM,0.0,,0,deny,manual,true,true,,,,,,https://cdn.shopify.com/s/files/1/0883/2679/9661/files/ECO-252FM.jpg?v=1722367376,1,,false,,,,lb,,active
eco-healthy-home-rm-3-uvc-uvc-uvv-dual-germicidal-oxidation-system,Eco Healthy Home Sterile Sweep® Remote Mount - RM3 UVC/UVV Triple Germicidal/Oxidation System,"<p>- Remote Mount UVC lamp unit with 12"" and 16"" sizes available<br>- Two year warranty against lamp defects<br>- Lifetime warranty on all electric components<br>- Auto sensing ballast automatically compensates 120-277VAC 50/60Hz<br>- Suitable for up to a 10 ton AHU<br></p>
<p>For more information, see our<span></span> <a href=""https://cdn.shopify.com/s/files/1/0294/4116/3400/files/ECO_UVC_UVV_Frequently_Asked_Questions_Sheet.pdf?v=1617815714"">UV Frequently Asked Questions </a><span></span>page <span data-mce-fragment=""1"">or view/download the</span><span data-mce-fragment=""1""></span> <a data-mce-fragment=""1"" href=""https://cdn.shopify.com/s/files/1/0294/4116/3400/files/ARS-802_RM_Models_Spec_Sheet_0321.pdf?v=1617810279"" aria-describedby=""a11y-external-message"" data-mce-href=""https://cdn.shopify.com/s/files/1/0294/4116/3400/files/ARS-802_RM_Models_Spec_Sheet_0321.pdf?v=1617810279"">Spec Sheet</a>.</p>
<ul></ul>",Dynamic AQS,Home & Garden > Household Appliances > Climate Control Appliances > Air Purifiers,Remote Mount UV,ECO,true,Size,"12""",,,,,,,,RM3-12/12/5,0.0,,0,deny,manual,true,true,,,,,,https://cdn.shopify.com/s/files/1/0883/2679/9661/files/ECORM3-16-16-5.jpg?v=1722367374,1,,false,,,,lb,,active
eco-healthy-home-rm-3-uvc-uvc-uvv-dual-germicidal-oxidation-system,,,,,,,,,"16""",,,,,,,,RM3-16/16/5,0.0,,0,deny,manual,true,true,,,,,,,,,,,,,lb,,
eco-healthy-home-rm-2-uvc-uvc-germicidal-system-remote-mount,Eco Healthy Home Sterile Sweep® Remote Mount - RM2 Dual UVC Germicidal Unit,"<p>- Remote Mount UVC lamp unit with 12"" and 16"" sizes available<br>- Two year warranty against lamp defects<br>- Lifetime warranty on all electric components<br>- Auto sensing ballast automatically compensates 120-277VAC 50/60Hz<br>- Suitable for up to a 10 ton AHU</p>
<p>For more information, see our<span></span> <a href=""https://cdn.shopify.com/s/files/1/0294/4116/3400/files/ECO_UVC_UVV_Frequently_Asked_Questions_Sheet.pdf?v=1617815714"">UV Frequently Asked Questions</a> <span></span>page <span data-mce-fragment=""1"">or view/download the</span><span data-mce-fragment=""1""></span> <a data-mce-fragment=""1"" aria-describedby=""a11y-external-message"" href=""https://cdn.shopify.com/s/files/1/0294/4116/3400/files/ARS-802_RM_Models_Spec_Sheet_0321.pdf?v=1617810279"" data-mce-href=""https://cdn.shopify.com/s/files/1/0294/4116/3400/files/ARS-802_RM_Models_Spec_Sheet_0321.pdf?v=1617810279"">Spec Sheet</a><a data-mce-fragment=""1"" aria-describedby=""a11y-external-message"" href=""https://cdn.shopify.com/s/files/1/0294/4116/3400/files/ASV-801_FM_Models_Spec_Sheet_0321.pdf?v=1617747960"" data-mce-href=""https://cdn.shopify.com/s/files/1/0294/4116/3400/files/ASV-801_FM_Models_Spec_Sheet_0321.pdf?v=1617747960"">.</a></p>
<ul></ul>",Dynamic AQS,Uncategorized,Remote Mount UV,ECO,true,Size,"12""",,,,,,,,RM2-12/12,0.0,,0,deny,manual,true,true,,,,,,https://cdn.shopify.com/s/files/1/0883/2679/9661/files/ECORM2-16-16.jpg?v=1722367371,1,,false,,,,lb,,active
eco-healthy-home-rm-2-uvc-uvc-germicidal-system-remote-mount,,,,,,,,,"16""",,,,,,,,RM2-16/16,0.0,,0,deny,manual,true,true,,,,,,,,,,,,,lb,,
eco-healthy-home-rm-2-dual-uvc-uvv-germicidal-oxidation-system-remote-mount,Eco Healthy Home Sterile Sweep® Remote Mount - RM2 Dual UVC/UVV Germicidal,"<p>- Remote Mount UVC lamp unit with 12"" and 16"" sizes available<br>- Two year warranty against lamp defects<br>- Lifetime warranty on all electric components<br>- Auto sensing ballast automatically compensates 120-277VAC 50/60Hz<br>- Suitable for up to a 10 ton AHU<br></p>
<p>For more information, see our<span> <a href=""https://cdn.shopify.com/s/files/1/0294/4116/3400/files/ASV_UVC_UVV_Frequently_Asked_Questions_Sheet.pdf?v=1617748399"">UV </a></span><a href=""https://cdn.shopify.com/s/files/1/0294/4116/3400/files/ECO_UVC_UVV_Frequently_Asked_Questions_Sheet.pdf?v=1617815714"">Frequently Asked Questions</a> <span></span>page <span data-mce-fragment=""1"">or view/download the </span><span data-mce-fragment=""1""></span><a aria-describedby=""a11y-external-message"" href=""https://cdn.shopify.com/s/files/1/0294/4116/3400/files/ARS-802_RM_Models_Spec_Sheet_0321.pdf?v=1617810279"" data-mce-fragment=""1"" data-mce-href=""https://cdn.shopify.com/s/files/1/0294/4116/3400/files/ARS-802_RM_Models_Spec_Sheet_0321.pdf?v=1617810279"">Spec Sheet</a><a aria-describedby=""a11y-external-message"" href=""https://cdn.shopify.com/s/files/1/0294/4116/3400/files/ASV-801_FM_Models_Spec_Sheet_0321.pdf?v=1617747960"" data-mce-fragment=""1"" data-mce-href=""https://cdn.shopify.com/s/files/1/0294/4116/3400/files/ASV-801_FM_Models_Spec_Sheet_0321.pdf?v=1617747960"">.</a></p>
<ul></ul>",Dynamic AQS,Uncategorized,Remote Mount UV,ECO,true,Size,"12""",,,,,,,,RM2-12/5,0.0,,0,deny,manual,true,true,,,,,,https://cdn.shopify.com/s/files/1/0883/2679/9661/files/ECORM2-16-5.jpg?v=1722367369,1,,false,,,,lb,,active
eco-healthy-home-rm-2-dual-uvc-uvv-germicidal-oxidation-system-remote-mount,,,,,,,,,"16""",,,,,,,,RM2-16/5,0.0,,0,deny,manual,true,true,,,,,,,,,,,,,lb,,
eco-healthy-home-rm-1-oxidation-system,"Eco Healthy Home Sterile Sweep® RM1-5WB, One 5” UVV Oxidation Lamp Unit","<p><span>120/240 volt remote 5"" UVV oxidation unit with ballast (RM1-5WB).</span></p>
<p>For more information, see our <a href=""/pages/ultraviolet-frequently-asked-questions"" data-mce-href=""/pages/ultraviolet-frequently-asked-questions"">Ultraviolet Frequently Asked Questions</a> page.</p>",Dynamic AQS,Uncategorized,Remote Mount UV,ECO,true,Title,Default Title,,,,,,,,RM1-5WB,0.0,,0,deny,manual,true,true,,,,,,https://cdn.shopify.com/s/files/1/0883/2679/9661/files/ECORM1-5.jpg?v=1722367367,1,,false,,,,lb,,active
eco-healthy-home-rm-1-germicidal-uv-system-remote-mount,Eco Healthy Home Sterile Sweep® Remote Mount - RM1 UVC Germicidal System,"<p>Remote Mount UVC lamp unit with 12"" and 16"" sizes available<br>- Two year warranty against lamp defects<br>- Lifetime warranty on all electric components<br>- Auto sensing ballast automatically compensates 120-277VAC 50/60Hz<br>- Suitable for up to a 10 ton AHU</p>
<p>For more information, see our<span></span> <a href=""https://cdn.shopify.com/s/files/1/0294/4116/3400/files/ECO_UVC_UVV_Frequently_Asked_Questions_Sheet.pdf?v=1617815714"">UV Frequently Asked Questions</a> <span></span>page or view/download the<span></span> <a href=""https://cdn.shopify.com/s/files/1/0294/4116/3400/files/ECO-802_RM_Models_Spec_Sheet_0321.pdf?v=1617815481"">Spec Sheet</a><a href=""https://cdn.shopify.com/s/files/1/0294/4116/3400/files/ASV-801_FM_Models_Spec_Sheet_0321.pdf?v=1617747960"">.</a></p>
<ul></ul>",Dynamic AQS,Uncategorized,Remote Mount UV,ECO,true,Size,"12""",,,,,,,,RM1-12,0.0,,0,deny,manual,true,true,,,,,,https://cdn.shopify.com/s/files/1/0883/2679/9661/files/ECORM1-16.jpg?v=1722367365,1,,false,,,,lb,,active
eco-healthy-home-rm-1-germicidal-uv-system-remote-mount,,,,,,,,,"16""",,,,,,,,RM1-16,0.0,,0,deny,manual,true,true,,,,,,,,,,,,,lb,,
eco-healthy-home-rh2-steam-humidifier-space-unit-package,Eco Healthy Home RH2+ Steam Humidifier Space Unit Package,"<p>RH2+ self-generating electrode type steam humidifier for wall-mounting inside the space with integral blower.</p>
<p>110-240VAC</p>
<p>Package includes:</p>
<p>Wall Mounted Space Humidifier, Wall Mounted Humidistat, Outdoor Mount Temperature Sensor </p>
<p>For more information, you can view/download the <a href=""https://cdn.shopify.com/s/files/1/0294/4116/3400/files/ASV-921_RH2_Space_Steam_Humidifier_Spec_Sheet.pdf?v=1638212893"">Spec Sheet</a> and <a href=""https://cdn.shopify.com/s/files/1/0883/2679/9661/files/2601564-A_RH2_Installation_and_Operation_DynamicAir.pdf?v=1722457192"">Install Manual</a>.</p>
<p> </p>",Dynamic AQS,Home & Garden > Household Appliances > Climate Control Appliances > Humidifiers,Humidifiers,ECO,true,Title,Default Title,,,,,,,,RH2-SPACE-PKG,0.0,,0,deny,manual,true,false,,,,,,https://cdn.shopify.com/s/files/1/0883/2679/9661/files/ECOHumidSpacePackage900x900.jpg?v=1722367362,1,,false,,,,lb,,active
eco-healthy-home-rh2-steam-humidifier-ducted-package,ECO Healthy Home RH2+ Steam Humidifier Ducted Package,"<p>RH2+ self-generating electrode type steam humidifier for ducted applications.</p>
<p>110-240VAC</p>
<p>Package includes:</p>
<p>Duct Mounted Humidifier, Steam Hose Kit, Steam Distributor, Duct Mounted Humidistat, Outdoor Mount Temperature Sensor</p>
<p>For more information, you can view/download the <a href=""https://cdn.shopify.com/s/files/1/0294/4116/3400/files/ASV-920_RH2_Ducted_Steam_Humidifier_Spec_Sheet.pdf?v=1638210422"">Spec Shee</a><a href=""https://cdn.shopify.com/s/files/1/0294/4116/3400/files/ARS-920_RH2_Ducted_Steam_Humidifier_Spec_Sheet.pdf?v=1638210411"">t</a> and <a href=""https://cdn.shopify.com/s/files/1/0883/2679/9661/files/2601564-A_RH2_Installation_and_Operation_DynamicAir.pdf?v=1722457192"">Install Manual</a>.</p>
<p> </p>",Dynamic AQS,Home & Garden > Household Appliances > Climate Control Appliances > Humidifiers,Humidifiers,ECO,true,Title,Default Title,,,,,,,,RH2-DUCT-PKG,0.0,,0,deny,manual,true,false,,,,,,https://cdn.shopify.com/s/files/1/0883/2679/9661/files/ECOHumidDuctPackage900x900.jpg?v=1722367358,1,,false,,,,lb,,active
eco-healthy-home-poster,EcoHealthyHome Poster,"<p>Poster measures 24"" x 18""</p>",Dynamic AQS,Uncategorized,Marketing and Training,ECO,false,Title,Default Title,,,,,,,,B-ECO609,0.0,,0,deny,manual,true,true,,,,,,https://cdn.shopify.com/s/files/1/0883/2679/9661/files/609trainingposterECO6-21HR900x900.jpg?v=1722367353,1,,false,,,,lb,,active
eco-healthy-home-mktg-consumer-handbook,EcoHealthyHome Consumer Handbook,"<p>Consumer's Handbook</p>
<p>Click <a href=""https://cdn.shopify.com/s/files/1/0294/4116/3400/files/ECO-233_0419.pdf?v=1616604539"">here</a> to download a pdf version.</p>",Dynamic AQS,Uncategorized,Marketing and Training,ECO,true,Title,Default Title,,,,,,,,B-ECO233,0.0,,0,deny,manual,true,true,,,,,,https://cdn.shopify.com/s/files/1/0883/2679/9661/files/ECO-233.jpg?v=1722367351,1,,false,,,,lb,,active
eco-healthy-home-fm-3-uvc-uvc-uvv-dual-germicidal-oxidation-system,Eco Healthy Home Sterile Sweep® Fixed Mount - FM3 UVC/UVV Triple Germicidal/Oxidation System,"<p>- Fixed Mount UVC lamp unit with 12"" and 16"" sizes available<br>- Two year warranty against lamp defects<br>- Lifetime warranty on all electric components<br>- Auto sensing ballast automatically compensates 120-277VAC 50/60Hz<br>- Suitable for up to a 10 ton AHU</p>
<p>For more information, see our<span></span> <a href=""https://cdn.shopify.com/s/files/1/0294/4116/3400/files/ECO_UVC_UVV_Frequently_Asked_Questions_Sheet.pdf?v=1617815714"">UV Frequently Asked Questions</a> <span></span>page or view/download the<span></span><a href=""https://cdn.shopify.com/s/files/1/0294/4116/3400/files/ECO-801_FM_Models_Spec_Sheet_0321.pdf?v=1617815481""> Spec Sheet</a><a href=""https://cdn.shopify.com/s/files/1/0294/4116/3400/files/ASV-801_FM_Models_Spec_Sheet_0321.pdf?v=1617747960"">.</a></p>
<ul></ul>",Dynamic AQS,Uncategorized,Fixed Mount UV,ECO,true,Size,"12""",,,,,,,,FM3-12/12/5,0.0,,0,deny,manual,true,true,,,,,,https://cdn.shopify.com/s/files/1/0883/2679/9661/files/ECOFM3-16-16-5.jpg?v=1722367348,1,,false,,,,lb,,active
eco-healthy-home-fm-3-uvc-uvc-uvv-dual-germicidal-oxidation-system,,,,,,,,,"16""",,,,,,,,FM3-16/16/5,0.0,,0,deny,manual,true,true,,,,,,,,,,,,,lb,,
eco-healthy-home-fm-2-uvc-uvv-dual-germicidal-oxidation-system,Eco Healthy Home Sterile Sweep® Fixed Mount - FM2 UVC/UVV Dual Germicidal/Oxidation  System,"<p>- Fixed Mount UVC lamp unit with 12"" and 16"" sizes available<br>- Two year warranty against lamp defects<br>- Lifetime warranty on all electric components<br>- Auto sensing ballast automatically compensates 120-277VAC 50/60Hz<br>- Suitable for up to a 10 ton AHU</p>
<p>For more information, see our<span></span><a href=""https://cdn.shopify.com/s/files/1/0294/4116/3400/files/ECO_UVC_UVV_Frequently_Asked_Questions_Sheet.pdf?v=1617815714"" data-mce-href=""https://cdn.shopify.com/s/files/1/0294/4116/3400/files/ECO_UVC_UVV_Frequently_Asked_Questions_Sheet.pdf?v=1617815714""> UV Frequently Asked Questions</a> <span></span>page or view/download the<span></span> <a href=""https://cdn.shopify.com/s/files/1/0294/4116/3400/files/ECO-801_FM_Models_Spec_Sheet_0321.pdf?v=1617815481"" data-mce-href=""https://cdn.shopify.com/s/files/1/0294/4116/3400/files/ECO-801_FM_Models_Spec_Sheet_0321.pdf?v=1617815481"">Spec Sheet</a><a href=""https://cdn.shopify.com/s/files/1/0294/4116/3400/files/ASV-801_FM_Models_Spec_Sheet_0321.pdf?v=1617747960"" data-mce-href=""https://cdn.shopify.com/s/files/1/0294/4116/3400/files/ASV-801_FM_Models_Spec_Sheet_0321.pdf?v=1617747960"">.</a></p>
<ul></ul>",Dynamic AQS,Uncategorized,Fixed Mount UV,ECO,true,Size,"12""",,,,,,,,FM2-12/5,0.0,,0,deny,manual,true,true,,,,,,https://cdn.shopify.com/s/files/1/0883/2679/9661/files/ECOFM2-16-5.jpg?v=1722367346,1,,false,,,,lb,,active
eco-healthy-home-fm-2-uvc-uvv-dual-germicidal-oxidation-system,,,,,,,,,"16""",,,,,,,,FM2-16/5,0.0,,0,deny,manual,true,true,,,,,,,,,,,,,lb,,
eco-healthy-home-fm-1-oxidation-system,"Eco Healthy Home Sterile Sweep® Fixed Mount - FM1-5"" UVV Oxidation Unit","<p>- Fixed Mount UVV 5"" oxidation unit<br>- Two year warranty against lamp defects<br>- Lifetime warranty on all electric components<br>- Auto sensing ballast automatically compensates 120-277VAC 50/60Hz<br>- Suitable for up to a 10 ton AHU<br></p>
<p>For more information, see our<span></span><a href=""https://cdn.shopify.com/s/files/1/0294/4116/3400/files/ECO_UVC_UVV_Frequently_Asked_Questions_Sheet.pdf?v=1617815714""> UV Frequently Asked Questions </a><span></span>page or view/download the <span></span><a href=""https://cdn.shopify.com/s/files/1/0294/4116/3400/files/ARS-801_FM_Models_Spec_Sheet_0321.pdf?v=1617810279"" data-mce-href=""https://cdn.shopify.com/s/files/1/0294/4116/3400/files/ARS-801_FM_Models_Spec_Sheet_0321.pdf?v=1617810279"">S</a><a href=""https://cdn.shopify.com/s/files/1/0294/4116/3400/files/ECO-801_FM_Models_Spec_Sheet_0321.pdf?v=1617815481"">pec Sheet</a><a href=""https://cdn.shopify.com/s/files/1/0294/4116/3400/files/ASV-801_FM_Models_Spec_Sheet_0321.pdf?v=1617747960"" data-mce-href=""https://cdn.shopify.com/s/files/1/0294/4116/3400/files/ASV-801_FM_Models_Spec_Sheet_0321.pdf?v=1617747960"">.</a></p>
<ul></ul>",Dynamic AQS,Uncategorized,Fixed Mount UV,ECO,true,Title,Default Title,,,,,,,,FM1-5,0.0,,0,deny,manual,true,true,,,,,,https://cdn.shopify.com/s/files/1/0883/2679/9661/files/ECOFM1-5.jpg?v=1722367344,1,,false,,,,lb,,active
eco-healthy-home-fm-1-germicidal-uv-system,Eco Healthy Home Sterile Sweep® Fixed Mount - FM1 Germicidal UVC System,"<p>- Fixed Mount UVC lamp unit with 12"" and 16"" sizes available<br>- Two year warranty against lamp defects<br>- Lifetime warranty on all electric components<br>- Auto sensing ballast automatically compensates 120-277VAC 50/60Hz<br>- Suitable for up to a 10 ton AHU<br></p>
<p>For more information, see our<span></span> <a href=""https://cdn.shopify.com/s/files/1/0294/4116/3400/files/ECO_UVC_UVV_Frequently_Asked_Questions_Sheet.pdf?v=1617815714"">UV Frequently Asked Questions</a><span></span> page or view/download the<span></span><a href=""https://cdn.shopify.com/s/files/1/0294/4116/3400/files/ECO-801_FM_Models_Spec_Sheet_0321.pdf?v=1617815481""> Spec Sheet</a><a href=""https://cdn.shopify.com/s/files/1/0294/4116/3400/files/ASV-801_FM_Models_Spec_Sheet_0321.pdf?v=1617747960"">.</a></p>
<ul></ul>",Dynamic AQS,Uncategorized,Fixed Mount UV,ECO,true,Size,"12""",,,,,,,,FM1-12,0.0,,0,deny,manual,true,true,,,,,,https://cdn.shopify.com/s/files/1/0883/2679/9661/files/ECOFM1-16.jpg?v=1722367341,1,,false,,,,lb,,active
eco-healthy-home-fm-1-germicidal-uv-system,,,,,,,,,"16""",,,,,,,,FM1-16,0.0,,0,deny,manual,true,true,,,,,,,,,,,,,lb,,
eco-healthy-home-clean-air-sticker,Clean Air Provided by Eco Healthy Home Sticker (20 Pack),"<p>Clean Air Provided by Sticker</p>
<p>Brand Sticker, 20-pack</p>",Dynamic AQS,Uncategorized,Marketing and Training,ECO,true,Title,Default Title,,,,,,,,B-ECO607,0.0,,0,deny,manual,true,true,,,,,,https://cdn.shopify.com/s/files/1/0883/2679/9661/files/CleanAirECOHHHR.jpg?v=1722367339,1,,false,,,,lb,,active
eco-healthy-home-300cfm-bypass-hepa-system,Eco Healthy Home 300 CFM Bypass HEPA System,"<p>300 CFM Bypass HEPA System with 1.5 inch pre-filter and 2 inch HEPA.</p>
<p>HP-300</p>
<p>Options ordered separately</p>
<ul>
<li><a href=""/collections/hepa/products/hepa-collar-mount-kit"">8"" Collars for remote mount</a></li>
<li><a href=""/collections/hepa/products/hepa-carbon-module"">Carbon Matrix Cell</a></li>
</ul>
<p><span>Notes</span></p>
<ul>
<li>For more information, v<span data-mce-fragment=""1"">iew/download the</span><span data-mce-fragment=""1""></span> <a data-mce-fragment=""1"" href=""https://cdn.shopify.com/s/files/1/0294/4116/3400/files/ARS-802_RM_Models_Spec_Sheet_0321.pdf?v=1617810279"" aria-describedby=""a11y-external-message"" data-mce-href=""https://cdn.shopify.com/s/files/1/0294/4116/3400/files/ARS-802_RM_Models_Spec_Sheet_0321.pdf?v=1617810279"">Spec Sheet</a><a data-mce-fragment=""1"" href=""https://cdn.shopify.com/s/files/1/0294/4116/3400/files/ASV-801_FM_Models_Spec_Sheet_0321.pdf?v=1617747960"" aria-describedby=""a11y-external-message"" data-mce-href=""https://cdn.shopify.com/s/files/1/0294/4116/3400/files/ASV-801_FM_Models_Spec_Sheet_0321.pdf?v=1617747960"">.</a>
</li>
</ul>",Dynamic AQS,Uncategorized,HEPA,ECO,true,Title,Default Title,,,,,,,,HP-300,0.0,,0,deny,manual,true,true,,,,,,https://cdn.shopify.com/s/files/1/0883/2679/9661/files/ECO_HEPA300.png?v=1722367337,1,,false,,,,lb,,active
drain-pan-treatments,PT1-2 1/2 or PT 3-5 Pan Treatment Strips (12 Pack),"<p>EPA approved time release drain pan treatments.</p>
<p>Package of 12</p>",Dynamic AQS,,Pan Strips,"ASV, CAD, ECO, MPA, NEX, SLA, SNA",true,Size,1 to 2.5 Tons,,,,,,,,PT1-21/2,0.0,,-3,deny,manual,true,true,,,,,,https://cdn.shopify.com/s/files/1/0883/2679/9661/files/PT.png?v=1722367333,1,,false,,,https://cdn.shopify.com/s/files/1/0883/2679/9661/files/pt4.png?v=1722367333,lb,,active
drain-pan-treatments,,,,,,,,,3 to 5 Tons,,,,,,,,PT3-5,0.0,,-3,deny,manual,true,true,,,,,,https://cdn.shopify.com/s/files/1/0883/2679/9661/files/PT_2.jpg?v=1722367333,2,,,,,https://cdn.shopify.com/s/files/1/0883/2679/9661/files/pt3.png?v=1722367333,lb,,
drain-pan-treatments,,,,,,,,,,,,,,,,,,,,,,,,,,,,,,https://cdn.shopify.com/s/files/1/0883/2679/9661/files/pt4.png?v=1722367333,3,,,,,,,,
drain-pan-treatments,,,,,,,,,,,,,,,,,,,,,,,,,,,,,,https://cdn.shopify.com/s/files/1/0883/2679/9661/files/pt3.png?v=1722367333,4,,,,,,,,
clean-air-defense-total-home-solutions-remote-mount-brochure,Clean Air Defense Total Home Solutions Remote Mount Brochure,"<p>Clean Air Defense Total Home Solutions Remote Mount Brochure.</p>
<p><span>Order in quantities of 50 up to 200.</span></p>
<p>Click to download a pdf version <a href=""https://cdn.shopify.com/s/files/1/0294/4116/3400/files/THS_CADS_RM_BRO-252.jpg?v=1719002024"">here</a>.</p>",Dynamic AQS,Uncategorized,Marketing and Training,CAD,true,Language,English,,,,,,,,B-CADS252RM,0.0,,0,deny,manual,true,true,,,,,,https://cdn.shopify.com/s/files/1/0883/2679/9661/files/THSCADSRMBRO-252.jpg?v=1722367324,1,,false,,,,lb,,active
clean-air-defense-total-home-solutions-remote-mount-brochure,,,,,,,,,Spanish,,,,,,,,B-CADS252RM SP,0.0,,0,deny,manual,true,true,,,,,,,,,,,,,lb,,
clean-air-defense-total-home-solutions-fixed-mount-brochure,Clean Air Defense Total Home Solutions Fixed Mount Brochure,"<p>Clean Air Defense Total Home Solutions Fixed Mount Brochure.</p>
<p><span>Order in quantities of 50 up to 200.</span></p>
<p>To download, please click <a href=""https://cdn.shopify.com/s/files/1/0294/4116/3400/files/THS_CADS_FM_BRO-252.jpg?v=1719002023_CADS_FM_10-20_LR2.pdf?v=1617130050"">here</a><a href=""https://cdn.shopify.com/s/files/1/0294/4116/3400/files/THS_252_CADS_FM_10-20_LR2.pdf?v=1617130050""></a>.</p>",Dynamic AQS,Uncategorized,Marketing and Training,CAD,true,Title,Default Title,,,,,,,,B-CADS252FM,0.0,,0,deny,manual,true,true,,,,,,https://cdn.shopify.com/s/files/1/0883/2679/9661/files/THSCADSFMBRO-252.jpg?v=1722367321,1,,false,,,,lb,,active
clean-air-defense-system-rh2-steam-humidifier-space-unit-package,Clean Air Defense System RH2+ Steam Humidifier Space Unit Package,"<p>RH2+ self-generating electrode type steam humidifier for wall-mounting inside the space with integral blower.</p>
<p>110-240VAC</p>
<p>Package includes:</p>
<p>Wall Mounted Space Humidifier, Wall Mounted Humidistat, Outdoor Mount Temperature Sensor </p>
<p>For more information, you can view/download the <a href=""https://cdn.shopify.com/s/files/1/0294/4116/3400/files/ASV-921_RH2_Space_Steam_Humidifier_Spec_Sheet.pdf?v=1638212893"">Spec Sheet</a> and <a href=""https://cdn.shopify.com/s/files/1/0294/4116/3400/files/2601564-A_RH2_Installation_and_Operation_DynamicAir.pdf?v=1638212981"">Install Manual</a>.</p>
<p> </p>",Dynamic AQS,Home & Garden > Household Appliances > Climate Control Appliances > Humidifiers,Humidifiers,CAD,true,Title,Default Title,,,,,,,,RH2-SPACE-PKG,0.0,,0,deny,manual,true,false,,,,,,https://cdn.shopify.com/s/files/1/0883/2679/9661/files/CADSHumidSpacePackage900x900.jpg?v=1722367319,1,,false,,,,lb,,active
clean-air-defense-system-rh2-steam-humidifier-ducted-package,Clean Air Defense System RH2+ Steam Humidifier Ducted Package,"<p>RH2+ self-generating electrode type steam humidifier for ducted applications.</p>
<p>110-240VAC</p>
<p>Package includes:</p>
<p>Duct Mounted Humidifier, Steam Hose Kit, Steam Distributor, Duct Mounted Humidistat, Outdoor Mount Temperature Sensor</p>
<p>For more information, you can view/download the <a href=""https://cdn.shopify.com/s/files/1/0294/4116/3400/files/ASV-920_RH2_Ducted_Steam_Humidifier_Spec_Sheet.pdf?v=1638210422"">Spec Shee</a><a href=""https://cdn.shopify.com/s/files/1/0294/4116/3400/files/ARS-920_RH2_Ducted_Steam_Humidifier_Spec_Sheet.pdf?v=1638210411"">t</a> and <a href=""https://cdn.shopify.com/s/files/1/0294/4116/3400/files/2601564-A_RH2_Installation_and_Operation_DynamicAir.pdf?v=1638212981"">Install Manual</a>.</p>
<p> </p>",Dynamic AQS,Home & Garden > Household Appliances > Climate Control Appliances > Humidifiers,Humidifiers,CAD,true,Title,Default Title,,,,,,,,RH2-DUCT-PKG,0.0,,0,deny,manual,true,false,,,,,,https://cdn.shopify.com/s/files/1/0883/2679/9661/files/CADSHumidDuctPackage900x900.jpg?v=1722367314,1,,false,,,,lb,,active
clean-air-defense-poster,Clean Air Defense Poster,"<p>Poster measures 24"" x 18""</p>",Dynamic AQS,Uncategorized,Marketing and Training,CAD,false,Title,Default Title,,,,,,,,B-CADS609,0.0,,0,deny,manual,true,true,,,,,,https://cdn.shopify.com/s/files/1/0883/2679/9661/files/609trainingposterCADS6-21HR900x900.jpg?v=1722367310,1,,false,,,,lb,,active
clean-air-defense-mktg-consumer-handbook,Clean Air Defense Consumer Handbook,"<p>Consumer's Handbook</p>
<p>Click <a href=""https://cdn.shopify.com/s/files/1/0294/4116/3400/files/CADS-233_0419.pdf?v=1616604537"">here</a> to download a pdf version.</p>",Dynamic AQS,Uncategorized,Marketing and Training,CAD,true,Title,Default Title,,,,,,,,B-CADS233,0.0,,-4,deny,manual,true,true,,,,,,https://cdn.shopify.com/s/files/1/0883/2679/9661/files/CAD-233.jpg?v=1722367308,1,,false,,,,lb,,active
clean-air-defense-home-show-kit,Clean Air Defense Home Show Kit,"<p><strong>This kit comes with:</strong></p>
<p>1 -UV Demo Display (Part#LPC36NONUV)</p>
<p>1 -Polarized-Media Air Cleaner Demo Unit (Part# 1LPD1410WITHCASE)</p>
<p>1 - Video Book (Part#VB2020)</p>
<p>20 - Clean Air Provided By Stickers (Part# CADS-607)</p>
<p>2 - Consumer Handbooks (Part#<span data-mce-fragment=""1"">CADS</span>-233)</p>
<p>1  Training Poster (Part# <span data-mce-fragment=""1"">CADS</span>-609)</p>
<p>100  Fixed Mount or Remote Mount Total Home Solutions brochures (Part# <span data-mce-fragment=""1"">CADS</span>-252FM or <span data-mce-fragment=""1"">CADS</span>-252RM)</p>
<p><span>Limit - 1 per order</span></p>",Dynamic AQS,,Marketing and Training,CAD,true,UV Brochure,Fixed Mount UV,,,,,,,,B-CADSFMHOMESHOWKIT,0.0,,0,deny,manual,true,true,,,,,,https://cdn.shopify.com/s/files/1/0883/2679/9661/files/CADSHomeShowKit.jpg?v=1722367305,1,,false,,,,lb,,active
clean-air-defense-home-show-kit,,,,,,,,,Remote Mount UV,,,,,,,,B-CADSRMHOMESHOWKIT,0.0,,0,deny,manual,true,true,,,,,,https://cdn.shopify.com/s/files/1/0883/2679/9661/files/CADSHomeShowKitDescriptions.jpg?v=1722367305,2,,,,,,lb,,
clean-air_defense-system-rm-3-uvc-uvc-uvv-dual-germicidal-oxidation-system,Clean Air Defense System Sterile Sweep® Remote Mount - RM3 UVC/UVV Triple Germicidal/Oxidation System,"<p>- Remote Mount UVC lamp unit with 12"" and 16"" sizes available<br>- Two year warranty against lamp defects<br>- Lifetime warranty on all electric components<br>- Auto sensing ballast automatically compensates 120-277VAC 50/60Hz<br>- Suitable for up to a 10 ton AHU<br></p>
<p>For more information, see our<span></span> <a href=""https://cdn.shopify.com/s/files/1/0294/4116/3400/files/CAD_UVC_UVV_Frequently_Asked_Questions_Sheet.pdf?v=1617814263"">UV Frequently Asked Questions</a> <span></span>page <span data-mce-fragment=""1"">or view/download the </span><span data-mce-fragment=""1""></span><a data-mce-fragment=""1"" href=""https://cdn.shopify.com/s/files/1/0294/4116/3400/files/ARS-802_RM_Models_Spec_Sheet_0321.pdf?v=1617810279"" aria-describedby=""a11y-external-message"" data-mce-href=""https://cdn.shopify.com/s/files/1/0294/4116/3400/files/ARS-802_RM_Models_Spec_Sheet_0321.pdf?v=1617810279"">Spec Sheet</a>.</p>
<ul></ul>",Dynamic AQS,Uncategorized,Remote Mount UV,CAD,true,Size,"12""",,,,,,,,RM3-12/12/5,0.0,,0,deny,manual,true,true,,,,,,https://cdn.shopify.com/s/files/1/0883/2679/9661/files/ASVRM3-16-16-5_998e385a-e1c9-4354-8d47-73535b79942c.jpg?v=1722367301,1,,false,,,,lb,,active
clean-air_defense-system-rm-3-uvc-uvc-uvv-dual-germicidal-oxidation-system,,,,,,,,,"16""",,,,,,,,RM3-16/16/5,0.0,,0,deny,manual,true,true,,,,,,,,,,,,,lb,,
clean-air_defense-system-rm-2-uvc-uvc-germicidal-system-remote-mount,Clean Air Defense System Sterile Sweep® Remote Mount - RM2 Dual UVC Germicidal Unit,"<p><span>- Remote Mount UVC lamp unit with 12"" and 16"" sizes available</span><br><span>- Two year warranty against lamp defects</span><br><span>- Lifetime warranty on all electric components</span><br><span>- Auto sensing ballast automatically compensates 120-277VAC 50/60Hz</span><br><span>- Suitable for up to a 10 ton AHU</span></p>
<p>For more information, see our<span> <a href=""https://cdn.shopify.com/s/files/1/0294/4116/3400/files/ASV_UVC_UVV_Frequently_Asked_Questions_Sheet.pdf?v=1617748399"">UV</a></span><a href=""https://cdn.shopify.com/s/files/1/0294/4116/3400/files/CAD_UVC_UVV_Frequently_Asked_Questions_Sheet.pdf?v=1617814263""> Frequently Asked Questions</a> <span></span>page <span data-mce-fragment=""1"">or view/download the </span><span data-mce-fragment=""1""></span><a data-mce-fragment=""1"" href=""https://cdn.shopify.com/s/files/1/0294/4116/3400/files/ARS-802_RM_Models_Spec_Sheet_0321.pdf?v=1617810279"" aria-describedby=""a11y-external-message"" data-mce-href=""https://cdn.shopify.com/s/files/1/0294/4116/3400/files/ARS-802_RM_Models_Spec_Sheet_0321.pdf?v=1617810279"">Spec Sheet</a><a data-mce-fragment=""1"" href=""https://cdn.shopify.com/s/files/1/0294/4116/3400/files/ASV-801_FM_Models_Spec_Sheet_0321.pdf?v=1617747960"" aria-describedby=""a11y-external-message"" data-mce-href=""https://cdn.shopify.com/s/files/1/0294/4116/3400/files/ASV-801_FM_Models_Spec_Sheet_0321.pdf?v=1617747960"">.</a></p>
<ul></ul>
<ul></ul>",Dynamic AQS,Uncategorized,Remote Mount UV,CAD,true,Size,"12""",,,,,,,,RM2-12/12,0.0,,0,deny,manual,true,true,,,,,,https://cdn.shopify.com/s/files/1/0883/2679/9661/files/ASVRM2-16-16_a49f62aa-abcb-4d34-b6a8-9dde905a8e1a.jpg?v=1722367299,1,,false,,,,lb,,active
clean-air_defense-system-rm-2-uvc-uvc-germicidal-system-remote-mount,,,,,,,,,"16""",,,,,,,,RM2-16/16,0.0,,0,deny,manual,true,true,,,,,,,,,,,,,lb,,
clean-air_defense-system-rm-2-dual-uvc-uvv-germicidal-oxidation-system-remote-mount,Clean Air Defense System Sterile Sweep® Remote Mount - RM2 Dual UVC/UVV Germicidal,"<p>- Remote Mount UVC lamp unit with 12"" and 16"" sizes available<br>- Two year warranty against lamp defects<br>- Lifetime warranty on all electric components<br>- Auto sensing ballast automatically compensates 120-277VAC 50/60Hz<br>- Suitable for up to a 10 ton AHU<br></p>
<p>For more information, see our<span> <a href=""https://cdn.shopify.com/s/files/1/0294/4116/3400/files/ASV_UVC_UVV_Frequently_Asked_Questions_Sheet.pdf?v=1617748399"">UV</a> </span><a href=""https://cdn.shopify.com/s/files/1/0294/4116/3400/files/CAD_UVC_UVV_Frequently_Asked_Questions_Sheet.pdf?v=1617814263"">Frequently Asked Questions</a> <span></span>page<span data-mce-fragment=""1"">or view/download the </span><span data-mce-fragment=""1""></span><a aria-describedby=""a11y-external-message"" href=""https://cdn.shopify.com/s/files/1/0294/4116/3400/files/ARS-802_RM_Models_Spec_Sheet_0321.pdf?v=1617810279"" data-mce-fragment=""1"" data-mce-href=""https://cdn.shopify.com/s/files/1/0294/4116/3400/files/ARS-802_RM_Models_Spec_Sheet_0321.pdf?v=1617810279"">Spec Sheet</a><a aria-describedby=""a11y-external-message"" href=""https://cdn.shopify.com/s/files/1/0294/4116/3400/files/ASV-801_FM_Models_Spec_Sheet_0321.pdf?v=1617747960"" data-mce-fragment=""1"" data-mce-href=""https://cdn.shopify.com/s/files/1/0294/4116/3400/files/ASV-801_FM_Models_Spec_Sheet_0321.pdf?v=1617747960"">.</a></p>
<ul></ul>",Dynamic AQS,Uncategorized,Remote Mount UV,CAD,true,Size,"12""",,,,,,,,RM2-12/5,0.0,,0,deny,manual,true,true,,,,,,https://cdn.shopify.com/s/files/1/0883/2679/9661/files/ASVRM2-16-5_92de3274-25c6-4dfd-8c08-11a83b14ac1b.jpg?v=1722367297,1,,false,,,,lb,,active
clean-air_defense-system-rm-2-dual-uvc-uvv-germicidal-oxidation-system-remote-mount,,,,,,,,,"16""",,,,,,,,RM2-16/5,0.0,,0,deny,manual,true,true,,,,,,,,,,,,,lb,,
clean-air_defense-system-rm-1-oxidation-system,Clean Air Defense System Sterile Sweep® Remote Mount - RM1-5WB UVV Oxidation Lamp Unit,"<p><span>- Remote Mount UVV 5"" oxidation unit with ballast (RM1-5WB).</span><br><span>- Two year warranty against lamp defects</span><br><span>- Lifetime warranty on all electric components</span><br><span>- Auto sensing ballast automatically compensates 120-277VAC 50/60Hz</span><br><span>- Suitable for up to a 10 ton AHU</span></p>
<p>For more information, see our<span> <a href=""https://cdn.shopify.com/s/files/1/0294/4116/3400/files/ASV_UVC_UVV_Frequently_Asked_Questions_Sheet.pdf?v=1617748399"">UV</a></span><a href=""https://cdn.shopify.com/s/files/1/0294/4116/3400/files/CAD_UVC_UVV_Frequently_Asked_Questions_Sheet.pdf?v=1617814263""> Frequently Asked Questions</a> <span></span>page <span data-mce-fragment=""1"">or view/download the </span><span data-mce-fragment=""1""></span><a data-mce-fragment=""1"" href=""https://cdn.shopify.com/s/files/1/0294/4116/3400/files/ARS-802_RM_Models_Spec_Sheet_0321.pdf?v=1617810279"" aria-describedby=""a11y-external-message"" data-mce-href=""https://cdn.shopify.com/s/files/1/0294/4116/3400/files/ARS-802_RM_Models_Spec_Sheet_0321.pdf?v=1617810279"">Spec Sheet</a><a data-mce-fragment=""1"" href=""https://cdn.shopify.com/s/files/1/0294/4116/3400/files/ASV-801_FM_Models_Spec_Sheet_0321.pdf?v=1617747960"" aria-describedby=""a11y-external-message"" data-mce-href=""https://cdn.shopify.com/s/files/1/0294/4116/3400/files/ASV-801_FM_Models_Spec_Sheet_0321.pdf?v=1617747960"">.</a></p>
<ul></ul>",Dynamic AQS,Uncategorized,Remote Mount UV,CAD,true,Title,Default Title,,,,,,,,RM1-5WB,0.0,,0,deny,manual,true,true,,,,,,https://cdn.shopify.com/s/files/1/0883/2679/9661/files/ASVRM1-5WB_70884c57-29f3-4ce3-b0f8-6326c05aeb97.jpg?v=1722367295,1,,false,,,,lb,,active
clean-air_defense-system-rm-1-germicidal-uv-system-remote-mount,Clean Air Defense System Sterile Sweep® Remote Mount - RM1 UVC Germicidal System,"<p>- Remote Mount UVC lamp unit with 12"" and 16"" sizes available<br>- Two year warranty against lamp defects<br>- Lifetime warranty on all electric components<br>- Auto sensing ballast automatically compensates 120-277VAC 50/60Hz<br>- Suitable for up to a 10 ton AHU<br></p>
<p>For more information, see our <span></span><a href=""https://cdn.shopify.com/s/files/1/0294/4116/3400/files/CAD_UVC_UVV_Frequently_Asked_Questions_Sheet.pdf?v=1617814263"">UV Frequently Asked Questions</a><span></span> page or view/download the <span></span><a href=""https://cdn.shopify.com/s/files/1/0294/4116/3400/files/CADS-802_RM_Models_Spec_Sheet_0321.pdf?v=1617813688"">Spec Sheet</a><a href=""https://cdn.shopify.com/s/files/1/0294/4116/3400/files/ASV-801_FM_Models_Spec_Sheet_0321.pdf?v=1617747960"">.</a></p>
<ul></ul>",Dynamic AQS,Uncategorized,Remote Mount UV,CAD,true,Size,"12""",,,,,,,,RM1-12,0.0,,0,deny,manual,true,true,,,,,,https://cdn.shopify.com/s/files/1/0883/2679/9661/files/ASVRM1-16_149ba376-13ab-4e53-89f7-3c61da9b803a.jpg?v=1722367292,1,,false,,,,lb,,active
clean-air_defense-system-rm-1-germicidal-uv-system-remote-mount,,,,,,,,,"16""",,,,,,,,RM1-16,0.0,,0,deny,manual,true,true,,,,,,,,,,,,,lb,,
clean-air_defense-system-fm-3-uvc-uvc-uvv-dual-germicidal-oxidation-system,Clean Air Defense System Sterile Sweep® Fixed Mount - FM3 UVC/UVV Triple Germicidal/Oxidation System,"<p>- Fixed Mount UVC lamp unit with 12"" and 16"" sizes available<br>- Two year warranty against lamp defects<br>- Lifetime warranty on all electric components<br>- Auto sensing ballast automatically compensates 120-277VAC 50/60Hz<br>- Suitable for up to a 10 ton AHU</p>
<p>For more information, see our <a href=""https://cdn.shopify.com/s/files/1/0294/4116/3400/files/CAD_UVC_UVV_Frequently_Asked_Questions_Sheet.pdf?v=1617814263"">UV Frequently Asked Questions </a><span></span>page or view/download the <span></span><a href=""https://cdn.shopify.com/s/files/1/0294/4116/3400/files/CADS-801_FM_Models_Spec_Sheet_0321.pdf?v=1617813688"">Spec Sheet</a><a href=""https://cdn.shopify.com/s/files/1/0294/4116/3400/files/ASV-801_FM_Models_Spec_Sheet_0321.pdf?v=1617747960"">.</a></p>
<ul></ul>",Dynamic AQS,Uncategorized,Fixed Mount UV,CAD,true,Size,"12""",,,,,,,,FM3-12/12/5,0.0,,0,deny,manual,true,true,,,,,,https://cdn.shopify.com/s/files/1/0883/2679/9661/files/ASVFM3-16-16-5_e90e7476-1ac2-49a4-ba5f-7edf1db4d9c0.jpg?v=1722367290,1,,false,,,,lb,,active
clean-air_defense-system-fm-3-uvc-uvc-uvv-dual-germicidal-oxidation-system,,,,,,,,,"16""",,,,,,,,FM3-16/16/5,0.0,,0,deny,manual,true,true,,,,,,,,,,,,,lb,,
clean-air_defense-system-fm-2-uvc-uvv-dual-germicidal-oxidation-system,Clean Air Defense System Sterile Sweep® Fixed Mount - FM2 UVC/UVV Dual Germicidal/Oxidation  System,"<p>- Fixed Mount UVC lamp unit with 12"" and 16"" sizes available<br>- Two year warranty against lamp defects<br>- Lifetime warranty on all electric components<br>- Auto sensing ballast automatically compensates 120-277VAC 50/60Hz<br>- Suitable for up to a 10 ton AHU<br></p>
<p>For more information, see our <span></span><a href=""https://cdn.shopify.com/s/files/1/0294/4116/3400/files/CAD_UVC_UVV_Frequently_Asked_Questions_Sheet.pdf?v=1617814263"">UV Frequently Asked Questions</a><span></span> page or view/download the <span></span><a href=""https://cdn.shopify.com/s/files/1/0294/4116/3400/files/CADS-801_FM_Models_Spec_Sheet_0321.pdf?v=1617813688"">Spec Sheet</a><a href=""https://cdn.shopify.com/s/files/1/0294/4116/3400/files/ASV-801_FM_Models_Spec_Sheet_0321.pdf?v=1617747960"">.</a></p>
<ul></ul>",Dynamic AQS,Uncategorized,Fixed Mount UV,CAD,true,Size,"12""",,,,,,,,FM2-12/5,0.0,,-10,deny,manual,true,true,,,,,,https://cdn.shopify.com/s/files/1/0883/2679/9661/files/ASVFM2-16-5_2be05c0a-4769-4899-a382-ed9efc9f1974.jpg?v=1722367287,1,,false,,,,lb,,active
clean-air_defense-system-fm-2-uvc-uvv-dual-germicidal-oxidation-system,,,,,,,,,"16""",,,,,,,,FM2-16/5,0.0,,-14,deny,manual,true,true,,,,,,,,,,,,,lb,,
clean-air_defense-system-fm-1-oxidation-system,"Clean Air Defense System Sterile Sweep® Fixed Mount - FM1-5"" UVV Oxidation Unit","<p>- Fixed Mount UVV 5"" oxidation unit<br>- Two year warranty against lamp defects<br>- Lifetime warranty on all electric components<br>- Auto sensing ballast automatically compensates 120-277VAC 50/60Hz<br>- Suitable for up to a 10 ton AHU<br></p>
<p>For more information, see our<span></span><a href=""https://cdn.shopify.com/s/files/1/0294/4116/3400/files/CAD_UVC_UVV_Frequently_Asked_Questions_Sheet.pdf?v=1617814263""> UV Frequently Asked Questions</a> <span></span>page or view/download the <span></span><a href=""https://cdn.shopify.com/s/files/1/0294/4116/3400/files/CADS-801_FM_Models_Spec_Sheet_0321.pdf?v=1617813688"">Spec Sheet</a><a href=""https://cdn.shopify.com/s/files/1/0294/4116/3400/files/ASV-801_FM_Models_Spec_Sheet_0321.pdf?v=1617747960"">.</a></p>
<ul></ul>",Dynamic AQS,Uncategorized,Fixed Mount UV,CAD,true,Title,Default Title,,,,,,,,FM1-5,0.0,,0,deny,manual,true,true,,,,,,https://cdn.shopify.com/s/files/1/0883/2679/9661/files/ASVFM1-5_f6e233e7-e5df-490d-929e-e4f3e18f6ef6.jpg?v=1722367285,1,,false,,,,lb,,active
clean-air_defense-system-fm-1-germicidal-uv-system,Clean Air Defense System Sterile Sweep® Fixed Mount - FM1 Germicidal UVC System,"<p>- Fixed Mount UVC lamp unit with 12"" and 16"" sizes available<br>- Two year warranty against lamp defects<br>- Lifetime warranty on all electric components<br>- Auto sensing ballast automatically compensates 120-277VAC 50/60Hz<br>- Suitable for up to a 10 ton AHU<br></p>
<p>For more information, see our<span></span> <a href=""https://cdn.shopify.com/s/files/1/0294/4116/3400/files/CAD_UVC_UVV_Frequently_Asked_Questions_Sheet.pdf?v=1617814263"">UV Frequently Asked Questions </a><span></span>page or view/download the <span></span><a href=""https://cdn.shopify.com/s/files/1/0294/4116/3400/files/CADS-801_FM_Models_Spec_Sheet_0321.pdf?v=1617813688"">Spec Sheet</a><a href=""https://cdn.shopify.com/s/files/1/0294/4116/3400/files/ASV-801_FM_Models_Spec_Sheet_0321.pdf?v=1617747960"">.</a></p>
<ul></ul>",Dynamic AQS,Uncategorized,Fixed Mount UV,CAD,true,Size,"12""",,,,,,,,FM1-12,0.0,,-3,deny,manual,true,true,,,,,,https://cdn.shopify.com/s/files/1/0883/2679/9661/files/ASVFM1-16_6b60f2c1-f20f-4a51-8227-5affd6303c75.jpg?v=1722367283,1,,false,,,,lb,,active
clean-air_defense-system-fm-1-germicidal-uv-system,,,,,,,,,"16""",,,,,,,,FM1-16,0.0,,0,deny,manual,true,true,,,,,,,,,,,,,lb,,
clean-air_defense-system-clean-air-sticker,Clean Air Provided by Clean Air Defense System Sticker (20 Pack),"<p>Clean Air Provided by Sticker</p>
<p>Brand Sticker, 20-pack</p>",Dynamic AQS,Uncategorized,Marketing and Training,CAD,true,Title,Default Title,,,,,,,,B-CAD607,0.0,,0,deny,manual,true,true,,,,,,https://cdn.shopify.com/s/files/1/0883/2679/9661/files/CleanAirCADSHR.jpg?v=1722367281,1,,false,,,,lb,,active
clean-air_defense-system-300cfm-bypass-hepa-system,Clean Air Defense System 300 CFM Bypass HEPA System,"<p>300 CFM Bypass HEPA System with 1.5 inch pre-filter and 2 inch HEPA.</p>
<p>HP-300</p>
<p>Options ordered separately</p>
<ul>
<li><a href=""/collections/hepa/products/hepa-collar-mount-kit"">8"" Collars for remote mount</a></li>
<li><a href=""/collections/hepa/products/hepa-carbon-module"">Carbon Matrix Cell</a></li>
</ul>
<p><span>Notes</span></p>
<ul>
<li>For more information, v<span data-mce-fragment=""1"">iew/download the</span><span data-mce-fragment=""1""></span> <a data-mce-fragment=""1"" href=""https://cdn.shopify.com/s/files/1/0294/4116/3400/files/ARS-802_RM_Models_Spec_Sheet_0321.pdf?v=1617810279"" aria-describedby=""a11y-external-message"" data-mce-href=""https://cdn.shopify.com/s/files/1/0294/4116/3400/files/ARS-802_RM_Models_Spec_Sheet_0321.pdf?v=1617810279"">Spec Sheet</a><a data-mce-fragment=""1"" href=""https://cdn.shopify.com/s/files/1/0294/4116/3400/files/ASV-801_FM_Models_Spec_Sheet_0321.pdf?v=1617747960"" aria-describedby=""a11y-external-message"" data-mce-href=""https://cdn.shopify.com/s/files/1/0294/4116/3400/files/ASV-801_FM_Models_Spec_Sheet_0321.pdf?v=1617747960"">.</a>
</li>
</ul>",Dynamic AQS,Uncategorized,HEPA,CAD,true,Title,Default Title,,,,,,,,HP-300,0.0,,0,deny,manual,true,true,,,,,,https://cdn.shopify.com/s/files/1/0883/2679/9661/files/CAD_HEPA.png?v=1722367278,1,,false,,,,lb,,active
airserv-mktg-consumer-handbook,Aire Serv Consumer Handbook,"<p>Consumer's Handbook</p>
<p>Click <a href=""https://cdn.shopify.com/s/files/1/0294/4116/3400/files/ASV-233_0419.pdf?v=1616604533"">here</a> to download a pdf version.</p>",Dynamic AQS,Uncategorized,Marketing and Training,ASV,true,Title,Default Title,,,,,,,,B-ASV233,0.0,,0,deny,manual,true,true,,,,,,https://cdn.shopify.com/s/files/1/0883/2679/9661/files/ASV-233.jpg?v=1722367275,1,,false,,,,lb,,active
aireserv-rm-3-uvc-uvc-uvv-dual-germicidal-oxidation-system,AireServ Sterile Sweep® Remote Mount - RM3 UVC/UVV Triple Germicidal/Oxidation System,"<p>- Remote Mount UVC lamp unit with 12"" and 16"" sizes available<br>- Two year warranty against lamp defects<br>- Lifetime warranty on all electric components<br>- Auto sensing ballast automatically compensates 120-277VAC 50/60Hz<br>- Suitable for up to a 10 ton AHU<br></p>
<p>For more information, see our<span></span><a href=""https://cdn.shopify.com/s/files/1/0294/4116/3400/files/ASV_UVC_UVV_Frequently_Asked_Questions_Sheet.pdf?v=1617748399""> UV Frequently Asked Questions </a><span></span>page <span data-mce-fragment=""1"">or view/download the </span><span data-mce-fragment=""1""></span><a data-mce-fragment=""1"" href=""https://cdn.shopify.com/s/files/1/0294/4116/3400/files/ARS-802_RM_Models_Spec_Sheet_0321.pdf?v=1617810279"" aria-describedby=""a11y-external-message"" data-mce-href=""https://cdn.shopify.com/s/files/1/0294/4116/3400/files/ARS-802_RM_Models_Spec_Sheet_0321.pdf?v=1617810279"">Spec Sheet</a>.</p>",Dynamic AQS,Uncategorized,Remote Mount UV,ASV,true,Size,"12""",,,,,,,,RM3-12/12/5,0.0,,0,deny,manual,true,true,,,,,,https://cdn.shopify.com/s/files/1/0883/2679/9661/files/ASVRM3-16-16-5.jpg?v=1722367272,1,,false,,,,lb,,active
aireserv-rm-3-uvc-uvc-uvv-dual-germicidal-oxidation-system,,,,,,,,,"16""",,,,,,,,RM3-16/16/5,0.0,,0,deny,manual,true,true,,,,,,,,,,,,,lb,,
aireserv-rm-2-uvc-uvc-germicidal-system-remote-mount,AireServ Sterile Sweep® Remote Mount - RM2 Dual UVC Germicidal Unit,"<p>- Remote Mount UVC lamp unit with 12"" and 16"" sizes available<br>- Two year warranty against lamp defects<br>- Lifetime warranty on all electric components<br>- Auto sensing ballast automatically compensates 120-277VAC 50/60Hz<br>- Suitable for up to a 10 ton AHU</p>
<p>For more information, see our <a href=""https://cdn.shopify.com/s/files/1/0294/4116/3400/files/ASV_UVC_UVV_Frequently_Asked_Questions_Sheet.pdf?v=1617748399"">UV Frequently Asked Questions</a> page <span data-mce-fragment=""1"">or view/download the</span><span data-mce-fragment=""1""></span><a href=""https://cdn.shopify.com/s/files/1/0294/4116/3400/files/ARS-802_RM_Models_Spec_Sheet_0321.pdf?v=1617810279"" aria-describedby=""a11y-external-message"" data-mce-fragment=""1"" data-mce-href=""https://cdn.shopify.com/s/files/1/0294/4116/3400/files/ARS-802_RM_Models_Spec_Sheet_0321.pdf?v=1617810279""> Spec S</a><a href=""https://cdn.shopify.com/s/files/1/0294/4116/3400/files/ASV-802_RM_Models_Spec_Sheet_0321.pdf?v=1617747959"">h</a><a href=""https://cdn.shopify.com/s/files/1/0294/4116/3400/files/ARS-802_RM_Models_Spec_Sheet_0321.pdf?v=1617810279"" aria-describedby=""a11y-external-message"" data-mce-fragment=""1"" data-mce-href=""https://cdn.shopify.com/s/files/1/0294/4116/3400/files/ARS-802_RM_Models_Spec_Sheet_0321.pdf?v=1617810279"">eet</a><a href=""https://cdn.shopify.com/s/files/1/0294/4116/3400/files/ASV-801_FM_Models_Spec_Sheet_0321.pdf?v=1617747960"" aria-describedby=""a11y-external-message"" data-mce-fragment=""1"" data-mce-href=""https://cdn.shopify.com/s/files/1/0294/4116/3400/files/ASV-801_FM_Models_Spec_Sheet_0321.pdf?v=1617747960"">.</a></p>",Dynamic AQS,Uncategorized,Remote Mount UV,ASV,true,Size,"12""",,,,,,,,RM2-12/12,0.0,,0,deny,manual,true,true,,,,,,https://cdn.shopify.com/s/files/1/0883/2679/9661/files/ASVRM2-16-16.jpg?v=1722367270,1,,false,,,,lb,,active
aireserv-rm-2-uvc-uvc-germicidal-system-remote-mount,,,,,,,,,"16""",,,,,,,,RM2-16/16,0.0,,0,deny,manual,true,true,,,,,,,,,,,,,lb,,
aireserv-rm-2-dual-uvc-uvv-germicidal-oxidation-system-remote-mount,AireServ Sterile Sweep® Remote Mount - RM2 Dual UVC/UVV Germicidal,"<p>- Remote Mount UVC lamp unit with 12"" and 16"" sizes available<br>- Two year warranty against lamp defects<br>- Lifetime warranty on all electric components<br>- Auto sensing ballast automatically compensates 120-277VAC 50/60Hz<br>- Suitable for up to a 10 ton AHU<br></p>
<p>For more information, see our<span> <a href=""https://cdn.shopify.com/s/files/1/0294/4116/3400/files/ASV_UVC_UVV_Frequently_Asked_Questions_Sheet.pdf?v=1617748399"">UV </a></span><a href=""https://cdn.shopify.com/s/files/1/0294/4116/3400/files/ASV_UVC_UVV_Frequently_Asked_Questions_Sheet.pdf?v=1617748399"">Frequently Asked Questions</a><span></span> page <span data-mce-fragment=""1"">or view/download the </span><span data-mce-fragment=""1""></span><a data-mce-fragment=""1"" href=""https://cdn.shopify.com/s/files/1/0294/4116/3400/files/ARS-802_RM_Models_Spec_Sheet_0321.pdf?v=1617810279"" aria-describedby=""a11y-external-message"" data-mce-href=""https://cdn.shopify.com/s/files/1/0294/4116/3400/files/ARS-802_RM_Models_Spec_Sheet_0321.pdf?v=1617810279"">Spec Sheet</a><a data-mce-fragment=""1"" href=""https://cdn.shopify.com/s/files/1/0294/4116/3400/files/ASV-801_FM_Models_Spec_Sheet_0321.pdf?v=1617747960"" aria-describedby=""a11y-external-message"" data-mce-href=""https://cdn.shopify.com/s/files/1/0294/4116/3400/files/ASV-801_FM_Models_Spec_Sheet_0321.pdf?v=1617747960"">.</a></p>
<ul></ul>",Dynamic AQS,Uncategorized,Remote Mount UV,ASV,true,Size,"12""",,,,,,,,RM2-12/5,0.0,,-1,deny,manual,true,true,,,,,,https://cdn.shopify.com/s/files/1/0883/2679/9661/files/ASVRM2-16-5.jpg?v=1722367267,1,,false,,,,lb,,active
aireserv-rm-2-dual-uvc-uvv-germicidal-oxidation-system-remote-mount,,,,,,,,,"16""",,,,,,,,RM2-16/5,0.0,,0,deny,manual,true,true,,,,,,,,,,,,,lb,,
aireserv-rm-1-oxidation-system,AireServ Sterile Sweep® Remote Mount - RM1-5WB UVV Oxidation Lamp Unit,"<p><span>- Remote Mount UVV 5"" oxidation unit with ballast (RM1-5WB).</span><br><span>- Two year warranty against lamp defects</span><br><span>- Lifetime warranty on all electric components</span><br><span>- Auto sensing ballast automatically compensates 120-277VAC 50/60Hz</span><br><span>- Suitable for up to a 10 ton AHU</span></p>
<p>For more information, see our <span><a href=""https://cdn.shopify.com/s/files/1/0294/4116/3400/files/ASV_UVC_UVV_Frequently_Asked_Questions_Sheet.pdf?v=1617748399"">UV</a></span><a href=""https://cdn.shopify.com/s/files/1/0294/4116/3400/files/ASV_UVC_UVV_Frequently_Asked_Questions_Sheet.pdf?v=1617748399""> Frequently Asked Questions</a> <span></span>page <span data-mce-fragment=""1"">or view/download the </span><span data-mce-fragment=""1""></span><a aria-describedby=""a11y-external-message"" href=""https://cdn.shopify.com/s/files/1/0294/4116/3400/files/ARS-802_RM_Models_Spec_Sheet_0321.pdf?v=1617810279"" data-mce-fragment=""1"" data-mce-href=""https://cdn.shopify.com/s/files/1/0294/4116/3400/files/ARS-802_RM_Models_Spec_Sheet_0321.pdf?v=1617810279"">Spec Sheet</a><a aria-describedby=""a11y-external-message"" href=""https://cdn.shopify.com/s/files/1/0294/4116/3400/files/ASV-801_FM_Models_Spec_Sheet_0321.pdf?v=1617747960"" data-mce-fragment=""1"" data-mce-href=""https://cdn.shopify.com/s/files/1/0294/4116/3400/files/ASV-801_FM_Models_Spec_Sheet_0321.pdf?v=1617747960"">.</a></p>
<ul></ul>",Dynamic AQS,Uncategorized,Remote Mount UV,ASV,true,Title,Default Title,,,,,,,,RM1-5WB,0.0,,0,deny,manual,true,true,,,,,,https://cdn.shopify.com/s/files/1/0883/2679/9661/files/ASVRM1-5WB.jpg?v=1722367264,1,,false,,,,lb,,active
aireserv-rm-1-germicidal-uv-system-remote-mount,AireServ Sterile Sweep® Remote Mount - RM1 UVC Germicidal System,"<p>- Remote Mount UVC lamp unit with 12"" and 16"" sizes available<br>- Two year warranty against lamp defects<br>- Lifetime warranty on all electric components<br>- Auto sensing ballast automatically compensates 120-277VAC 50/60Hz<br>- Suitable for up to a 10 ton AHU<br></p>
<p>For more information, see our <span></span><a href=""https://cdn.shopify.com/s/files/1/0294/4116/3400/files/ASV_UVC_UVV_Frequently_Asked_Questions_Sheet.pdf?v=1617748399"">UV Frequently Asked Questions</a><span></span> page or view/download the <span></span><a href=""https://cdn.shopify.com/s/files/1/0294/4116/3400/files/ASV-802_RM_Models_Spec_Sheet_0321.pdf?v=1617747959"">Spec Sheet</a><a href=""https://cdn.shopify.com/s/files/1/0294/4116/3400/files/ASV-801_FM_Models_Spec_Sheet_0321.pdf?v=1617747960"">.</a></p>
<ul></ul>",Dynamic AQS,Uncategorized,Remote Mount UV,ASV,true,Size,"12""",,,,,,,,RM1-12,0.0,,0,deny,manual,true,true,,,,,,https://cdn.shopify.com/s/files/1/0883/2679/9661/files/ASVRM1-16.jpg?v=1722367261,1,,false,,,,lb,,active
aireserv-rm-1-germicidal-uv-system-remote-mount,,,,,,,,,"16""",,,,,,,,RM1-16,0.0,,0,deny,manual,true,true,,,,,,,,,,,,,lb,,
aireserv-rh2-steam-humidifier-space-unit-package,AireServ RH2+ Steam Humidifier Space Unit Package,"<p>RH2+ self-generating electrode type steam humidifier for wall-mounting inside the space with integral blower.</p>
<p>110-240VAC</p>
<p>Package includes:</p>
<p>Wall Mounted Space Humidifier, Wall Mounted Humidistat, Outdoor Mount Temperature Sensor <br></p>
<p>For more information, you can view/download the <a href=""https://cdn.shopify.com/s/files/1/0294/4116/3400/files/ASV-921_RH2_Space_Steam_Humidifier_Spec_Sheet.pdf?v=1638212893"">Spec Sheet</a> and <a href=""https://cdn.shopify.com/s/files/1/0294/4116/3400/files/2601564-A_RH2_Installation_and_Operation_DynamicAir.pdf?v=1638212981"">Install Manual</a>.</p>
<p> </p>",Dynamic AQS,Home & Garden > Household Appliances > Climate Control Appliances > Humidifiers,Humidifiers,ASV,true,Title,Default Title,,,,,,,,RH2-SPACE-PKG,0.0,,0,deny,manual,true,false,,,,,,https://cdn.shopify.com/s/files/1/0883/2679/9661/files/ASVHumidSpacePackage900x900.jpg?v=1722367258,1,,false,,,,lb,,active
aireserv-rh2-steam-humidifier-ducted-package,AireServ RH2+ Steam Humidifier Ducted Package,"<p>RH2+ self-generating electrode type steam humidifier for ducted applications.</p>
<p>110-240VAC</p>
<p>Package includes:</p>
<p>Duct Mounted Humidifier, Steam Hose Kit, Steam Distributor, Duct Mounted Humidistat, Outdoor Mount Temperature Sensor</p>
<p>For more information, you can view/download the <a href=""https://cdn.shopify.com/s/files/1/0294/4116/3400/files/ASV-920_RH2_Ducted_Steam_Humidifier_Spec_Sheet.pdf?v=1638210422"">Spec Shee</a><a href=""https://cdn.shopify.com/s/files/1/0294/4116/3400/files/ARS-920_RH2_Ducted_Steam_Humidifier_Spec_Sheet.pdf?v=1638210411"">t</a> and <a href=""https://cdn.shopify.com/s/files/1/0294/4116/3400/files/2601564-A_RH2_Installation_and_Operation_DynamicAir.pdf?v=1638212981"">Install Manual</a>.</p>
<p> </p>",Dynamic AQS,Home & Garden > Household Appliances > Climate Control Appliances > Humidifiers,Humidifiers,ASV,true,Title,Default Title,,,,,,,,RH2-DUCT-PKG,0.0,,0,deny,manual,true,false,,,,,,https://cdn.shopify.com/s/files/1/0883/2679/9661/files/ASVHumidDuctPackage900x900.jpg?v=1722367252,1,,false,,,,lb,,active
aireserv-fm-3-uvc-uvc-uvv-dual-germicidal-oxidation-system,AireServ Sterile Sweep® Fixed Mount - FM3 UVC/UVV Triple Germicidal/Oxidation System,"<p>- Fixed Mount UVC lamp unit with 12"" and 16"" sizes available<br>- Two year warranty against lamp defects<br>- Lifetime warranty on all electric components<br>- Auto sensing ballast automatically compensates 120-277VAC 50/60Hz<br>- Suitable for up to a 10 ton AHU</p>
<p>For more information, see our<span></span> <a href=""https://cdn.shopify.com/s/files/1/0294/4116/3400/files/ASV_UVC_UVV_Frequently_Asked_Questions_Sheet.pdf?v=1617748399"" data-mce-href=""https://cdn.shopify.com/s/files/1/0294/4116/3400/files/ASV_UVC_UVV_Frequently_Asked_Questions_Sheet.pdf?v=1617748399"">UV Frequently Asked Questions</a> <span></span>page or view/download the <span></span><a href=""https://cdn.shopify.com/s/files/1/0294/4116/3400/files/ASV-801_FM_Models_Spec_Sheet_0321.pdf?v=1617747960"" data-mce-href=""https://cdn.shopify.com/s/files/1/0294/4116/3400/files/ASV-801_FM_Models_Spec_Sheet_0321.pdf?v=1617747960"">Spec Sheet.</a></p>",Dynamic AQS,Home & Garden > Household Appliances > Climate Control Appliances > Air Purifiers,Fixed Mount UV,ASV,true,Size,"12""",,,,,,,,FM3-12/12/5,0.0,,0,deny,manual,true,true,,,,,,https://cdn.shopify.com/s/files/1/0883/2679/9661/files/ASVFM3-16-16-5.jpg?v=1722367248,1,,false,,,,lb,,active
aireserv-fm-3-uvc-uvc-uvv-dual-germicidal-oxidation-system,,,,,,,,,"16""",,,,,,,,FM3-16/16/5,0.0,,0,deny,manual,true,true,,,,,,,,,,,,,lb,,
aireserv-fm-2-uvc-uvv-dual-germicidal-oxidation-system,AireServ Sterile Sweep® Fixed Mount - FM2 UVC/UVV Dual Germicidal/Oxidation System,"<p>- Fixed Mount UVC lamp unit with 12"" and 16"" sizes available<br>- Two year warranty against lamp defects<br>- Lifetime warranty on all electric components<br>- Auto sensing ballast automatically compensates 120-277VAC 50/60Hz<br>- Suitable for up to a 10 ton AHU<br></p>
<p>For more information, see our<span></span> <a href=""https://cdn.shopify.com/s/files/1/0294/4116/3400/files/ASV_UVC_UVV_Frequently_Asked_Questions_Sheet.pdf?v=1617748399"">UV Frequently Asked Questions</a><span></span> page or view/download the <a href=""https://cdn.shopify.com/s/files/1/0294/4116/3400/files/ASV-801_FM_Models_Spec_Sheet_0321.pdf?v=1617747960"">Spec Sheet.</a></p>",Dynamic AQS,Uncategorized,Fixed Mount UV,ASV,true,Size,"12""",,,,,,,,FM2-12/5,0.0,,0,deny,manual,true,true,,,,,,https://cdn.shopify.com/s/files/1/0883/2679/9661/files/ASVFM2-16-5.jpg?v=1722367246,1,,false,,,,lb,,active
aireserv-fm-2-uvc-uvv-dual-germicidal-oxidation-system,,,,,,,,,"16""",,,,,,,,FM2-16/5,0.0,,0,deny,manual,true,true,,,,,,,,,,,,,lb,,
aireserv-fm-1-oxidation-system,"AireServ Sterile Sweep® Fixed Mount - FM1-5"" UVV Oxidation Unit","<p>- Fixed Mount UVV 5"" oxidation unit<br>- Two year warranty against lamp defects<br>- Lifetime warranty on all electric components<br>- Auto sensing ballast automatically compensates 120-277VAC 50/60Hz<br>- Suitable for up to a 10 ton AHU<br></p>
<ul>
<li>For more information, see our <span></span><a href=""https://cdn.shopify.com/s/files/1/0294/4116/3400/files/ASV_UVC_UVV_Frequently_Asked_Questions_Sheet.pdf?v=1617748399"">UV Frequently Asked Questions<span></span></a> page or view/download the <span></span><a href=""https://cdn.shopify.com/s/files/1/0294/4116/3400/files/ASV-801_FM_Models_Spec_Sheet_0321.pdf?v=1617747960"">Spec Sheet</a><a href=""https://cdn.shopify.com/s/files/1/0294/4116/3400/files/ASV-801_FM_Models_Spec_Sheet_0321.pdf?v=1617747960"">.</a>
</li>
</ul>",Dynamic AQS,Uncategorized,Fixed Mount UV,ASV,true,Title,Default Title,,,,,,,,FM1-5,0.0,,0,deny,manual,true,true,,,,,,https://cdn.shopify.com/s/files/1/0883/2679/9661/files/ASVFM1-5.jpg?v=1722367244,1,,false,,,,lb,,active
aireserv-fm-1-germicidal-uv-system,AireServ Sterile Sweep® Fixed Mount - FM1 Germicidal UVC System,"<p>- Fixed Mount UVC unit with 12"" and 16"" sizes available<br>- Lifetime warranty on all electric components<br>- Auto sensing ballast automatically compensates 120-277VAC 50/60Hz<br>- Suitable for up to a 10-ton AHU</p>
<p>For more information, see our <a href=""https://cdn.shopify.com/s/files/1/0294/4116/3400/files/ASV-801_FM_Models_Spec_Sheet_0321.pdf?v=1617747960"" data-mce-href=""https://cdn.shopify.com/s/files/1/0294/4116/3400/files/ASV-801_FM_Models_Spec_Sheet_0321.pdf?v=1617747960"">UV Frequently Asked Questions</a> page or view/download the <a href=""https://cdn.shopify.com/s/files/1/0294/4116/3400/files/ASV-801_FM_Models_Spec_Sheet_0321.pdf?v=1617747960"" data-mce-href=""https://cdn.shopify.com/s/files/1/0294/4116/3400/files/ASV-801_FM_Models_Spec_Sheet_0321.pdf?v=1617747960"">Spec Sheet.</a><br></p>",Dynamic AQS,Uncategorized,Fixed Mount UV,ASV,true,Size,"12""",,,,,,,,FM1-12,0.0,,0,deny,manual,true,true,,,,,,https://cdn.shopify.com/s/files/1/0883/2679/9661/files/ASVFM1-16.jpg?v=1722367242,1,,false,,,,lb,,active
aireserv-fm-1-germicidal-uv-system,,,,,,,,,"16""",,,,,,,,FM1-16,0.0,,0,deny,manual,true,true,,,,,,,,,,,,,lb,,
aireserv-clean-air-sticker,Clean Air Provided by AireServ Sticker (20 Pack),"<p>Clean Air Provided by Sticker</p>
<p>Brand Sticker, 20-pack</p>",Dynamic AQS,Uncategorized,Marketing and Training,ASV,true,Title,Default Title,,,,,,,,B-ASV607,0.0,,-1,deny,manual,true,true,,,,,,https://cdn.shopify.com/s/files/1/0883/2679/9661/files/CleanAirAireServHR.jpg?v=1722367239,1,,false,,,,lb,,active
aireserv-300cfm-bypass-hepa-system,AireServ 300 CFM Bypass HEPA System,"<p>300 CFM Bypass HEPA System with 1.5 inch pre-filter and 2 inch HEPA.</p>
<p>HP-300</p>
<p>Options ordered separately:</p>
<ul>
<li><a href=""/collections/hepa/products/hepa-collar-mount-kit"">8"" Collars for remote mount</a></li>
<li><a href=""/collections/hepa/products/hepa-carbon-module"">Carbon Matrix Cell</a></li>
</ul>
<p><span>Notes</span></p>
<ul>
<li>For more information, v<span data-mce-fragment=""1"">iew/download the</span><span data-mce-fragment=""1""></span><a href=""https://cdn.shopify.com/s/files/1/0294/4116/3400/files/ARS-802_RM_Models_Spec_Sheet_0321.pdf?v=1617810279"" aria-describedby=""a11y-external-message"" data-mce-fragment=""1"" data-mce-href=""https://cdn.shopify.com/s/files/1/0294/4116/3400/files/ARS-802_RM_Models_Spec_Sheet_0321.pdf?v=1617810279""> Spec Sheet</a><a href=""https://cdn.shopify.com/s/files/1/0294/4116/3400/files/ASV-801_FM_Models_Spec_Sheet_0321.pdf?v=1617747960"" aria-describedby=""a11y-external-message"" data-mce-fragment=""1"" data-mce-href=""https://cdn.shopify.com/s/files/1/0294/4116/3400/files/ASV-801_FM_Models_Spec_Sheet_0321.pdf?v=1617747960"">.</a>
</li>
</ul>
<ul></ul>",Dynamic AQS,Uncategorized,HEPA,ASV,true,Title,Default Title,,,,,,,,HP-300,0.0,,-2,deny,manual,true,true,,,,,,https://cdn.shopify.com/s/files/1/0883/2679/9661/files/ASVWhitewithcollar.jpg?v=1722367237,1,,false,,,,lb,,active
aire-serv-total-home-solutions-remote-mount-brochure,Aire Serv Total Home Solutions Remote Mount Brochure,"<p>Aire Serv Total Home Solutions Remote Mount Brochure.</p>
<p><span>Order in quantities of 50 up to 200.</span></p>
<p>To download, please click <a href=""https://cdn.shopify.com/s/files/1/0294/4116/3400/files/THS_ASV_RM_BRO-252.jpg?v=1719002023"">here</a>.</p>",Dynamic AQS,Uncategorized,Marketing and Training,ASV,true,Title,Default Title,,,,,,,,B-ASV252RM,0.0,,0,deny,manual,true,true,,,,,,https://cdn.shopify.com/s/files/1/0883/2679/9661/files/THSASVRMBRO-252.jpg?v=1722367235,1,,false,,,,lb,,active
aire-serv-total-home-solutions-fixed-mount-brochure,Aire Serv Total Home Solutions Fixed Mount Brochure,"<p>Aire Serv Total Home Solutions Fixed Mount Brochure.</p>
<p>Order in quantities of 50 up to 200.</p>
<p>To download, please click <a href=""https://cdn.shopify.com/s/files/1/0294/4116/3400/files/THS_ASV_FM_BRO-252.jpg?v=1719002023SV_FM_10-20_LR2.pdf?v=1617129106"">here</a><a href=""https://cdn.shopify.com/s/files/1/0294/4116/3400/files/THS_252_ASV_FM_10-20_LR2.pdf?v=1617129106""></a>.</p>",Dynamic AQS,Uncategorized,Marketing and Training,ASV,true,Title,Default Title,,,,,,,,B-ASV252FM,0.0,,0,deny,manual,true,true,,,,,,https://cdn.shopify.com/s/files/1/0883/2679/9661/files/THS_ASV_FM_BRO-252.jpg?v=1722367233,1,,false,,,,lb,,active
aire-serv-poster,Aire Serv Poster,"<p>Poster measures 24"" x 18""</p>",Dynamic AQS,Uncategorized,Marketing and Training,ASV,false,Title,Default Title,,,,,,,,B-ASV609,0.0,,0,deny,manual,true,true,,,,,,https://cdn.shopify.com/s/files/1/0883/2679/9661/files/609trainingposterASV6-21HR900x900.jpg?v=1722367231,1,,false,,,,lb,,active
aire-serv-home-show-kit,Aire Serv Home Show Kit,"<p><strong>This kit comes with:</strong></p>
<p>1 -UV Demo Display (Part#LPC36NONUV)</p>
<p>1 -Polarized-Media Air Cleaner Demo Unit (Part# 1LPD1410WITHCASE)</p>
<p>1 - Video Book (Part#VB2020)</p>
<p>20 - Clean Air Provided By Stickers (Part# ASV-607)</p>
<p>2 - Consumer Handbooks (Part# ASV-233)</p>
<p>1  Training Poster (Part#ASV-609)</p>
<p>100  Fixed Mount or Remote Mount Total Home Solutions brochures (Part#ASV-252FM orASV-252RM)</p>
<p>Limit - 1 per order</p>",Dynamic AQS,,Marketing and Training,ASV,true,UV Brochure,Fixed Mount UV,,,,,,,,B-ASVFMHOMESHOWKIT,0.0,,0,deny,manual,true,true,,,,,,https://cdn.shopify.com/s/files/1/0883/2679/9661/files/ASVHomeShowKit.png?v=1722367228,1,,false,,,,lb,,active
aire-serv-home-show-kit,,,,,,,,,Remote Mount UV,,,,,,,,B-ASVRMHOMESHOWKIT,0.0,,0,deny,manual,true,true,,,,,,https://cdn.shopify.com/s/files/1/0883/2679/9661/files/ASVHomeShowKitDescriptions.jpg?v=1722367228,2,,,,,,lb,,
activated-carbon-edge-panel,HP-EDGE Replacement Activated Carbon Insert,"HEPA replacement activated carbon insert (optional) (15.5"" x 11.5"" x 1.75"")<br>",Dynamic AQS,Uncategorized,HEPA,"ASV, CAD, ECO, MPA, NEX, SLA, SNA",true,Title,Default Title,,,,,,,,HP-EDGE-INSERT,0.0,,-8,deny,manual,true,false,,,,,,https://cdn.shopify.com/s/files/1/0883/2679/9661/files/Front.jpg?v=1722367223,1,,false,,,,lb,,active
activated-carbon-edge-panel,,,,,,,,,,,,,,,,,,,,,,,,,,,,,,https://cdn.shopify.com/s/files/1/0883/2679/9661/files/Back.jpg?v=1722367223,2,,,,,,,,
1-low-pressure-replacement-media-large,LPD Replacement Media 4-Packs (Larger than 19 Inch),"<p>4 pack of replacement media for our Low-Pressure Drop Polarized-Media Air Cleaners.</p>
<p>Includes Standard Sizes, Custom Sizes and Oversized (over 30 inches), with first dimension greater than or equal 19 inches.</p>
<p><u>Notes</u></p>
<ul>
<li>For smaller sizes see the <a href=""https://dynamiconlineorders.ca/collections/1-inch-air-cleaners-media/products/1-low-pressure-replacement-media"">LPD Media Smaller than 18 Inch</a> product page.<br>
</li>
<li>For custom sizes, please <a href=""https://dynamiconlineorders.ca/pages/contact"">contact us</a><a href=""/pages/contact-us""></a><a href=""mailto:orders@dynamicaqs.com""></a>.</li>
<li><a href=""https://dynamiconlineorders.ca/pages/measuring-replacement-media"">How to Measure for Replacement Media</a></li>
<li>For more information, see our <a href=""https://dynamiconlineorders.ca/pages/polarized-media-air-cleaners-p-mac-frequently-asked-questions"" title=""Air Cleaner FAQs"">P-MAC Frequently Asked Questions</a> page.</li>
</ul>",Dynamic AQS,Uncategorized,1 Inch Air Cleaners,"ASV, CAD, ECO, MPA, NEX, SLA, SNA",true,Size,19-1/2x21-1/4x1,,,,,,,,C4LP191/2211/4X,0.0,,0,deny,manual,true,true,,,,,,https://cdn.shopify.com/s/files/1/0883/2679/9661/files/LPD_Replacement_Media_d1cbf1e7-5f13-4f9c-a146-8a507746d80f.png?v=1722366712,1,,false,,,,lb,,active
1-low-pressure-replacement-media-large,,,,,,,,,19-1/2x24-1/2X1,,,,,,,,C4LP191/2241/2X,0.0,,0,deny,manual,true,true,,,,,,,,,,,,,lb,,
1-low-pressure-replacement-media-large,,,,,,,,,19-3/8x19-3/8x1,,,,,,,,C4LP193/8193/8X,0.0,,0,deny,manual,true,true,,,,,,,,,,,,,lb,,
1-low-pressure-replacement-media-large,,,,,,,,,19-3/8x23-3/8x1,,,,,,,,C4LP193/8233/8X,0.0,,-1,deny,manual,true,true,,,,,,,,,,,,,lb,,
1-low-pressure-replacement-media-large,,,,,,,,,19-3/8x29-3/8x1,,,,,,,,C4LP193/8293/8X,0.0,,0,deny,manual,true,true,,,,,,,,,,,,,lb,,
1-low-pressure-replacement-media-large,,,,,,,,,19-7/8x21-1/2x1,,,,,,,,C4LP197/8211/2X,0.0,,0,deny,manual,true,true,,,,,,,,,,,,,lb,,
1-low-pressure-replacement-media-large,,,,,,,,,19x21x1,,,,,,,,C4LP1921,0.0,,0,deny,manual,true,true,,,,,,,,,,,,,lb,,
1-low-pressure-replacement-media-large,,,,,,,,,19x24x1,,,,,,,,C4LP1924,0.0,,0,deny,manual,true,true,,,,,,,,,,,,,lb,,
1-low-pressure-replacement-media-large,,,,,,,,,20x20x1,,,,,,,,C4LP2020,0.0,,-40,deny,manual,true,true,,,,,,,,,,,,,lb,,
1-low-pressure-replacement-media-large,,,,,,,,,20x21-5/8x1,,,,,,,,C4LP20215/8X,0.0,,0,deny,manual,true,true,,,,,,,,,,,,,lb,,
1-low-pressure-replacement-media-large,,,,,,,,,20x22-3/4x1,,,,,,,,C4LP20223/4X,0.0,,0,deny,manual,true,true,,,,,,,,,,,,,lb,,
1-low-pressure-replacement-media-large,,,,,,,,,20x22x1,,,,,,,,C4LP2022,0.0,,-11,deny,manual,true,true,,,,,,,,,,,,,lb,,
1-low-pressure-replacement-media-large,,,,,,,,,20x23x1,,,,,,,,C4LP2023,0.0,,-4,deny,manual,true,true,,,,,,,,,,,,,lb,,
1-low-pressure-replacement-media-large,,,,,,,,,20x24x1,,,,,,,,C4LP2024,0.0,,-1,deny,manual,true,true,,,,,,,,,,,,,lb,,
1-low-pressure-replacement-media-large,,,,,,,,,20x25x1,,,,,,,,C4LP2025,0.0,,-120,deny,manual,true,true,,,,,,,,,,,,,lb,,
1-low-pressure-replacement-media-large,,,,,,,,,20x28x1,,,,,,,,C4LP2028,0.0,,-1,deny,manual,true,true,,,,,,,,,,,,,lb,,
1-low-pressure-replacement-media-large,,,,,,,,,20x30x1,,,,,,,,C4LP2030,0.0,,0,deny,manual,true,true,,,,,,,,,,,,,lb,,
1-low-pressure-replacement-media-large,,,,,,,,,20x32x1,,,,,,,,C4LP2032,0.0,,0,deny,manual,true,true,,,,,,,,,,,,,lb,,
1-low-pressure-replacement-media-large,,,,,,,,,20x36x1,,,,,,,,C4LP2036,0.0,,0,deny,manual,true,true,,,,,,,,,,,,,lb,,
1-low-pressure-replacement-media-large,,,,,,,,,20x37x1,,,,,,,,C4LP2037,0.0,,0,deny,manual,true,true,,,,,,,,,,,,,lb,,
1-low-pressure-replacement-media-large,,,,,,,,,20x40x1,,,,,,,,C4LP2040,0.0,,0,deny,manual,true,true,,,,,,,,,,,,,lb,,
1-low-pressure-replacement-media-large,,,,,,,,,20x42x1,,,,,,,,C4LP2042,0.0,,0,deny,manual,true,true,,,,,,,,,,,,,lb,,
1-low-pressure-replacement-media-large,,,,,,,,,20x47x1,,,,,,,,C4LP2047,0.0,,0,deny,manual,true,true,,,,,,,,,,,,,lb,,
1-low-pressure-replacement-media-large,,,,,,,,,20x48x1,,,,,,,,C4LP2048,0.0,,0,deny,manual,true,true,,,,,,,,,,,,,lb,,
1-low-pressure-replacement-media-large,,,,,,,,,20x50x1,,,,,,,,C4LP2050,0.0,,0,deny,manual,true,true,,,,,,,,,,,,,lb,,
1-low-pressure-replacement-media-large,,,,,,,,,21-1/2x23-1/4x1,,,,,,,,C4LP211/2231/4X,0.0,,0,deny,manual,true,true,,,,,,,,,,,,,lb,,
1-low-pressure-replacement-media-large,,,,,,,,,21-1/2x25-1/2x1,,,,,,,,C4LP211/2251/2X,0.0,,0,deny,manual,true,true,,,,,,,,,,,,,lb,,
1-low-pressure-replacement-media-large,,,,,,,,,21x21x1,,,,,,,,C4LP2121,0.0,,0,deny,manual,true,true,,,,,,,,,,,,,lb,,
1-low-pressure-replacement-media-large,,,,,,,,,21x22x1,,,,,,,,C4LP2122,0.0,,0,deny,manual,true,true,,,,,,,,,,,,,lb,,
1-low-pressure-replacement-media-large,,,,,,,,,21x23x1,,,,,,,,C4LP2123,0.0,,0,deny,manual,true,true,,,,,,,,,,,,,lb,,
1-low-pressure-replacement-media-large,,,,,,,,,21x25-3/16x1,,,,,,,,C4LP21253/16X,0.0,,0,deny,manual,true,true,,,,,,,,,,,,,lb,,
1-low-pressure-replacement-media-large,,,,,,,,,21x25x1,,,,,,,,C4LP2125,0.0,,0,deny,manual,true,true,,,,,,,,,,,,,lb,,
1-low-pressure-replacement-media-large,,,,,,,,,22x22x1,,,,,,,,C4LP2222,0.0,,-1,deny,manual,true,true,,,,,,,,,,,,,lb,,
1-low-pressure-replacement-media-large,,,,,,,,,22x24x1,,,,,,,,C4LP2224,0.0,,0,deny,manual,true,true,,,,,,,,,,,,,lb,,
1-low-pressure-replacement-media-large,,,,,,,,,22x25x1,,,,,,,,C4LP2225,0.0,,0,deny,manual,true,true,,,,,,,,,,,,,lb,,
1-low-pressure-replacement-media-large,,,,,,,,,22x30x1,,,,,,,,C4LP2230,0.0,,0,deny,manual,true,true,,,,,,,,,,,,,lb,,
1-low-pressure-replacement-media-large,,,,,,,,,23-1/2x29-1/2x1,,,,,,,,C4LP231/2291/2X,0.0,,0,deny,manual,true,true,,,,,,,,,,,,,lb,,
1-low-pressure-replacement-media-large,,,,,,,,,23-3/8x23-3/8x1,,,,,,,,C4LP233/8233/8X,0.0,,-2,deny,manual,true,true,,,,,,,,,,,,,lb,,
1-low-pressure-replacement-media-large,,,,,,,,,23x20x1,,,,,,,,C4LP2320,0.0,,0,deny,manual,true,true,,,,,,,,,,,,,lb,,
1-low-pressure-replacement-media-large,,,,,,,,,24x24x1,,,,,,,,C4LP2424,0.0,,-8,deny,manual,true,true,,,,,,,,,,,,,lb,,
1-low-pressure-replacement-media-large,,,,,,,,,24x25x1,,,,,,,,C4LP2425,0.0,,-3,deny,manual,true,true,,,,,,,,,,,,,lb,,
1-low-pressure-replacement-media-large,,,,,,,,,24x26x1,,,,,,,,C4LP2426,0.0,,0,deny,manual,true,true,,,,,,,,,,,,,lb,,
1-low-pressure-replacement-media-large,,,,,,,,,24x28x1,,,,,,,,C4LP2428,0.0,,-2,deny,manual,true,true,,,,,,,,,,,,,lb,,
1-low-pressure-replacement-media-large,,,,,,,,,24x30x1,,,,,,,,C4LP2430,0.0,,0,deny,manual,true,true,,,,,,,,,,,,,lb,,
1-low-pressure-replacement-media-large,,,,,,,,,24x31x1,,,,,,,,C4LP2431,0.0,,0,deny,manual,true,true,,,,,,,,,,,,,lb,,
1-low-pressure-replacement-media-large,,,,,,,,,24x36x1,,,,,,,,C4LP2436,0.0,,0,deny,manual,true,true,,,,,,,,,,,,,lb,,
1-low-pressure-replacement-media-large,,,,,,,,,25x20x1,,,,,,,,C4LP2520,0.0,,0,deny,manual,true,true,,,,,,,,,,,,,lb,,
1-low-pressure-replacement-media-large,,,,,,,,,25x25x1,,,,,,,,C4LP2525,0.0,,-2,deny,manual,true,true,,,,,,,,,,,,,lb,,
1-low-pressure-replacement-media-large,,,,,,,,,25x30x1,,,,,,,,C4LP2530,0.0,,0,deny,manual,true,true,,,,,,,,,,,,,lb,,
1-low-pressure-replacement-media-large,,,,,,,,,25x32x1,,,,,,,,C4LP2532,0.0,,0,deny,manual,true,true,,,,,,,,,,,,,lb,,
1-low-pressure-replacement-media-large,,,,,,,,,28x30x1,,,,,,,,C4LP2830,0.0,,-2,deny,manual,true,true,,,,,,,,,,,,,lb,,
1-low-pressure-replacement-media-large,,,,,,,,,28x32x1,,,,,,,,C4LP2832,0.0,,0,deny,manual,true,true,,,,,,,,,,,,,lb,,
1-low-pressure-replacement-media-large,,,,,,,,,28x34x1,,,,,,,,C4LP2834,0.0,,0,deny,manual,true,true,,,,,,,,,,,,,lb,,
1-low-pressure-replacement-media-large,,,,,,,,,30x30x1,,,,,,,,C4LP3030,0.0,,-2,deny,manual,true,true,,,,,,,,,,,,,lb,,
1-low-pressure-replacement-media-large,,,,,,,,,30x32x1,,,,,,,,C4LP3032,0.0,,0,deny,manual,true,true,,,,,,,,,,,,,lb,,
1-low-pressure-replacement-media-large,,,,,,,,,30x36x1,,,,,,,,C4LP3036,0.0,,-1,deny,manual,true,true,,,,,,,,,,,,,lb,,
1-low-pressure-replacement-media,LPD Replacement Media 4-Packs (Smaller than 18 Inch),"<p>4 pack of replacement media for our Low-Pressure Drop Polarized-Media Air Cleaners.</p>
<p>Includes Standard Sizes, Custom Sizes and Oversized (over 30 inches), with first dimension less than or equal to 18 inches.</p>
<p><u>Notes</u></p>
<ul>
<li>For smaller sizes see the <span></span><a href=""hhttps://dynamiconlineorders.ca/collections/1-inch-air-cleaners-media/products/1-low-pressure-replacement-media-large"">LPD Media Larger than 19 inches</a><a href=""https://dynamiconlineorders.ca/collections/1-inch-air-cleaners-media/products/1-low-pressure-replacement-media""></a> <span></span>product page.<br>
</li>
<li>For custom sizes, please <span></span><a href=""https://dynamiconlineorders.ca/pages/contact"">contact us</a><a href=""mailto:orders@dynamicaqs.com""></a>.</li>
<li>
<a href=""https://dynamiconlineorders.ca/pages/measuring-replacement-media"">How to Measure for Replacement Media</a><a href=""https://www.dynamiconlineorders.com/pages/measuring-replacement-media""></a>
</li>
<li>For more information, see our <span></span><a title=""Air Cleaner FAQs"" href=""https://dynamiconlineorders.ca/pages/polarized-media-air-cleaners-p-mac-frequently-asked-questions"">P-MAC Frequently Asked Questions</a><a href=""https://www.dynamiconlineorders.com/pages/polarized-media-air-cleaner-pmac-top-frequently-asked-questions"" title=""Air Cleaner FAQs""></a> <span></span>page.</li>
</ul>
<ul></ul>",Dynamic AQS,Uncategorized,1 Inch Air Cleaners,"ASV, CAD, ECO, MPA, NEX, SLA, SNA",true,Size,10x20x1,,,,,,,,C4LP1020,0.0,,0,deny,manual,true,true,,,,,,https://cdn.shopify.com/s/files/1/0883/2679/9661/files/LPD_Replacement_Media.png?v=1722366706,1,,false,,,,lb,,active
1-low-pressure-replacement-media,,,,,,,,,10x24x1,,,,,,,,C4LP1024,0.0,,0,deny,manual,true,true,,,,,,,,,,,,,lb,,
1-low-pressure-replacement-media,,,,,,,,,10x25x1,,,,,,,,C4LP1025,0.0,,0,deny,manual,true,true,,,,,,,,,,,,,lb,,
1-low-pressure-replacement-media,,,,,,,,,10x30x1,,,,,,,,C4LP1030,0.0,,0,deny,manual,true,true,,,,,,,,,,,,,lb,,
1-low-pressure-replacement-media,,,,,,,,,10X36X1,,,,,,,,C4LP1036,0.0,,0,deny,manual,true,true,,,,,,,,,,,,,lb,,
1-low-pressure-replacement-media,,,,,,,,,11-3/8X32-3/8X1,,,,,,,,C4LP113/8233/8X,0.0,,0,deny,manual,true,true,,,,,,,,,,,,,lb,,
1-low-pressure-replacement-media,,,,,,,,,12X12X1,,,,,,,,C4LP1212,0.0,,0,deny,manual,true,true,,,,,,,,,,,,,lb,,
1-low-pressure-replacement-media,,,,,,,,,12X18X1,,,,,,,,C4LP1218,0.0,,0,deny,manual,true,true,,,,,,,,,,,,,lb,,
1-low-pressure-replacement-media,,,,,,,,,12X20X1,,,,,,,,C4LP1220,0.0,,-2,deny,manual,true,true,,,,,,,,,,,,,lb,,
1-low-pressure-replacement-media,,,,,,,,,12X24X1,,,,,,,,C4LP1224,0.0,,0,deny,manual,true,true,,,,,,,,,,,,,lb,,
1-low-pressure-replacement-media,,,,,,,,,12x25x1,,,,,,,,C4LP1225,0.0,,0,deny,manual,true,true,,,,,,,,,,,,,lb,,
1-low-pressure-replacement-media,,,,,,,,,12x30x1,,,,,,,,C4LP1230,0.0,,0,deny,manual,true,true,,,,,,,,,,,,,lb,,
1-low-pressure-replacement-media,,,,,,,,,12x36x1,,,,,,,,C4LP1236,0.0,,0,deny,manual,true,true,,,,,,,,,,,,,lb,,
1-low-pressure-replacement-media,,,,,,,,,13-1/2X23-1/2X1,,,,,,,,C4LP131/2231/2X,0.0,,0,deny,manual,true,true,,,,,,,,,,,,,lb,,
1-low-pressure-replacement-media,,,,,,,,,13-1/8x21-5/8x1,,,,,,,,C4LP131/8215/8X,0.0,,0,deny,manual,true,true,,,,,,,,,,,,,lb,,
1-low-pressure-replacement-media,,,,,,,,,13X21-1/2X1,,,,,,,,C4LP13211/2X,0.0,,0,deny,manual,true,true,,,,,,,,,,,,,lb,,
1-low-pressure-replacement-media,,,,,,,,,13x21x1,,,,,,,,C4LP1321,0.0,,0,deny,manual,true,true,,,,,,,,,,,,,lb,,
1-low-pressure-replacement-media,,,,,,,,,14X14X1,,,,,,,,C4LP1414,0.0,,-2,deny,manual,true,true,,,,,,,,,,,,,lb,,
1-low-pressure-replacement-media,,,,,,,,,14X18X1,,,,,,,,C4LP1418,0.0,,0,deny,manual,true,true,,,,,,,,,,,,,lb,,
1-low-pressure-replacement-media,,,,,,,,,14X20X1,,,,,,,,C4LP1420,0.0,,-1,deny,manual,true,true,,,,,,,,,,,,,lb,,
1-low-pressure-replacement-media,,,,,,,,,14X22X1,,,,,,,,C4LP1422,0.0,,0,deny,manual,true,true,,,,,,,,,,,,,lb,,
1-low-pressure-replacement-media,,,,,,,,,14X24X1,,,,,,,,C4LP1424,0.0,,-1,deny,manual,true,true,,,,,,,,,,,,,lb,,
1-low-pressure-replacement-media,,,,,,,,,14X25X1,,,,,,,,C4LP1425,0.0,,-1,deny,manual,true,true,,,,,,,,,,,,,lb,,
1-low-pressure-replacement-media,,,,,,,,,14X30X1,,,,,,,,C4LP1430,0.0,,0,deny,manual,true,true,,,,,,,,,,,,,lb,,
1-low-pressure-replacement-media,,,,,,,,,14X36X1,,,,,,,,C4LP1436,0.0,,0,deny,manual,true,true,,,,,,,,,,,,,lb,,
1-low-pressure-replacement-media,,,,,,,,,15-1/2X24-1/2X1,,,,,,,,C4LP151/2241/2X,0.0,,0,deny,manual,true,true,,,,,,,,,,,,,lb,,
1-low-pressure-replacement-media,,,,,,,,,15X20X1,,,,,,,,C4LP1520,0.0,,0,deny,manual,true,true,,,,,,,,,,,,,lb,,
1-low-pressure-replacement-media,,,,,,,,,15X21X1,,,,,,,,C4LP1521,0.0,,0,deny,manual,true,true,,,,,,,,,,,,,lb,,
1-low-pressure-replacement-media,,,,,,,,,15x22x1,,,,,,,,C4LP1522,0.0,,0,deny,manual,true,true,,,,,,,,,,,,,lb,,
1-low-pressure-replacement-media,,,,,,,,,15x25x1,,,,,,,,C4LP1525,0.0,,0,deny,manual,true,true,,,,,,,,,,,,,lb,,
1-low-pressure-replacement-media,,,,,,,,,16-1/2X21-5/8X1,,,,,,,,C4LP161/2215/8X,0.0,,0,deny,manual,true,true,,,,,,,,,,,,,lb,,
1-low-pressure-replacement-media,,,,,,,,,16-1/2X21X1,,,,,,,,C4LP161/221X,0.0,,0,deny,manual,true,true,,,,,,,,,,,,,lb,,
1-low-pressure-replacement-media,,,,,,,,,16-1/2X28-1/2X1,,,,,,,,C4LP161/2281/2X,0.0,,0,deny,manual,true,true,,,,,,,,,,,,,lb,,
1-low-pressure-replacement-media,,,,,,,,,16-3/8x21-1/2,,,,,,,,C4LP163/8211/2X,0.0,,0,deny,manual,true,true,,,,,,,,,,,,,lb,,
1-low-pressure-replacement-media,,,,,,,,,16-9/16X27-1/2X1,,,,,,,,C4LP169/16271/2X,0.0,,0,deny,manual,true,true,,,,,,,,,,,,,lb,,
1-low-pressure-replacement-media,,,,,,,,,16x16x1,,,,,,,,C4LP1616,0.0,,0,deny,manual,true,true,,,,,,,,,,,,,lb,,
1-low-pressure-replacement-media,,,,,,,,,16X18X1,,,,,,,,C4LP1618,0.0,,0,deny,manual,true,true,,,,,,,,,,,,,lb,,
1-low-pressure-replacement-media,,,,,,,,,16X20X1,,,,,,,,C4LP1620,0.0,,-34,deny,manual,true,true,,,,,,,,,,,,,lb,,
1-low-pressure-replacement-media,,,,,,,,,16X21-1/2X1,,,,,,,,C4LP16211/2X,0.0,,0,deny,manual,true,true,,,,,,,,,,,,,lb,,
1-low-pressure-replacement-media,,,,,,,,,16x21x1,,,,,,,,C4LP1621,0.0,,0,deny,manual,true,true,,,,,,,,,,,,,lb,,
1-low-pressure-replacement-media,,,,,,,,,16X24X1,,,,,,,,C4LP1624,0.0,,-2,deny,manual,true,true,,,,,,,,,,,,,lb,,
1-low-pressure-replacement-media,,,,,,,,,16X25X1,,,,,,,,C4LP1625,0.0,,-342,deny,manual,true,true,,,,,,,,,,,,,lb,,
1-low-pressure-replacement-media,,,,,,,,,16X30X1,,,,,,,,C4LP1630,0.0,,-1,deny,manual,true,true,,,,,,,,,,,,,lb,,
1-low-pressure-replacement-media,,,,,,,,,16x32x1,,,,,,,,C4LP1632,0.0,,0,deny,manual,true,true,,,,,,,,,,,,,lb,,
1-low-pressure-replacement-media,,,,,,,,,16x40x1,,,,,,,,C4LP1640,0.0,,0,deny,manual,true,true,,,,,,,,,,,,,lb,,
1-low-pressure-replacement-media,,,,,,,,,17-3/8x17-3/8x1,,,,,,,,C4LP173/8173/8X,0.0,,0,deny,manual,true,true,,,,,,,,,,,,,lb,,
1-low-pressure-replacement-media,,,,,,,,,17-3/8x23-3/8x1,,,,,,,,C4LP173/8233/8X,0.0,,0,deny,manual,true,true,,,,,,,,,,,,,lb,,
1-low-pressure-replacement-media,,,,,,,,,17-3/8x29-3/8x1,,,,,,,,C4LP173/8293/8X,0.0,,0,deny,manual,true,true,,,,,,,,,,,,,lb,,
1-low-pressure-replacement-media,,,,,,,,,17-3/8x35-3/8x1,,,,,,,,C4LP173/8353/8X,0.0,,0,deny,manual,true,true,,,,,,,,,,,,,lb,,
1-low-pressure-replacement-media,,,,,,,,,17X18X1,,,,,,,,C4LP1718,0.0,,0,deny,manual,true,true,,,,,,,,,,,,,lb,,
1-low-pressure-replacement-media,,,,,,,,,17X25X1,,,,,,,,C4LP1725,0.0,,0,deny,manual,true,true,,,,,,,,,,,,,lb,,
1-low-pressure-replacement-media,,,,,,,,,17X28-1/4X1,,,,,,,,C4LP17281/4X,0.0,,0,deny,manual,true,true,,,,,,,,,,,,,lb,,
1-low-pressure-replacement-media,,,,,,,,,17X28X1,,,,,,,,C4LP1728,0.0,,0,deny,manual,true,true,,,,,,,,,,,,,lb,,
1-low-pressure-replacement-media,,,,,,,,,18X18X1,,,,,,,,C4LP1818,0.0,,-2,deny,manual,true,true,,,,,,,,,,,,,lb,,
1-low-pressure-replacement-media,,,,,,,,,18X20X1,,,,,,,,C4LP1820,0.0,,-2,deny,manual,true,true,,,,,,,,,,,,,lb,,
1-low-pressure-replacement-media,,,,,,,,,18X22X1,,,,,,,,C4LP1822,0.0,,-2,deny,manual,true,true,,,,,,,,,,,,,lb,,
1-low-pressure-replacement-media,,,,,,,,,18X24X1,,,,,,,,C4LP1824,0.0,,0,deny,manual,true,true,,,,,,,,,,,,,lb,,
1-low-pressure-replacement-media,,,,,,,,,18x25x1,,,,,,,,C4LP1825,0.0,,-1,deny,manual,true,true,,,,,,,,,,,,,lb,,
1-low-pressure-replacement-media,,,,,,,,,18X26X1,,,,,,,,C4LP1826,0.0,,0,deny,manual,true,true,,,,,,,,,,,,,lb,,
1-low-pressure-replacement-media,,,,,,,,,18X28X1,,,,,,,,C4LP1828,0.0,,0,deny,manual,true,true,,,,,,,,,,,,,lb,,
1-low-pressure-replacement-media,,,,,,,,,18X30X1,,,,,,,,C4LP1830,0.0,,0,deny,manual,true,true,,,,,,,,,,,,,lb,,
1-low-pressure-replacement-media,,,,,,,,,18x36x1,,,,,,,,C4LP1836,0.0,,0,deny,manual,true,true,,,,,,,,,,,,,lb,,
1-low-pressure-replacement-media,,,,,,,,,18x38x1,,,,,,,,C4LP1838,0.0,,0,deny,manual,true,true,,,,,,,,,,,,,lb,,
1-low-pressure-panels,"1"" Polarized-Media Air Cleaner (P-MAC)","<p>1-Inch Polarized-Media Air Cleaners (i.e. Panels) - Standard Sizes, Custom Sizes and Oversized (over 30 inches).</p>
<p>The powerhead is on the shorter side of the panel.</p>
<p>Includes 1 media pad in the panel plus 3 extra Low-Pressure Drop (LPD) replacement media pads and a wire pack with instructions.</p>
<p>24 Volts AC.<br></p>
<p><span style=""text-decoration: underline;"">Notes</span></p>
<div>
<ul>
<li>For other sizes not listed or retrofit panels, please <a href=""https://dynamiconlineorders.ca/pages/contact"">contact us</a>.</li>
<li>For more information, see our <a href=""https://dynamiconlineorders.ca/pages/polarized-media-air-cleaners-p-mac-frequently-asked-questions"">P-MAC Frequently Asked Questions</a> page.</li>
</ul>
</div>
<p> </p>",Dynamic AQS,Uncategorized,1 Inch Air Cleaners,"ASV, CAD, ECO, MPA, NEX, SLA, SNA",true,Size,10x20x1,,,,,,,,3LP1020,0.0,,-2,deny,manual,true,true,,,,,,https://cdn.shopify.com/s/files/1/0883/2679/9661/files/LPD_Panels_afee673f-7299-4912-8f91-852ca26d7fbb.png?v=1722366699,1,,false,,,,lb,,active
1-low-pressure-panels,,,,,,,,,10x24x1,,,,,,,,3LP1024,0.0,,0,deny,manual,true,true,,,,,,https://cdn.shopify.com/s/files/1/0883/2679/9661/files/LPD_Panels_2.png?v=1722366699,2,,,,,,lb,,
1-low-pressure-panels,,,,,,,,,10x25x1,,,,,,,,3LP1025,0.0,,0,deny,manual,true,true,,,,,,,,,,,,,lb,,
1-low-pressure-panels,,,,,,,,,10x30x1,,,,,,,,3LP1030,0.0,,0,deny,manual,true,true,,,,,,,,,,,,,lb,,
1-low-pressure-panels,,,,,,,,,12x12x1,,,,,,,,3LP1212,0.0,,0,deny,manual,true,true,,,,,,,,,,,,,lb,,
1-low-pressure-panels,,,,,,,,,12x20x1,,,,,,,,3LP1220,0.0,,-1,deny,manual,true,true,,,,,,,,,,,,,lb,,
1-low-pressure-panels,,,,,,,,,12x24x1,,,,,,,,3LP1224,0.0,,0,deny,manual,true,true,,,,,,,,,,,,,lb,,
1-low-pressure-panels,,,,,,,,,12x25x1,,,,,,,,3LP1225,0.0,,0,deny,manual,true,true,,,,,,,,,,,,,lb,,
1-low-pressure-panels,,,,,,,,,12x30x1,,,,,,,,3LP1230,0.0,,-1,deny,manual,true,true,,,,,,,,,,,,,lb,,
1-low-pressure-panels,,,,,,,,,12x36x1,,,,,,,,3LP1236,0.0,,0,deny,manual,true,true,,,,,,,,,,,,,lb,,
1-low-pressure-panels,,,,,,,,,13-1/8x21-5/8x1,,,,,,,,3LP131/8215/8X,0.0,,0,deny,manual,true,true,,,,,,,,,,,,,lb,,
1-low-pressure-panels,,,,,,,,,13x19x1,,,,,,,,3LP1319,0.0,,-1,deny,manual,true,true,,,,,,,,,,,,,lb,,
1-low-pressure-panels,,,,,,,,,13x21x1,,,,,,,,3LP1321,0.0,,0,deny,manual,true,true,,,,,,,,,,,,,lb,,
1-low-pressure-panels,,,,,,,,,14x14x1,,,,,,,,3LP1414,0.0,,0,deny,manual,true,true,,,,,,,,,,,,,lb,,
1-low-pressure-panels,,,,,,,,,14x19x1,,,,,,,,3LP1419,0.0,,0,deny,manual,true,true,,,,,,,,,,,,,lb,,
1-low-pressure-panels,,,,,,,,,14x20x1,,,,,,,,3LP1420,0.0,,-10,deny,manual,true,true,,,,,,,,,,,,,lb,,
1-low-pressure-panels,,,,,,,,,14x24x1,,,,,,,,3LP1424,0.0,,0,deny,manual,true,true,,,,,,,,,,,,,lb,,
1-low-pressure-panels,,,,,,,,,14x25x1,,,,,,,,3LP1425,0.0,,-2,deny,manual,true,true,,,,,,,,,,,,,lb,,
1-low-pressure-panels,,,,,,,,,14x30x1,,,,,,,,3LP1430,0.0,,0,deny,manual,true,true,,,,,,,,,,,,,lb,,
1-low-pressure-panels,,,,,,,,,15x20x1,,,,,,,,3LP1520,0.0,,0,deny,manual,true,true,,,,,,,,,,,,,lb,,
1-low-pressure-panels,,,,,,,,,15x22x1,,,,,,,,3LP1522,0.0,,-1,deny,manual,true,true,,,,,,,,,,,,,lb,,
1-low-pressure-panels,,,,,,,,,15x24x1,,,,,,,,3LP1524,0.0,,0,deny,manual,true,true,,,,,,,,,,,,,lb,,
1-low-pressure-panels,,,,,,,,,15x25x1,,,,,,,,3LP1525,0.0,,0,deny,manual,true,true,,,,,,,,,,,,,lb,,
1-low-pressure-panels,,,,,,,,,16-1/2x21-5/8x1,,,,,,,,3LP161/2215/8X,0.0,,0,deny,manual,true,true,,,,,,,,,,,,,lb,,
1-low-pressure-panels,,,,,,,,,16-3/8x21-1/2,,,,,,,,3LP163/8211/2X,0.0,,0,deny,manual,true,true,,,,,,,,,,,,,lb,,
1-low-pressure-panels,,,,,,,,,16x16x1,,,,,,,,3LP1616,0.0,,-1,deny,manual,true,true,,,,,,,,,,,,,lb,,
1-low-pressure-panels,,,,,,,,,16x20x1,,,,,,,,3LP1620,0.0,,-30,deny,manual,true,true,,,,,,,,,,,,,lb,,
1-low-pressure-panels,,,,,,,,,16x21x1,,,,,,,,3LP1621,0.0,,0,deny,manual,true,true,,,,,,,,,,,,,lb,,
1-low-pressure-panels,,,,,,,,,16x24x1,,,,,,,,3LP1624,0.0,,-2,deny,manual,true,true,,,,,,,,,,,,,lb,,
1-low-pressure-panels,,,,,,,,,16x25x1,,,,,,,,3LP1625,0.0,,-282,deny,manual,true,true,,,,,,,,,,,,,lb,,
1-low-pressure-panels,,,,,,,,,16x30x1,,,,,,,,3LP1630,0.0,,0,deny,manual,true,true,,,,,,,,,,,,,lb,,
1-low-pressure-panels,,,,,,,,,16x40x1,,,,,,,,3LP1640,0.0,,0,deny,manual,true,true,,,,,,,,,,,,,lb,,
1-low-pressure-panels,,,,,,,,,17-3/8x17-3/8x1,,,,,,,,3LP173/8173/8X,0.0,,0,deny,manual,true,true,,,,,,,,,,,,,lb,,
1-low-pressure-panels,,,,,,,,,17-3/8x23-3/8x1,,,,,,,,3LP173/8233/8X,0.0,,0,deny,manual,true,true,,,,,,,,,,,,,lb,,
1-low-pressure-panels,,,,,,,,,17-3/8x29-3/8x1,,,,,,,,3LP173/8293/8X,0.0,,0,deny,manual,true,true,,,,,,,,,,,,,lb,,
1-low-pressure-panels,,,,,,,,,17-3/8x35-3/8x1,,,,,,,,3LP173/8353/8X,0.0,,0,deny,manual,true,true,,,,,,,,,,,,,lb,,
1-low-pressure-panels,,,,,,,,,18x18x1,,,,,,,,3LP1818,0.0,,0,deny,manual,true,true,,,,,,,,,,,,,lb,,
1-low-pressure-panels,,,,,,,,,18x20x1,,,,,,,,3LP1820,0.0,,-1,deny,manual,true,true,,,,,,,,,,,,,lb,,
1-low-pressure-panels,,,,,,,,,18x24x1,,,,,,,,3LP1824,0.0,,-1,deny,manual,true,true,,,,,,,,,,,,,lb,,
1-low-pressure-panels,,,,,,,,,18x25x1,,,,,,,,3LP1825,0.0,,-1,deny,manual,true,true,,,,,,,,,,,,,lb,,
1-low-pressure-panels,,,,,,,,,18x30x1,,,,,,,,3LP1830,0.0,,0,deny,manual,true,true,,,,,,,,,,,,,lb,,
1-low-pressure-panels,,,,,,,,,18x36x1,,,,,,,,3LP1836,0.0,,0,deny,manual,true,true,,,,,,,,,,,,,lb,,
1-low-pressure-panels,,,,,,,,,18x38x1,,,,,,,,3LP1838,0.0,,0,deny,manual,true,true,,,,,,,,,,,,,lb,,
1-low-pressure-panels,,,,,,,,,19-1/2x19-1/2x1,,,,,,,,3LP191/2191/2X,0.0,,0,deny,manual,true,true,,,,,,,,,,,,,lb,,
1-low-pressure-panels,,,,,,,,,19-1/2x20x1,,,,,,,,3LP191/220X,0.0,,0,deny,manual,true,true,,,,,,,,,,,,,lb,,
1-low-pressure-panels,,,,,,,,,19-1/2x21x1,,,,,,,,3LP191/221X,0.0,,0,deny,manual,true,true,,,,,,,,,,,,,lb,,
1-low-pressure-panels,,,,,,,,,19-1/2x24-1/2x1,,,,,,,,3LP191/2241/2X,0.0,,0,deny,manual,true,true,,,,,,,,,,,,,lb,,
1-low-pressure-panels,,,,,,,,,19-3/4x21-1/2x1,,,,,,,,3LP193/4211/2X,0.0,,0,deny,manual,true,true,,,,,,,,,,,,,lb,,
1-low-pressure-panels,,,,,,,,,19-3/8x19-3/8x1,,,,,,,,3LP193/8193/8X,0.0,,0,deny,manual,true,true,,,,,,,,,,,,,lb,,
1-low-pressure-panels,,,,,,,,,19-3/8x23-3/8x1,,,,,,,,3LP193/8233/8X,0.0,,0,deny,manual,true,true,,,,,,,,,,,,,lb,,
1-low-pressure-panels,,,,,,,,,19-3/8x29-3/8x1,,,,,,,,3LP193/8293/8X,0.0,,0,deny,manual,true,true,,,,,,,,,,,,,lb,,
1-low-pressure-panels,,,,,,,,,19-7/8x21-1/2x1,,,,,,,,3LP197/8211/2X,0.0,,0,deny,manual,true,true,,,,,,,,,,,,,lb,,
1-low-pressure-panels,,,,,,,,,19x21x1,,,,,,,,3LP1921,0.0,,0,deny,manual,true,true,,,,,,,,,,,,,lb,,
1-low-pressure-panels,,,,,,,,,20x20x1,,,,,,,,3LP2020,0.0,,-23,deny,manual,true,true,,,,,,,,,,,,,lb,,
1-low-pressure-panels,,,,,,,,,20x21-5/8x1,,,,,,,,3LP20215/8X,0.0,,0,deny,manual,true,true,,,,,,,,,,,,,lb,,
1-low-pressure-panels,,,,,,,,,20x21x1,,,,,,,,3LP2021,0.0,,0,deny,manual,true,true,,,,,,,,,,,,,lb,,
1-low-pressure-panels,,,,,,,,,20x22-3/4x1,,,,,,,,3LP20223/4X,0.0,,0,deny,manual,true,true,,,,,,,,,,,,,lb,,
1-low-pressure-panels,,,,,,,,,20x22x1,,,,,,,,3LP2022,0.0,,0,deny,manual,true,true,,,,,,,,,,,,,lb,,
1-low-pressure-panels,,,,,,,,,20x23x1,,,,,,,,3LP2023,0.0,,-2,deny,manual,true,true,,,,,,,,,,,,,lb,,
1-low-pressure-panels,,,,,,,,,20x24x1,,,,,,,,3LP2024,0.0,,-3,deny,manual,true,true,,,,,,,,,,,,,lb,,
1-low-pressure-panels,,,,,,,,,20x25x1,,,,,,,,3LP2025,0.0,,-94,deny,manual,true,true,,,,,,,,,,,,,lb,,
1-low-pressure-panels,,,,,,,,,20x30x1,,,,,,,,3LP2030,0.0,,0,deny,manual,true,true,,,,,,,,,,,,,lb,,
1-low-pressure-panels,,,,,,,,,20x32x1,,,,,,,,3LP2032,0.0,,0,deny,manual,true,true,,,,,,,,,,,,,lb,,
1-low-pressure-panels,,,,,,,,,20x36x1,,,,,,,,3LP2036,0.0,,0,deny,manual,true,true,,,,,,,,,,,,,lb,,
1-low-pressure-panels,,,,,,,,,20x37x1,,,,,,,,3LP2037,0.0,,0,deny,manual,true,true,,,,,,,,,,,,,lb,,
1-low-pressure-panels,,,,,,,,,20x40x1,,,,,,,,3LP2040,0.0,,0,deny,manual,true,true,,,,,,,,,,,,,lb,,
1-low-pressure-panels,,,,,,,,,20x50x1,,,,,,,,3LP2050,0.0,,0,deny,manual,true,true,,,,,,,,,,,,,lb,,
1-low-pressure-panels,,,,,,,,,21-1/2x23-1/4x1,,,,,,,,3LP211/2231/4X,0.0,,0,deny,manual,true,true,,,,,,,,,,,,,lb,,
1-low-pressure-panels,,,,,,,,,21-1/2x25-1/2x1,,,,,,,,3LP211/2251/2X,0.0,,0,deny,manual,true,true,,,,,,,,,,,,,lb,,
1-low-pressure-panels,,,,,,,,,21x25x1,,,,,,,,3LP2125,0.0,,0,deny,manual,true,true,,,,,,,,,,,,,lb,,
1-low-pressure-panels,,,,,,,,,22x22x1,,,,,,,,3LP2222,0.0,,-1,deny,manual,true,true,,,,,,,,,,,,,lb,,
1-low-pressure-panels,,,,,,,,,22x25x1,,,,,,,,3LP2225,0.0,,0,deny,manual,true,true,,,,,,,,,,,,,lb,,
1-low-pressure-panels,,,,,,,,,23-3/8x23-3/8x1,,,,,,,,3LP233/8233/8X,0.0,,0,deny,manual,true,true,,,,,,,,,,,,,lb,,
1-low-pressure-panels,,,,,,,,,23x20x1,,,,,,,,3LP2320,0.0,,0,deny,manual,true,true,,,,,,,,,,,,,lb,,
1-low-pressure-panels,,,,,,,,,24x24x1,,,,,,,,3LP2424,0.0,,-1,deny,manual,true,true,,,,,,,,,,,,,lb,,
1-low-pressure-panels,,,,,,,,,24x25x1,,,,,,,,3LP2425,0.0,,0,deny,manual,true,true,,,,,,,,,,,,,lb,,
1-low-pressure-panels,,,,,,,,,24x26x1,,,,,,,,3LP2426,0.0,,0,deny,manual,true,true,,,,,,,,,,,,,lb,,
1-low-pressure-panels,,,,,,,,,24x28x1,,,,,,,,3LP2428,0.0,,0,deny,manual,true,true,,,,,,,,,,,,,lb,,
1-low-pressure-panels,,,,,,,,,24x30x1,,,,,,,,3LP2430,0.0,,0,deny,manual,true,true,,,,,,,,,,,,,lb,,
1-low-pressure-panels,,,,,,,,,24x36x1,,,,,,,,3LP2436,0.0,,0,deny,manual,true,true,,,,,,,,,,,,,lb,,
1-low-pressure-panels,,,,,,,,,25x25x1,,,,,,,,3LP2525,0.0,,0,deny,manual,true,true,,,,,,,,,,,,,lb,,
1-low-pressure-panels,,,,,,,,,25x32x1,,,,,,,,3LP2532,0.0,,0,deny,manual,true,true,,,,,,,,,,,,,lb,,
1-low-pressure-panels,,,,,,,,,28x30x1,,,,,,,,3LP2830,0.0,,0,deny,manual,true,true,,,,,,,,,,,,,lb,,
1-low-pressure-panels,,,,,,,,,30x30x1,,,,,,,,3LP3030,0.0,,0,deny,manual,true,true,,,,,,,,,,,,,lb,,
1-low-pressure-panels,,,,,,,,,30x32x1,,,,,,,,3LP3032,0.0,,0,deny,manual,true,true,,,,,,,,,,,,,lb,,
1-low-pressure-panels,,,,,,,,,30x36x1,,,,,,,,3LP3036,0.0,,0,deny,manual,true,true,,,,,,,,,,,,,lb,,
airsana,AIRsana Mini-Split Cleaning Machine,<p>AIRsana complete mini-split cleaning machine with required accessories.</p>,Dynamic AQS,Uncategorized,Pan Strips,"ASV, CAD, ECO, MPA, NEX, SLA, SNA",true,Title,Default Title,,,,,,,,AS-180,0.0,,0,deny,manual,true,false,,,,,,https://cdn.shopify.com/s/files/1/0883/2679/9661/files/AIRsana900x900.jpg?v=1722366416,1,,false,,,,lb,,active
