Handle,Title,Body (HTML),Vendor,Product Category,Type,Tags,Published,Option1 Name,Option1 Value,Option1 Linked To,Option2 Name,Option2 Value,Option2 Linked To,Option3 Name,Option3 Value,Option3 Linked To,Variant SKU,Variant Grams,Variant Inventory Tracker,Variant Inventory Qty,Variant Inventory Policy,Variant Fulfillment Service,Variant Requires Shipping,Variant Taxable,Unit Price Total Measure,Unit Price Total Measure Unit,Unit Price Base Measure,Unit Price Base Measure Unit,Variant Barcode,Image Src,Image Position,Image Alt Text,Gift Card,SEO Title,SEO Description,Variant Image,Variant Weight Unit,Variant Tax Code,Status
airsana-mini-split-cleaning-machine-copy,AIRsana Mini-Split Cleaning Machine,<p>AIRsana complete mini-split cleaning machine with required accessories.</p>,Dynamic AQS,Uncategorized,Pan Strips,STS,true,Title,Default Title,,,,,,,,AS-180,0.0,,0,deny,manual,true,false,,,,,,https://cdn.shopify.com/s/files/1/0294/4116/3400/files/AIRsana900x900.jpg?v=1719938108,1,,false,,,,lb,,active
environaire-sterile-sweep®-remote-mount-rm3-uvc-uvv-triple-germicidal-oxidation-system,EnviroAire IAQ Remote Mount - RM3 UVC/UVV Triple Germicidal/Oxidation System,"<p>- Remote Mount UVC H-lamp unit with 12"" and 16"" sizes available<br>- Three year warranty against lamp defects<br>- Lifetime warranty on all electric components<br>- Auto sensing ballast automatically compensates 120-277VAC 50/60Hz<br>- Suitable for up to a 10 ton AHU<br></p>
<p><span>Notes</span></p>
<ul>
<li>For more information, see our<span></span> <a href=""https://cdn.shopify.com/s/files/1/0294/4116/3400/files/SLA_UVC_UVV_Frequently_Asked_Questions_Sheet.pdf?v=1617817352"">UV Frequently Asked Questions</a> <span></span>page <span data-mce-fragment=""1"">or view/download the</span><span data-mce-fragment=""1""></span><a href=""https://cdn.shopify.com/s/files/1/0294/4116/3400/files/ARS-802_RM_Models_Spec_Sheet_0321.pdf?v=1617810279"" aria-describedby=""a11y-external-message"" data-mce-fragment=""1""> Spec Sheet</a>.</li>
</ul>
<ul></ul>",Dynamic AQS,Uncategorized,Remote Mount UV,ENV,true,Size,"12""",,,,,,,,RM3-12/12/5,4082.013815341,,0,deny,manual,true,true,,,,,,https://cdn.shopify.com/s/files/1/0294/4116/3400/files/EnviroRM3-16-16-5Blue.jpg?v=1744038409,1,,false,,,,lb,,active
environaire-sterile-sweep®-remote-mount-rm3-uvc-uvv-triple-germicidal-oxidation-system,,,,,,,,,"16""",,,,,,,,RM3-16/16/5,4082.013815341,,-6,deny,manual,true,true,,,,,,,,,,,,,lb,,
environaire-sterile-sweep®-remote-mount-rm2-dual-uvc-uvv-germicidal,EnviroAire IAQ Remote Mount - RM2 Dual UVC/UVV Germicidal,"<p>- Remote Mount UVC H-lamp unit with 12"" and 16"" sizes available<br>- Three year warranty against lamp defects<br>- Lifetime warranty on all electric components<br>- Auto sensing ballast automatically compensates 120-277VAC 50/60Hz<br>- Suitable for up to a 10 ton AHU<br></p>
<p>Notes</p>
<ul>
<li>For more information, see our <span><a href=""https://cdn.shopify.com/s/files/1/0294/4116/3400/files/ASV_UVC_UVV_Frequently_Asked_Questions_Sheet.pdf?v=1617748399"">UV</a></span><a href=""https://cdn.shopify.com/s/files/1/0294/4116/3400/files/SLA_UVC_UVV_Frequently_Asked_Questions_Sheet.pdf?v=1617817352""> Frequently Asked Questions</a> <span></span>page <span data-mce-fragment=""1"">or view/download the </span><span data-mce-fragment=""1""></span><a data-mce-fragment=""1"" href=""https://cdn.shopify.com/s/files/1/0294/4116/3400/files/ARS-802_RM_Models_Spec_Sheet_0321.pdf?v=1617810279"" aria-describedby=""a11y-external-message"">Spec Sheet</a><a data-mce-fragment=""1"" href=""https://cdn.shopify.com/s/files/1/0294/4116/3400/files/ASV-801_FM_Models_Spec_Sheet_0321.pdf?v=1617747960"" aria-describedby=""a11y-external-message"">.</a>
</li>
</ul>
<ul></ul>",Dynamic AQS,Uncategorized,Remote Mount UV,ENV,true,Size,"12""",,,,,,,,RM2-12/5,4082.013815341,,-34,deny,manual,true,true,,,,,,https://cdn.shopify.com/s/files/1/0294/4116/3400/files/EnviroRM2-16-5Blue.jpg?v=1744038306,1,,false,,,,lb,,active
environaire-sterile-sweep®-remote-mount-rm2-dual-uvc-uvv-germicidal,,,,,,,,,"16""",,,,,,,,RM2-16/5,4082.013815341,,-16,deny,manual,true,true,,,,,,,,,,,,,lb,,
environaire-sterile-sweep®-remote-mount-rm2-dual-uvc-germicidal-unit,EnviroAire IAQ Remote Mount - RM2 Dual UVC Germicidal Unit,"<p>- Remote Mount UVC H-lamp unit with 12"" and 16"" sizes available<br>- Three year warranty against lamp defects<br>- Lifetime warranty on all electric components<br>- Auto sensing ballast automatically compensates 120-277VAC 50/60Hz<br>- Suitable for up to a 10 ton AHU</p>
<p><span>Notes</span></p>
<ul>
<li>For more information, see our <span></span><a href=""https://cdn.shopify.com/s/files/1/0294/4116/3400/files/SLA_UVC_UVV_Frequently_Asked_Questions_Sheet.pdf?v=1617817352"">UV Frequently Asked Questions</a><span></span> page <span data-mce-fragment=""1"">or view/download the </span><span data-mce-fragment=""1""></span><a aria-describedby=""a11y-external-message"" href=""https://cdn.shopify.com/s/files/1/0294/4116/3400/files/ARS-802_RM_Models_Spec_Sheet_0321.pdf?v=1617810279"" data-mce-fragment=""1"">Spec Sheet</a><a aria-describedby=""a11y-external-message"" href=""https://cdn.shopify.com/s/files/1/0294/4116/3400/files/ASV-801_FM_Models_Spec_Sheet_0321.pdf?v=1617747960"" data-mce-fragment=""1"">.</a>
</li>
</ul>
<ul></ul>",Dynamic AQS,Uncategorized,Remote Mount UV,ENV,true,Size,"12""",,,,,,,,RM2-12/12,4082.013815341,,0,deny,manual,true,true,,,,,,https://cdn.shopify.com/s/files/1/0294/4116/3400/files/EnviroRM2-16-16Blue.jpg?v=1744042030,1,,false,,,,lb,,active
environaire-sterile-sweep®-remote-mount-rm2-dual-uvc-germicidal-unit,,,,,,,,,"16""",,,,,,,,RM2-16/16,4082.013815341,,-4,deny,manual,true,true,,,,,,,,,,,,,lb,,
environaire-sterile-sweep®-rm1-5wb-one-5-uvv-oxidation-lamp-unit,"EnviroAire IAQ RM1-5WB, One 5” UVV Oxidation Lamp Unit","<p><span>120/240 volt remote 5"" UVV oxidation unit with ballast (RM1-5WB).</span></p>
<p style=""text-decoration: underline;"">Notes</p>
<ul>
<li>For more information, see our <a href=""/pages/ultraviolet-frequently-asked-questions"">Ultraviolet Frequently Asked Questions</a> page.</li>
</ul>
",Dynamic AQS,Uncategorized,Remote Mount UV,ENV,true,Title,Default Title,,,,,,,,RM1-5WB,3175.010512289,,0,deny,manual,true,true,,,,,,https://cdn.shopify.com/s/files/1/0294/4116/3400/files/EnviroRM1-5WBbluecopy.jpg?v=1744042141,1,,false,,,,lb,,active
environaire-sterile-sweep®-remote-mount-rm1-uvc-germicidal-system,EnviroAire IAQ Remote Mount - RM1 UVC Germicidal System,"<p data-mce-fragment=""1"">- Remote Mount UVC H-lamp unit with 12"" and 16"" sizes available<br data-mce-fragment=""1"">- Three year warranty against lamp defects<br data-mce-fragment=""1"">- Lifetime warranty on all electric components<br data-mce-fragment=""1"">- Auto sensing ballast automatically compensates 120-277VAC 50/60Hz<br data-mce-fragment=""1"">- Suitable for up to a 10 ton AHU<br data-mce-fragment=""1""></p>
<p data-mce-fragment=""1"">Notes</p>
<ul data-mce-fragment=""1"">
<li data-mce-fragment=""1"">For more information, see our <span data-mce-fragment=""1""></span><a data-mce-fragment=""1"" href=""https://cdn.shopify.com/s/files/1/0294/4116/3400/files/ASV_UVC_UVV_Frequently_Asked_Questions_Sheet.pdf?v=1617748399"">UV Frequently Asked Questions</a><span data-mce-fragment=""1""></span> page or view/download the <span data-mce-fragment=""1""></span><a data-mce-fragment=""1"" href=""https://cdn.shopify.com/s/files/1/0294/4116/3400/files/ASV-802_RM_Models_Spec_Sheet_0321.pdf?v=1617747959"">Spec Sheet</a><a data-mce-fragment=""1"" href=""https://cdn.shopify.com/s/files/1/0294/4116/3400/files/ASV-801_FM_Models_Spec_Sheet_0321.pdf?v=1617747960"">.</a>
</li>
</ul>
<p><br></p>",Dynamic AQS,Uncategorized,Remote Mount UV,ENV,true,Size,"12""",,,,,,,,RM1-12,4082.013815341,,-6,deny,manual,true,true,,,,,,https://cdn.shopify.com/s/files/1/0294/4116/3400/files/EnviroRM1-16Blue.jpg?v=1744042088,1,,false,,,,lb,,active
environaire-sterile-sweep®-remote-mount-rm1-uvc-germicidal-system,,,,,,,,,"16""",,,,,,,,RM1-16,4082.013815341,,-5,deny,manual,true,true,,,,,,,,,,,,,lb,,
environaire-sterile-sweep®-fixed-mount-fm2-uvc-uvv-dual-germicidal-oxidation-system,EnviroAire IAQ Fixed Mount - FM2 UVC/UVV Dual Germicidal/Oxidation System,"<p>- Fixed Mount UVC H-lamp unit with 12"" and 16"" sizes available<br>- Three year warranty against lamp defects<br>- Lifetime warranty on all electric components<br>- Auto sensing ballast automatically compensates 120-277VAC 50/60Hz<br>- Suitable for up to a 10 ton AHU<br></p>
<ul>
<li>For more information, see our <span></span><a href=""https://cdn.shopify.com/s/files/1/0294/4116/3400/files/SLA_UVC_UVV_Frequently_Asked_Questions_Sheet.pdf?v=1617817352"">UV Frequently Asked Questions</a><span></span> page or view/download the <span></span><a href=""https://cdn.shopify.com/s/files/1/0294/4116/3400/files/SLA-801_FM_Models_Spec_Sheet_0321.pdf?v=1617816821"">Spec Sheet</a><a href=""https://cdn.shopify.com/s/files/1/0294/4116/3400/files/ASV-801_FM_Models_Spec_Sheet_0321.pdf?v=1617747960"">.</a>
</li>
</ul>
<ul></ul>",Dynamic AQS,Uncategorized,Fixed Mount UV,ENV,true,Size,"12""",,,,,,,,FM2-12/5,4082.013815341,,-10,deny,manual,true,true,,,,,,https://cdn.shopify.com/s/files/1/0294/4116/3400/files/EnviroFM2-16-5Blue.jpg?v=1744042246,1,,false,,,,lb,,active
environaire-sterile-sweep®-fixed-mount-fm2-uvc-uvv-dual-germicidal-oxidation-system,,,,,,,,,"16""",,,,,,,,FM2-16/5,4082.013815341,,-30,deny,manual,true,true,,,,,,,,,,,,,lb,,
environaire-sterile-sweep®-fixed-mount-fm3-uvc-uvv-triple-germicidal-oxidation-system,EnviroAire IAQ Fixed Mount - FM3 UVC/UVV Triple Germicidal/Oxidation System,"<p>- Fixed Mount UVC H-lamp unit with 12"" and 16"" sizes available<br>- Three year warranty against lamp defects<br>- Lifetime warranty on all electric components<br>- Auto sensing ballast automatically compensates 120-277VAC 50/60Hz<br>- Suitable for up to a 10 ton AHU</p>
<p>Notes</p>
<ul>
<li>For more information, see our <span></span><a href=""https://cdn.shopify.com/s/files/1/0294/4116/3400/files/SLA_UVC_UVV_Frequently_Asked_Questions_Sheet.pdf?v=1617817352"">UV Frequently Asked Questions</a><span></span> page or view/download the <span></span><a href=""https://cdn.shopify.com/s/files/1/0294/4116/3400/files/SLA-801_FM_Models_Spec_Sheet_0321.pdf?v=1617816821"">Spec Sheet</a><a href=""https://cdn.shopify.com/s/files/1/0294/4116/3400/files/ASV-801_FM_Models_Spec_Sheet_0321.pdf?v=1617747960"">.</a>
</li>
</ul>",Dynamic AQS,Uncategorized,Fixed Mount UV,ENV,true,Size,"12""",,,,,,,,FM3-12/12/5,4082.013815341,,-1,deny,manual,true,true,,,,,,https://cdn.shopify.com/s/files/1/0294/4116/3400/files/EnviroFM3-16-16-5Blue.jpg?v=1744038164,1,,false,,,,lb,,active
environaire-sterile-sweep®-fixed-mount-fm3-uvc-uvv-triple-germicidal-oxidation-system,,,,,,,,,"16""",,,,,,,,FM3-16/16/5,4082.013815341,,-25,deny,manual,true,true,,,,,,,,,,,,,lb,,
environaire-sterile-sweep®-fm1-5-one-5-uvv-oxidation-unit,"EnviroAire IAQ FM1-5, One 5” UVV Oxidation Unit","<p>120/240 volt fixed mount 5"" oxidation unit (FM1-5)</p>
<p style=""text-decoration: underline;"">Notes</p>
<ul>
<li>For more information, see our <a href=""/pages/ultraviolet-frequently-asked-questions"">Ultraviolet Frequently Asked Questions</a> page.</li>
</ul>
",Dynamic AQS,Uncategorized,Fixed Mount UV,ENV,true,Title,Default Title,,,,,,,,FM1-5,3175.010512289,,-2,deny,manual,true,true,,,,,,https://cdn.shopify.com/s/files/1/0294/4116/3400/files/EnviroFM1-5.jpg?v=1744042412,1,,false,,,,lb,,active
pureairx-humidifier-brochure,PureAirX Humidifier Brochure,"<p>Aire Serv Humidifier Brochure.</p>
<p>Order in quantities of 50 up to 200.</p>
<p>To download, please click <a href=""https://cdn.shopify.com/s/files/1/0294/4116/3400/files/Humidifier_Brochure_SRT_238.pdf?v=1730321523"">here</a><a href=""https://cdn.shopify.com/s/files/1/0294/4116/3400/files/Humidifier_Brochure_ASV_238.pdf?v=1730321522FM_BRO-252.jpg?v=1719002023SV_FM_10-20_LR2.pdf?v=1617129106""></a>.</p>",Dynamic AQS,Uncategorized,Marketing and Training,SNA,true,Title,Default Title,,,,,,,,B-SRT238,0.0,,0,deny,manual,true,true,,,,,,https://cdn.shopify.com/s/files/1/0294/4116/3400/files/HumidifierBrochure_SRT_238_900x900_8f1c8a5c-398b-423e-a42b-2ddd0b30090c.jpg?v=1730737540,1,,false,,,,lb,,active
cleand-air-defense-humidifier-brochure,Clean Air Defense Humidifier Brochure,"<p>Clean Air Defense Humidifier Brochure.</p>
<p>Order in quantities of 50 up to 200.</p>
<p>To download, please click <a href=""https://cdn.shopify.com/s/files/1/0294/4116/3400/files/Humidifier_Brochure_CADS_238.pdf?v=1730321523"">here</a>.</p>",Dynamic AQS,Uncategorized,Marketing and Training,CAD,true,Title,Default Title,,,,,,,,B-CADS238RH2,0.0,,-351,deny,manual,true,true,,,,,,https://cdn.shopify.com/s/files/1/0294/4116/3400/files/HumidifierBrochure_CADS_900x900_e7f19e0e-0205-4dc5-bf37-258dfbeab001.jpg?v=1730737482,1,,false,,,,lb,,active
eco-friendly-home-humidifier-brochure,Eco Friendly Home Humidifier Brochure,"<p>Eco Friendly Home Humidifier Brochure.</p>
<p>Order in quantities of 50 up to 200.</p>
<p>To download, please click <a href=""https://cdn.shopify.com/s/files/1/0294/4116/3400/files/Humidifier_Brochure_ECO_238.pdf?v=1730321524"">here</a><a href=""https://cdn.shopify.com/s/files/1/0294/4116/3400/files/Humidifier_Brochure_STS_238.pdf?v=1730321526""></a><a href=""https://cdn.shopify.com/s/files/1/0294/4116/3400/files/Humidifier_Brochure_ASV_238.pdf?v=1730321522FM_BRO-252.jpg?v=1719002023SV_FM_10-20_LR2.pdf?v=1617129106""></a>.</p>",Dynamic AQS,Uncategorized,Marketing and Training,ECO,true,Title,Default Title,,,,,,,,,0.0,,0,deny,manual,true,true,,,,,,https://cdn.shopify.com/s/files/1/0294/4116/3400/files/HumidifierBrochure_ECO_900x900_ee622791-e41c-4d10-9396-485769f83e74.jpg?v=1730737500,1,,false,,,,lb,,active
solaceair-humidifier-brochure,SolaceAir Humidifier Brochure,"<p>SolaceAir Humidifier Brochure.</p>
<p>Order in quantities of 50 up to 200.</p>
<p>To download, please click <a href=""https://cdn.shopify.com/s/files/1/0294/4116/3400/files/Humidifier_Brochure_SLA_238.pdf?v=1730321525"">here</a><a href=""https://cdn.shopify.com/s/files/1/0294/4116/3400/files/Humidifier_Brochure_STS_238.pdf?v=1730321526""></a><a href=""https://cdn.shopify.com/s/files/1/0294/4116/3400/files/Humidifier_Brochure_ASV_238.pdf?v=1730321522FM_BRO-252.jpg?v=1719002023SV_FM_10-20_LR2.pdf?v=1617129106""></a>.</p>",Dynamic AQS,Uncategorized,Marketing and Training,SLA,true,Title,Default Title,,,,,,,,B-SLA238RH2,0.0,,-355,deny,manual,true,true,,,,,,https://cdn.shopify.com/s/files/1/0294/4116/3400/files/HumidifierBrochure_SLA_900x900_19234644-b708-415e-bf9e-6a0788091de7.jpg?v=1730737559,1,,false,,,,lb,,active
stratosaire-humidifier-brochure,StratosAire Humidifier Brochure,"<p>StratosAire Humidifier Brochure.</p>
<p>Order in quantities of 50 up to 200.</p>
<p>To download, please click <a href=""https://cdn.shopify.com/s/files/1/0294/4116/3400/files/Humidifier_Brochure_STS_238.pdf?v=1730321526"">here</a><a href=""https://cdn.shopify.com/s/files/1/0294/4116/3400/files/Humidifier_Brochure_ASV_238.pdf?v=1730321522FM_BRO-252.jpg?v=1719002023SV_FM_10-20_LR2.pdf?v=1617129106""></a>.</p>",Dynamic AQS,Uncategorized,Marketing and Training,STS,true,Title,Default Title,,,,,,,,B-STS238,0.0,,-200,deny,manual,true,true,,,,,,https://cdn.shopify.com/s/files/1/0294/4116/3400/files/HumidifierBrochure_STS_900x900_ce1487bf-63f2-4b9c-864c-87a32c634342.jpg?v=1730737576,1,,false,,,,lb,,active
nexstar-humidifier-brochure,Nexstar Humidifier Brochure,"<p>Nexstar Humidifier Brochure.</p>
<p>Order in quantities of 50 up to 200.</p>
<p>To download, please click <a href=""https://cdn.shopify.com/s/files/1/0294/4116/3400/files/Humidifier_Brochure_NEX_238.pdf?v=1730321526"">here</a>.</p>",Dynamic AQS,Uncategorized,Marketing and Training,NEX,true,Title,Default Title,,,,,,,,B-NEX238RH2,0.0,,-1,deny,manual,true,true,,,,,,https://cdn.shopify.com/s/files/1/0294/4116/3400/files/HumidifierBrochure_NEX_900x900_467c36fc-4853-4b7c-82b8-4d6f16534fc9.jpg?v=1730737518,1,,false,,,,lb,,active
ars-humidifier-brochure-copy,ARS Humidifier Brochure,"<p>ARS Humidifier Brochure .</p>
<p>Order in quantities of 50 up to 200.</p>
<p>To download, please click <a href=""https://cdn.shopify.com/s/files/1/0294/4116/3400/files/Humidifier_Brochure_ARS_238.pdf?v=1730321526"">here</a><a href=""https://cdn.shopify.com/s/files/1/0294/4116/3400/files/Humidifier_Brochure_ASV_238.pdf?v=1730321522FM_BRO-252.jpg?v=1719002023SV_FM_10-20_LR2.pdf?v=1617129106""></a><a href=""https://cdn.shopify.com/s/files/1/0294/4116/3400/files/THS_ASV_FM_BRO-252.jpg?v=1719002023SV_FM_10-20_LR2.pdf?v=1617129106""></a>.</p>",Dynamic AQS,Uncategorized,Marketing and Training,ARS,true,Count,50,,,,,,,,B-ARS238,0.0,,0,deny,manual,true,true,,,,,,https://cdn.shopify.com/s/files/1/0294/4116/3400/files/HumidifierBrochure_ARS_900x900_2eec303e-59e2-4c3e-ba07-69acf5813f70.jpg?v=1730737460,1,,false,,,,lb,,active
ars-humidifier-brochure-copy,,,,,,,,,100,,,,,,,,B-ARS238,0.0,,0,deny,manual,true,true,,,,,,,,,,,,,lb,,
ars-humidifier-brochure-copy,,,,,,,,,150,,,,,,,,B-ARS238,0.0,,0,deny,manual,true,true,,,,,,,,,,,,,lb,,
ars-humidifier-brochure-copy,,,,,,,,,200,,,,,,,,B-ARS238,0.0,,0,deny,manual,true,true,,,,,,,,,,,,,lb,,
aire-serv-humidifier-brochure,Aire Serv Humidifier Brochure,"<p>Aire Serv Humidifier Brochure.</p>
<p>Order in quantities of 50 up to 200.</p>
<p>To download, please click <a href=""https://cdn.shopify.com/s/files/1/0294/4116/3400/files/Humidifier_Brochure_ASV_238.pdf?v=1730321522FM_BRO-252.jpg?v=1719002023SV_FM_10-20_LR2.pdf?v=1617129106"">here</a><a href=""https://cdn.shopify.com/s/files/1/0294/4116/3400/files/THS_ASV_FM_BRO-252.jpg?v=1719002023SV_FM_10-20_LR2.pdf?v=1617129106""></a>.</p>",Dynamic AQS,Uncategorized,Marketing and Training,ASV,true,Title,Default Title,,,,,,,,B-ASV238,0.0,,-450,deny,manual,true,true,,,,,,https://cdn.shopify.com/s/files/1/0294/4116/3400/files/HumidifierBrochure_ASV_238_900x900_4941f149-d46e-4b14-b286-8f81eb65ac58.jpg?v=1730737436,1,,false,,,,lb,,active
500423-os-offset-duct-board-adaptor-plate-for-rm-unit,UV-500423-OS Offset Duct Board Adaptor Plate for RM Unit,"<p>Offset Duct Board Adapter Plate for RM Units and FM remote lamps.</p>
<p>Outside Dimensions: ~ 7 7/8"" X 7 1/2"" X 1 1/2""  <br>Recessed Area: ~ 5 1/2"" X 4 5/8"" X 1 3/8""</p>
<p>Notes:</p>
<ul>
<li>This adapter plate is used to mount both UVV lamps (Oxidation Units) and UVC lamps (Germicidal Units) from remote Mount UV Kits in duct board</li>
<li>Each plate accepts 1 lamp (UVV or UVC), so a RM3 installation may require up to 3 offset plates.</li>
<li>It is also used to mount the Remote UVC lamp from an FM3 in duct board</li>
<li>It is not used for installation in metal ductwork</li>
</ul>",Dynamic AQS,Uncategorized,UV Accessories,STS,true,Size,Remote Mount (RM) Units,,,,,,,,UV-500423-OS,1361.003906185,,-252,deny,manual,true,true,,,,,,https://cdn.shopify.com/s/files/1/0294/4116/3400/products/OffsetRM_d6e3c893-5ec8-4199-bbac-b25446467e3d.png?v=1612556704,1,,false,,,https://cdn.shopify.com/s/files/1/0294/4116/3400/products/OffsetRM_d6e3c893-5ec8-4199-bbac-b25446467e3d.png?v=1612556704,lb,,active
500423-os-offset-duct-board-adaptor-plate-for-rm-unit,,,,,,,,,,,,,,,,,,,,,,,,,,,,,,https://cdn.shopify.com/s/files/1/0294/4116/3400/files/RMOffset1.png?v=1727816432,2,,,,,,,,
500423-os-offset-duct-board-adaptor-plate-for-rm-unit,,,,,,,,,,,,,,,,,,,,,,,,,,,,,,https://cdn.shopify.com/s/files/1/0294/4116/3400/files/RMOffset2.png?v=1727816448,3,,,,,,,,
500423-os-offset-duct-board-adaptor-plate-for-rm-units,UV-500423-OS Offset Duct Board Adaptor Plate For RM Units,"<p>Offset Duct Board Adapter Plate for RM Units and FM remote lamps.</p>
<p>Outside Dimensions: ~ 7 7/8"" X 7 1/2"" X 1 1/2""  <br>Recessed Area: ~ 5 1/2"" X 4 5/8"" X 1 3/8""</p>
<p>Notes:</p>
<ul>
<li>This adapter plate is used to mount both UVV lamps (Oxidation Units) and UVC lamps (Germicidal Units) from Remote Mount UV Kits in duct board</li>
<li>Each plate accepts 1 lamp (UVV or UVC), so a RM3 installation may require up to 3 offset plates.</li>
<li>It is also used to mount the remote UVC lamp from an FM3 in duct board</li>
<li>It is not used for installation in metal ductwork</li>
</ul>",Dynamic AQS,Uncategorized,UV Accessories,"ARS, ASV, BIO, CAD, ECO, ENV, NEX, SLA, SNA",true,Size,Remote Mount (RM) Units,,,,,,,,UV-500423-OS,1361.003906185,,-3724,deny,manual,true,true,,,,,,https://cdn.shopify.com/s/files/1/0294/4116/3400/products/OffsetRM_08361a44-4c9b-4d7b-9213-d5f691637cab.png?v=1610404350,1,,false,,,https://cdn.shopify.com/s/files/1/0294/4116/3400/products/OffsetRM_08361a44-4c9b-4d7b-9213-d5f691637cab.png?v=1610404350,lb,,active
500423-os-offset-duct-board-adaptor-plate-for-rm-units,,,,,,,,,,,,,,,,,,,,,,,,,,,,,,https://cdn.shopify.com/s/files/1/0294/4116/3400/files/RMOffset1.png?v=1727816432,2,,,,,,,,
500423-os-offset-duct-board-adaptor-plate-for-rm-units,,,,,,,,,,,,,,,,,,,,,,,,,,,,,,https://cdn.shopify.com/s/files/1/0294/4116/3400/files/RMOffset2.png?v=1727816448,3,,,,,,,,
airsana,AIRsana Mini-Split Cleaning Machine,<p>AIRsana complete mini-split cleaning machine with required accessories.</p>,Dynamic AQS,Uncategorized,Pan Strips,"ARS, ASV, BIO, CAD, ECO, NEX, SLA, SNA",true,Title,Default Title,,,,,,,,AS-180,0.0,,-5,deny,manual,true,false,,,,,,https://cdn.shopify.com/s/files/1/0294/4116/3400/files/AIRsana900x900.jpg?v=1719938108,1,,false,,,,lb,,active
stratos-air-home-rh2-steam-humidifier-ducted-package,StratosAire Home RH2+ Steam Humidifier Ducted Package,"<p>RH2+ self-generating electrode type steam humidifier for ducted applications.</p>
<p>110-240VAC</p>
<p>Package includes:</p>
<p>Duct Mounted Humidifier, Steam Hose Kit, Steam Distributor, Duct Mounted Humidistat, Outdoor Mount Temperature Sensor</p>
<p>For more information, you can view/download the <a href=""https://cdn.shopify.com/s/files/1/0294/4116/3400/files/ASV-920_RH2_Ducted_Steam_Humidifier_Spec_Sheet.pdf?v=1638210422"">Spec Shee</a><a href=""https://cdn.shopify.com/s/files/1/0294/4116/3400/files/ARS-920_RH2_Ducted_Steam_Humidifier_Spec_Sheet.pdf?v=1638210411"">t</a> and <a href=""https://cdn.shopify.com/s/files/1/0294/4116/3400/files/2601564-A_RH2_Installation_and_Operation_DynamicAir.pdf?v=1638212981"">Install Manual</a>.</p>
<p> </p>",Dynamic AQS,Home & Garden > Household Appliances > Climate Control Appliances > Humidifiers,Humidifiers,STS,true,Title,Default Title,,,,,,,,RH2-DUCT-PKG,0.0,,0,deny,manual,true,false,,,,,,https://cdn.shopify.com/s/files/1/0294/4116/3400/files/STSHumidDuctPackage900x900.jpg?v=1719937745,1,,false,,,,lb,,active
solace-air-home-rh2-steam-humidifier-ducted-package,SolaceAir Home RH2+ Steam Humidifier Ducted Package,"<p>RH2+ self-generating electrode type steam humidifier for ducted applications.</p>
<p>110-240VAC</p>
<p>Package includes:</p>
<p>Duct Mounted Humidifier, Steam Hose Kit, Steam Distributor, Duct Mounted Humidistat, Outdoor Mount Temperature Sensor</p>
<p>For more information, you can view/download the <a href=""https://cdn.shopify.com/s/files/1/0294/4116/3400/files/ASV-920_RH2_Ducted_Steam_Humidifier_Spec_Sheet.pdf?v=1638210422"">Spec Shee</a><a href=""https://cdn.shopify.com/s/files/1/0294/4116/3400/files/ARS-920_RH2_Ducted_Steam_Humidifier_Spec_Sheet.pdf?v=1638210411"">t</a> and <a href=""https://cdn.shopify.com/s/files/1/0294/4116/3400/files/2601564-A_RH2_Installation_and_Operation_DynamicAir.pdf?v=1638212981"">Install Manual</a>.</p>
<p> </p>",Dynamic AQS,Home & Garden > Household Appliances > Climate Control Appliances > Humidifiers,Humidifiers,SLA,true,Title,Default Title,,,,,,,,RH2-DUCT-PKG,0.0,,-37,deny,manual,true,false,,,,,,https://cdn.shopify.com/s/files/1/0294/4116/3400/files/SLAHumidDuctPackage900x900.jpg?v=1719937722,1,,false,,,,lb,,active
pure-air-x-home-rh2-steam-humidifier-ducted-package,Pure Air X Home RH2+ Steam Humidifier Ducted Package,"<p>RH2+ self-generating electrode type steam humidifier for ducted applications.</p>
<p>110-240VAC</p>
<p>Package includes:</p>
<p>Duct Mounted Humidifier, Steam Hose Kit, Steam Distributor, Duct Mounted Humidistat, Outdoor Mount Temperature Sensor</p>
<p>For more information, you can view/download the <a href=""https://cdn.shopify.com/s/files/1/0294/4116/3400/files/ASV-920_RH2_Ducted_Steam_Humidifier_Spec_Sheet.pdf?v=1638210422"">Spec Shee</a><a href=""https://cdn.shopify.com/s/files/1/0294/4116/3400/files/ARS-920_RH2_Ducted_Steam_Humidifier_Spec_Sheet.pdf?v=1638210411"">t</a> and <a href=""https://cdn.shopify.com/s/files/1/0294/4116/3400/files/2601564-A_RH2_Installation_and_Operation_DynamicAir.pdf?v=1638212981"">Install Manual</a>.</p>
<p> </p>",Dynamic AQS,Home & Garden > Household Appliances > Climate Control Appliances > Humidifiers,Humidifiers,SNA,true,Title,Default Title,,,,,,,,RH2-DUCT-PKG,0.0,,0,deny,manual,true,false,,,,,,https://cdn.shopify.com/s/files/1/0294/4116/3400/files/SNAHumidDuctPackage900x900.jpg?v=1719937693,1,,false,,,,lb,,active
pristine-air-home-rh2-steam-humidifier-ducted-package,Pristine Air Home RH2+ Steam Humidifier Ducted Package,"<p>RH2+ self-generating electrode type steam humidifier for ducted applications.</p>
<p>110-240VAC</p>
<p>Package includes:</p>
<p>Duct Mounted Humidifier, Steam Hose Kit, Steam Distributor, Duct Mounted Humidistat, Outdoor Mount Temperature Sensor</p>
<p>For more information, you can view/download the <a href=""https://cdn.shopify.com/s/files/1/0294/4116/3400/files/ASV-920_RH2_Ducted_Steam_Humidifier_Spec_Sheet.pdf?v=1638210422"">Spec Shee</a><a href=""https://cdn.shopify.com/s/files/1/0294/4116/3400/files/ARS-920_RH2_Ducted_Steam_Humidifier_Spec_Sheet.pdf?v=1638210411"">t</a> and <a href=""https://cdn.shopify.com/s/files/1/0294/4116/3400/files/2601564-A_RH2_Installation_and_Operation_DynamicAir.pdf?v=1638212981"">Install Manual</a>.</p>
<p> </p>",Dynamic AQS,Home & Garden > Household Appliances > Climate Control Appliances > Humidifiers,Humidifiers,NEX,true,Title,Default Title,,,,,,,,RH2-DUCT-PKG,0.0,,-7,deny,manual,true,false,,,,,,https://cdn.shopify.com/s/files/1/0294/4116/3400/files/NEXHumidDuctPackage900x900.jpg?v=1719937667,1,,false,,,,lb,,active
eco-healthy-home-rh2-steam-humidifier-ducted-package,ECO Healthy Home RH2+ Steam Humidifier Ducted Package,"<p>RH2+ self-generating electrode type steam humidifier for ducted applications.</p>
<p>110-240VAC</p>
<p>Package includes:</p>
<p>Duct Mounted Humidifier, Steam Hose Kit, Steam Distributor, Duct Mounted Humidistat, Outdoor Mount Temperature Sensor</p>
<p>For more information, you can view/download the <a href=""https://cdn.shopify.com/s/files/1/0294/4116/3400/files/ASV-920_RH2_Ducted_Steam_Humidifier_Spec_Sheet.pdf?v=1638210422"">Spec Shee</a><a href=""https://cdn.shopify.com/s/files/1/0294/4116/3400/files/ARS-920_RH2_Ducted_Steam_Humidifier_Spec_Sheet.pdf?v=1638210411"">t</a> and <a href=""https://cdn.shopify.com/s/files/1/0294/4116/3400/files/2601564-A_RH2_Installation_and_Operation_DynamicAir.pdf?v=1638212981"">Install Manual</a>.</p>
<p> </p>",Dynamic AQS,Home & Garden > Household Appliances > Climate Control Appliances > Humidifiers,Humidifiers,ECO,true,Title,Default Title,,,,,,,,RH2-DUCT-PKG,0.0,,0,deny,manual,true,false,,,,,,https://cdn.shopify.com/s/files/1/0294/4116/3400/files/ECOHumidDuctPackage900x900.jpg?v=1719937623,1,,false,,,,lb,,active
clean-air-defense-system-rh2-steam-humidifier-ducted-package,Clean Air Defense System RH2+ Steam Humidifier Ducted Package,"<p>RH2+ self-generating electrode type steam humidifier for ducted applications.</p>
<p>110-240VAC</p>
<p>Package includes:</p>
<p>Duct Mounted Humidifier, Steam Hose Kit, Steam Distributor, Duct Mounted Humidistat, Outdoor Mount Temperature Sensor</p>
<p>For more information, you can view/download the <a href=""https://cdn.shopify.com/s/files/1/0294/4116/3400/files/ASV-920_RH2_Ducted_Steam_Humidifier_Spec_Sheet.pdf?v=1638210422"">Spec Shee</a><a href=""https://cdn.shopify.com/s/files/1/0294/4116/3400/files/ARS-920_RH2_Ducted_Steam_Humidifier_Spec_Sheet.pdf?v=1638210411"">t</a> and <a href=""https://cdn.shopify.com/s/files/1/0294/4116/3400/files/2601564-A_RH2_Installation_and_Operation_DynamicAir.pdf?v=1638212981"">Install Manual</a>.</p>
<p> </p>",Dynamic AQS,Home & Garden > Household Appliances > Climate Control Appliances > Humidifiers,Humidifiers,CAD,true,Title,Default Title,,,,,,,,RH2-DUCT-PKG,0.0,,-4,deny,manual,true,false,,,,,,https://cdn.shopify.com/s/files/1/0294/4116/3400/files/CADSHumidDuctPackage900x900.jpg?v=1719937559,1,,false,,,,lb,,active
ars-rh2-steam-humidifier-ducted-package,ARS RH2+ Steam Humidifier Ducted Package,"<p>RH2+ self-generating electrode type steam humidifier for ducted applications.</p>
<p>110-240VAC</p>
<p>Package includes:</p>
<p>Duct Mounted Humidifier, Steam Hose Kit, Steam Distributor, Duct Mounted Humidistat, Outdoor Mount Temperature Sensor</p>
<p>For more information, you can view/download the <a href=""https://cdn.shopify.com/s/files/1/0294/4116/3400/files/ASV-920_RH2_Ducted_Steam_Humidifier_Spec_Sheet.pdf?v=1638210422"">Spec Shee</a><a href=""https://cdn.shopify.com/s/files/1/0294/4116/3400/files/ARS-920_RH2_Ducted_Steam_Humidifier_Spec_Sheet.pdf?v=1638210411"">t</a> and <a href=""https://cdn.shopify.com/s/files/1/0294/4116/3400/files/2601564-A_RH2_Installation_and_Operation_DynamicAir.pdf?v=1638212981"">Install Manual</a>.</p>
<p> </p>",Dynamic AQS,Home & Garden > Household Appliances > Climate Control Appliances > Humidifiers,Humidifiers,ARS,true,Title,Default Title,,,,,,,,RH2-DUCT-PKG,0.0,,0,deny,manual,true,false,,,,,,https://cdn.shopify.com/s/files/1/0294/4116/3400/files/ARSHumidDuctPackage900x900.jpg?v=1719937538,1,,false,,,,lb,,active
aireserv-rh2-steam-humidifier-ducted-package,AireServ RH2+ Steam Humidifier Ducted Package,"<p>RH2+ self-generating electrode type steam humidifier for ducted applications.</p>
<p>110-240VAC</p>
<p>Package includes:</p>
<p>Duct Mounted Humidifier, Steam Hose Kit, Steam Distributor, Duct Mounted Humidistat, Outdoor Mount Temperature Sensor</p>
<p>For more information, you can view/download the <a href=""https://cdn.shopify.com/s/files/1/0294/4116/3400/files/ASV-920_RH2_Ducted_Steam_Humidifier_Spec_Sheet.pdf?v=1638210422"">Spec Shee</a><a href=""https://cdn.shopify.com/s/files/1/0294/4116/3400/files/ARS-920_RH2_Ducted_Steam_Humidifier_Spec_Sheet.pdf?v=1638210411"">t</a> and <a href=""https://cdn.shopify.com/s/files/1/0294/4116/3400/files/2601564-A_RH2_Installation_and_Operation_DynamicAir.pdf?v=1638212981"">Install Manual</a>.</p>
<p> </p>",Dynamic AQS,Home & Garden > Household Appliances > Climate Control Appliances > Humidifiers,Humidifiers,ASV,true,Title,Default Title,,,,,,,,RH2-DUCT-PKG,0.0,,-17,deny,manual,true,false,,,,,,https://cdn.shopify.com/s/files/1/0294/4116/3400/files/ASVHumidDuctPackage900x900.jpg?v=1719937488,1,,false,,,,lb,,active
stratos-air-rh2-steam-humidifier-space-unit-package,StratosAire RH2+ Steam Humidifier Space Unit Package,"<p>RH2+ self-generating electrode type steam humidifier for wall-mounting inside the space with integral blower.</p>
<p>110-240VAC</p>
<p>Package includes:</p>
<p>Wall Mounted Space Humidifier, Wall Mounted Humidistat, Outdoor Mount Temperature Sensor </p>
<p>For more information, you can view/download the <a href=""https://cdn.shopify.com/s/files/1/0294/4116/3400/files/ASV-921_RH2_Space_Steam_Humidifier_Spec_Sheet.pdf?v=1638212893"">Spec Sheet</a> and <a href=""https://cdn.shopify.com/s/files/1/0294/4116/3400/files/2601564-A_RH2_Installation_and_Operation_DynamicAir.pdf?v=1638212981"">Install Manual</a>.</p>
<p> </p>",Dynamic AQS,Home & Garden > Household Appliances > Climate Control Appliances > Humidifiers,Humidifiers,STS,true,Title,Default Title,,,,,,,,RH2-SPACE-PKG,0.0,,0,deny,manual,true,false,,,,,,https://cdn.shopify.com/s/files/1/0294/4116/3400/files/STSHumidSpacePackage900x900.jpg?v=1719936446,1,,false,,,,lb,,active
solace-air-rh2-steam-humidifier-space-unit-package,SolaceAir RH2+ Steam Humidifier Space Unit Package,"<p>RH2+ self-generating electrode type steam humidifier for wall-mounting inside the space with integral blower.</p>
<p>110-240VAC</p>
<p>Package includes:</p>
<p>Wall Mounted Space Humidifier, Wall Mounted Humidistat, Outdoor Mount Temperature Sensor </p>
<p>For more information, you can view/download the <a href=""https://cdn.shopify.com/s/files/1/0294/4116/3400/files/ASV-921_RH2_Space_Steam_Humidifier_Spec_Sheet.pdf?v=1638212893"">Spec Sheet</a> and <a href=""https://cdn.shopify.com/s/files/1/0294/4116/3400/files/2601564-A_RH2_Installation_and_Operation_DynamicAir.pdf?v=1638212981"">Install Manual</a>.</p>
<p> </p>",Dynamic AQS,Home & Garden > Household Appliances > Climate Control Appliances > Humidifiers,Humidifiers,SLA,true,Title,Default Title,,,,,,,,RH2-SPACE-PKG,0.0,,0,deny,manual,true,false,,,,,,https://cdn.shopify.com/s/files/1/0294/4116/3400/files/SLAHumidSpacePackage900x900.jpg?v=1719936405,1,,false,,,,lb,,active
puer-air-x-rh2-steam-humidifier-space-unit-package,Pure Air X RH2+ Steam Humidifier Space Unit Package,"<p>RH2+ self-generating electrode type steam humidifier for wall-mounting inside the space with integral blower.</p>
<p>110-240VAC</p>
<p>Package includes:</p>
<p>Wall Mounted Space Humidifier, Wall Mounted Humidistat, Outdoor Mount Temperature Sensor </p>
<p>For more information, you can view/download the <a href=""https://cdn.shopify.com/s/files/1/0294/4116/3400/files/ASV-921_RH2_Space_Steam_Humidifier_Spec_Sheet.pdf?v=1638212893"">Spec Sheet</a> and <a href=""https://cdn.shopify.com/s/files/1/0294/4116/3400/files/2601564-A_RH2_Installation_and_Operation_DynamicAir.pdf?v=1638212981"">Install Manual</a>.</p>
<p> </p>",Dynamic AQS,Home & Garden > Household Appliances > Climate Control Appliances > Humidifiers,Humidifiers,SNA,true,Title,Default Title,,,,,,,,RH2-SPACE-PKG,0.0,,0,deny,manual,true,false,,,,,,https://cdn.shopify.com/s/files/1/0294/4116/3400/files/SNAHumidSpacePackage900x900_e19ff8f2-b46f-403d-b173-2067409fdf61.jpg?v=1719936612,1,,false,,,,lb,,active
pristine-air-rh2-steam-humidifier-space-unit-package,Pristine Air RH2+ Steam Humidifier Space Unit Package,"<p>RH2+ self-generating electrode type steam humidifier for wall-mounting inside the space with integral blower.</p>
<p>110-240VAC</p>
<p>Package includes:</p>
<p>Wall Mounted Space Humidifier, Wall Mounted Humidistat, Outdoor Mount Temperature Sensor </p>
<p>For more information, you can view/download the <a href=""https://cdn.shopify.com/s/files/1/0294/4116/3400/files/ASV-921_RH2_Space_Steam_Humidifier_Spec_Sheet.pdf?v=1638212893"">Spec Sheet</a> and <a href=""https://cdn.shopify.com/s/files/1/0294/4116/3400/files/2601564-A_RH2_Installation_and_Operation_DynamicAir.pdf?v=1638212981"">Install Manual</a>.</p>
<p> </p>",Dynamic AQS,Home & Garden > Household Appliances > Climate Control Appliances > Humidifiers,Humidifiers,NEX,true,Title,Default Title,,,,,,,,RH2-SPACE-PKG,0.0,,-2,deny,manual,true,false,,,,,,https://cdn.shopify.com/s/files/1/0294/4116/3400/files/NEXHumidSpacePackage900x900.jpg?v=1719936356,1,,false,,,,lb,,active
pristine-air-rh2-steam-humidifier-space-unit-package,,,,,,,,,,,,,,,,,,,,,,,,,,,,,,https://cdn.shopify.com/s/files/1/0294/4116/3400/files/SNAHumidSpacePackage900x900.jpg?v=1719936375,2,,,,,,,,
eco-healthy-home-rh2-steam-humidifier-space-unit-package,Eco Healthy Home RH2+ Steam Humidifier Space Unit Package,"<p>RH2+ self-generating electrode type steam humidifier for wall-mounting inside the space with integral blower.</p>
<p>110-240VAC</p>
<p>Package includes:</p>
<p>Wall Mounted Space Humidifier, Wall Mounted Humidistat, Outdoor Mount Temperature Sensor </p>
<p>For more information, you can view/download the <a href=""https://cdn.shopify.com/s/files/1/0294/4116/3400/files/ASV-921_RH2_Space_Steam_Humidifier_Spec_Sheet.pdf?v=1638212893"">Spec Sheet</a> and <a href=""https://cdn.shopify.com/s/files/1/0294/4116/3400/files/2601564-A_RH2_Installation_and_Operation_DynamicAir.pdf?v=1638212981"">Install Manual</a>.</p>
<p> </p>",Dynamic AQS,Home & Garden > Household Appliances > Climate Control Appliances > Humidifiers,Humidifiers,ECO,true,Title,Default Title,,,,,,,,RH2-SPACE-PKG,0.0,,0,deny,manual,true,false,,,,,,https://cdn.shopify.com/s/files/1/0294/4116/3400/files/ECOHumidSpacePackage900x900.jpg?v=1719936227,1,,false,,,,lb,,active
clean-air-defense-system-rh2-steam-humidifier-space-unit-package,Clean Air Defense System RH2+ Steam Humidifier Space Unit Package,"<p>RH2+ self-generating electrode type steam humidifier for wall-mounting inside the space with integral blower.</p>
<p>110-240VAC</p>
<p>Package includes:</p>
<p>Wall Mounted Space Humidifier, Wall Mounted Humidistat, Outdoor Mount Temperature Sensor </p>
<p>For more information, you can view/download the <a href=""https://cdn.shopify.com/s/files/1/0294/4116/3400/files/ASV-921_RH2_Space_Steam_Humidifier_Spec_Sheet.pdf?v=1638212893"">Spec Sheet</a> and <a href=""https://cdn.shopify.com/s/files/1/0294/4116/3400/files/2601564-A_RH2_Installation_and_Operation_DynamicAir.pdf?v=1638212981"">Install Manual</a>.</p>
<p> </p>",Dynamic AQS,Home & Garden > Household Appliances > Climate Control Appliances > Humidifiers,Humidifiers,CAD,true,Title,Default Title,,,,,,,,RH2-SPACE-PKG,0.0,,0,deny,manual,true,false,,,,,,https://cdn.shopify.com/s/files/1/0294/4116/3400/files/CADSHumidSpacePackage900x900.jpg?v=1719936178,1,,false,,,,lb,,active
ars-rh2-steam-humidifier-space-unit-package-copy,ARS RH2+ Steam Humidifier Space Unit Package,"<p>RH2+ self-generating electrode type steam humidifier for wall-mounting inside the space with integral blower.</p>
<p>110-240VAC</p>
<p>Package includes:</p>
<p>Wall Mounted Space Humidifier, Wall Mounted Humidistat, Outdoor Mount Temperature Sensor </p>
<p>For more information, you can view/download the <a href=""https://cdn.shopify.com/s/files/1/0294/4116/3400/files/ASV-921_RH2_Space_Steam_Humidifier_Spec_Sheet.pdf?v=1638212893"">Spec Sheet</a> and <a href=""https://cdn.shopify.com/s/files/1/0294/4116/3400/files/2601564-A_RH2_Installation_and_Operation_DynamicAir.pdf?v=1638212981"">Install Manual</a>.</p>
<p> </p>",Dynamic AQS,Home & Garden > Household Appliances > Climate Control Appliances > Humidifiers,Humidifiers,ARS,true,Title,Default Title,,,,,,,,RH2-SPACE-PKG,0.0,,0,deny,manual,true,false,,,,,,https://cdn.shopify.com/s/files/1/0294/4116/3400/files/ARSHumidSpacePackage900x900.jpg?v=1719936113,1,,false,,,,lb,,active
aireserv-rh2-steam-humidifier-space-unit-package,AireServ RH2+ Steam Humidifier Space Unit Package,"<p>RH2+ self-generating electrode type steam humidifier for wall-mounting inside the space with integral blower.</p>
<p>110-240VAC</p>
<p>Package includes:</p>
<p>Wall Mounted Space Humidifier, Wall Mounted Humidistat, Outdoor Mount Temperature Sensor <br></p>
<p>For more information, you can view/download the <a href=""https://cdn.shopify.com/s/files/1/0294/4116/3400/files/ASV-921_RH2_Space_Steam_Humidifier_Spec_Sheet.pdf?v=1638212893"">Spec Sheet</a> and <a href=""https://cdn.shopify.com/s/files/1/0294/4116/3400/files/2601564-A_RH2_Installation_and_Operation_DynamicAir.pdf?v=1638212981"">Install Manual</a>.</p>
<p> </p>",Dynamic AQS,Home & Garden > Household Appliances > Climate Control Appliances > Humidifiers,Humidifiers,ASV,true,Title,Default Title,,,,,,,,RH2-SPACE-PKG,0.0,,0,deny,manual,true,false,,,,,,https://cdn.shopify.com/s/files/1/0294/4116/3400/files/ASVHumidSpacePackage900x900.jpg?v=1719935867,1,,false,,,,lb,,active
enviroaire-hp-300-300-cfm-bypass-hepa-system,"EnviroAire IAQ HP-300, 300 CFM Bypass HEPA System","<p>300 CFM Bypass HEPA System with 1.5 inch pre-filter and 2 inch HEPA.</p>
<p>Options ordered separately</p>
<ul>
<li><a href=""/collections/hepa/products/hepa-collar-mount-kit"">8"" Collars for remote mount</a></li>
<li><a href=""https://www.dynamiconlineorders.com/collections/hepa/products/activated-carbon-edge-panel"">Activated Carbon Insert</a></li>
</ul>
<p> </p>",Dynamic AQS,Uncategorized,HEPA,ENV,true,Title,Default Title,,,,,,,,HP-300,0.0,,-13,deny,manual,false,false,,,,,,https://cdn.shopify.com/s/files/1/0294/4116/3400/files/EnviroHEPA.png?v=1715113429,1,,false,,,,lb,,active
enviroaire-sterile-sweep®-fixed-mount-fm1-germicidal-uvc-system,EnviroAire IAQ Fixed Mount - FM1 Germicidal UVC System,"<p>- Fixed Mount UVC unit with 12"" and 16"" sizes available<br>- Lifetime warranty on all electric components<br>- Auto sensing ballast automatically compensates 120-277VAC 50/60Hz<br>- Suitable for up to a 10-ton AHU</p>
<p style=""text-decoration: underline;"">Notes</p>
<p>For more information, see our <a href=""https://cdn.shopify.com/s/files/1/0294/4116/3400/files/Generic_FAQ_Sheet_UVC-UVV_DYN.pdf?v=1715181317"">UV Frequently Asked Questions</a> page or view/download the <a href=""https://cdn.shopify.com/s/files/1/0294/4116/3400/files/Generic_UV-FM_Spec_Sheet_DYN_801.pdf?v=1715181317"">FM Spec Sheet</a>.</p>",Dynamic AQS,Uncategorized,Fixed Mount UV,ENV,true,Size,"16""",,,,,,,,FM1-16,0.0,,-132,deny,manual,false,false,,,,,,https://cdn.shopify.com/s/files/1/0294/4116/3400/files/EnviroFM1-16Blue.jpg?v=1744042341,1,,false,,,,lb,,active
activated-carbon-edge-panel,HP-EDGE Replacement Activated Carbon Insert,"HEPA replacement activated carbon insert (optional) (15.5"" x 11.5"" x 1.75"")<br>",Dynamic AQS,Uncategorized,HEPA,"ARS, ASV, BIO, CAD, ECO, ENV, NEX, SLA, SNA, STS",true,Title,Default Title,,,,,,,,HP-EDGE-INSERT,0.0,,-141,deny,manual,true,false,,,,,,https://cdn.shopify.com/s/files/1/0294/4116/3400/files/Front.jpg?v=1682714038,1,,false,,,,lb,,active
activated-carbon-edge-panel,,,,,,,,,,,,,,,,,,,,,,,,,,,,,,https://cdn.shopify.com/s/files/1/0294/4116/3400/files/Back.jpg?v=1682714782,2,,,,,,,,
lsk-25403-16-2-or-lsk-25403-12-2-uvv-uvc-combo-replacement-lamps,Replacement Lamp Kit for FM3 and RM3 UVC/UVV Systems,"<p>Replacement lamp kit for FM3 and RM3 models:</p>
<p><strong>FM3-16/16/5</strong> or <strong>FM3-12/12/5</strong></p>
<p><strong>RM3-16/16/5</strong> or <strong>RM2-12/12/5</strong></p>
<p>LSK-25403-16-2 (2x 16"" &amp; 5"") or LSK-25403-12-2  (2x 12"" &amp; 5"") UVC/UVV combo Replacement Lamps</p>
<p>Comes with two 16"" or 12"" UVC lamp plus one 5 UVV lamp.</p>
<p><br></p>
<p><br></p>
<p> </p>",Dynamic AQS,Uncategorized,UV Accessories,"ARS, ASV, BIO, CAD, ECO, ENV, NEX, SLA, SNA",true,Size,12 inch,,,,,,,,LSK-25403-12-2,1361.003906185,,-162,deny,manual,true,true,,,,,,https://cdn.shopify.com/s/files/1/0294/4116/3400/products/FM316-16-5BulbReplacement900x900.png?v=1660070926,1,,false,,,,lb,,active
lsk-25403-16-2-or-lsk-25403-12-2-uvv-uvc-combo-replacement-lamps,,,,,,,,,16 inch,,,,,,,,LSK-25403-16-2,1361.003906185,,-125,deny,manual,true,true,,,,,,,,,,,,,lb,,
biologic-rm-3-uvc-uvc-uvv-dual-germicidal-oxidation-system,Biologic3 BioForce Defender® Remote Mount - RM3 UVC/UVV Triple Germicidal/Oxidation System,"<p>- Remote Mount UVC H-lamp unit with 12"" and 16"" sizes available<br>- Three year warranty against lamp defects<br>- Lifetime warranty on all electric components<br>- Auto sensing ballast automatically compensates 120-277VAC 50/60Hz<br>- Suitable for up to a 10 ton AHU<br></p>
<p><span>Notes</span></p>
<ul>
<li>For more information, see our <span></span><a href=""https://cdn.shopify.com/s/files/1/0294/4116/3400/files/ASV_UVC_UVV_Frequently_Asked_Questions_Sheet.pdf?v=1617748399"">UV Frequently Asked Questions</a><span></span> page <span data-mce-fragment=""1"">or view/download the </span><span data-mce-fragment=""1""></span><a aria-describedby=""a11y-external-message"" href=""https://cdn.shopify.com/s/files/1/0294/4116/3400/files/ARS-802_RM_Models_Spec_Sheet_0321.pdf?v=1617810279"" data-mce-fragment=""1"">Spec Sheet</a>.</li>
</ul>",Dynamic AQS,Uncategorized,Remote Mount UV,BIO,true,Size,"12""",,,,,,,,RM3-12/12/5,4082.013815341,,-253,deny,manual,true,true,,,,,,https://cdn.shopify.com/s/files/1/0294/4116/3400/files/BIORM3-16-16-5.jpg?v=1709311596,1,,false,,,,lb,,active
biologic-rm-3-uvc-uvc-uvv-dual-germicidal-oxidation-system,,,,,,,,,"16""",,,,,,,,RM3-16/16/5,4082.013815341,,0,deny,manual,true,true,,,,,,,,,,,,,lb,,
biologic-rm-2-uvc-uvc-germicidal-system-remote-mount,Biologic3 BioForce Defender® Remote Mount - RM2 Dual UVC Germicidal Unit,"<p>- Remote Mount UVC H-lamp unit with 12"" and 16"" sizes available<br>- Three year warranty against lamp defects<br>- Lifetime warranty on all electric components<br>- Auto sensing ballast automatically compensates 120-277VAC 50/60Hz<br>- Suitable for up to a 10 ton AHU</p>
<p><span>Notes</span></p>
<ul>
<li>For more information, see our <a href=""https://cdn.shopify.com/s/files/1/0294/4116/3400/files/ASV_UVC_UVV_Frequently_Asked_Questions_Sheet.pdf?v=1617748399"">UV Frequently Asked Questions</a> page <span data-mce-fragment=""1"">or view/download the </span><span data-mce-fragment=""1""></span><a href=""https://cdn.shopify.com/s/files/1/0294/4116/3400/files/ARS-802_RM_Models_Spec_Sheet_0321.pdf?v=1617810279"" aria-describedby=""a11y-external-message"" data-mce-fragment=""1"">Spec S</a><a href=""https://cdn.shopify.com/s/files/1/0294/4116/3400/files/ASV-802_RM_Models_Spec_Sheet_0321.pdf?v=1617747959"">h</a><a href=""https://cdn.shopify.com/s/files/1/0294/4116/3400/files/ARS-802_RM_Models_Spec_Sheet_0321.pdf?v=1617810279"" aria-describedby=""a11y-external-message"" data-mce-fragment=""1"">eet</a><a href=""https://cdn.shopify.com/s/files/1/0294/4116/3400/files/ASV-801_FM_Models_Spec_Sheet_0321.pdf?v=1617747960"" aria-describedby=""a11y-external-message"" data-mce-fragment=""1"">.</a>
</li>
</ul>",Dynamic AQS,Uncategorized,Remote Mount UV,BIO,true,Size,"12""",,,,,,,,RM2-12/12,4082.013815341,,-18,deny,manual,true,true,,,,,,https://cdn.shopify.com/s/files/1/0294/4116/3400/files/RM2.jpg?v=1709311545,1,,false,,,,lb,,active
biologic-rm-2-uvc-uvc-germicidal-system-remote-mount,,,,,,,,,"16""",,,,,,,,RM2-16/16,4082.013815341,,0,deny,manual,true,true,,,,,,,,,,,,,lb,,
biologic-rm-2-dual-uvc-uvv-germicidal-oxidation-system-remote-mount,Biologic3 BioForce Defender® Remote Mount - RM2 Dual UVC/UVV Germicidal,"<p>- Remote Mount UVC H-lamp unit with 12"" and 16"" sizes available<br>- Three year warranty against lamp defects<br>- Lifetime warranty on all electric components<br>- Auto sensing ballast automatically compensates 120-277VAC 50/60Hz<br>- Suitable for up to a 10 ton AHU<br></p>
<p>Notes</p>
<ul>
<li>For more information, see our <span><a href=""https://cdn.shopify.com/s/files/1/0294/4116/3400/files/ASV_UVC_UVV_Frequently_Asked_Questions_Sheet.pdf?v=1617748399"">UV </a></span><a href=""https://cdn.shopify.com/s/files/1/0294/4116/3400/files/ASV_UVC_UVV_Frequently_Asked_Questions_Sheet.pdf?v=1617748399"">Frequently Asked Questions</a><span></span> page <span data-mce-fragment=""1"">or view/download the </span><span data-mce-fragment=""1""></span><a data-mce-fragment=""1"" href=""https://cdn.shopify.com/s/files/1/0294/4116/3400/files/ARS-802_RM_Models_Spec_Sheet_0321.pdf?v=1617810279"" aria-describedby=""a11y-external-message"">Spec Sheet</a><a data-mce-fragment=""1"" href=""https://cdn.shopify.com/s/files/1/0294/4116/3400/files/ASV-801_FM_Models_Spec_Sheet_0321.pdf?v=1617747960"" aria-describedby=""a11y-external-message"">.</a>
</li>
</ul>
<ul></ul>",Dynamic AQS,Uncategorized,Remote Mount UV,BIO,true,Size,"12""",,,,,,,,RM2-12/5,4082.013815341,,-65,deny,manual,true,true,,,,,,https://cdn.shopify.com/s/files/1/0294/4116/3400/files/BIORM2-16-5.jpg?v=1709311574,1,,false,,,,lb,,active
biologic-rm-2-dual-uvc-uvv-germicidal-oxidation-system-remote-mount,,,,,,,,,"16""",,,,,,,,RM2-16/5,4082.013815341,,0,deny,manual,true,true,,,,,,,,,,,,,lb,,
biologic-rm-1-oxidation-system,Biologic3 BioForce Defender® Remote Mount - RM1-5WB UVV Oxidation Lamp Unit,"<p><span>- Remote Mount UVV 5"" oxidation unit with ballast (RM1-5WB).</span><br><span>- Three year warranty against lamp defects</span><br><span>- Lifetime warranty on all electric components</span><br><span>- Auto sensing ballast automatically compensates 120-277VAC 50/60Hz</span><br><span>- Suitable for up to a 10 ton AHU</span></p>
<p>Notes</p>
<ul>
<li>For more information, see our<span> <a href=""https://cdn.shopify.com/s/files/1/0294/4116/3400/files/ASV_UVC_UVV_Frequently_Asked_Questions_Sheet.pdf?v=1617748399"">UV </a></span><a href=""https://cdn.shopify.com/s/files/1/0294/4116/3400/files/ASV_UVC_UVV_Frequently_Asked_Questions_Sheet.pdf?v=1617748399"">Frequently Asked Questions</a><span></span> page <span data-mce-fragment=""1"">or view/download the </span><span data-mce-fragment=""1""></span><a aria-describedby=""a11y-external-message"" href=""https://cdn.shopify.com/s/files/1/0294/4116/3400/files/ARS-802_RM_Models_Spec_Sheet_0321.pdf?v=1617810279"" data-mce-fragment=""1"">Spec Sheet</a><a aria-describedby=""a11y-external-message"" href=""https://cdn.shopify.com/s/files/1/0294/4116/3400/files/ASV-801_FM_Models_Spec_Sheet_0321.pdf?v=1617747960"" data-mce-fragment=""1"">.</a>
</li>
</ul>
<ul></ul>",Dynamic AQS,Uncategorized,Remote Mount UV,BIO,true,Title,Default Title,,,,,,,,RM1-5WB,3175.010512289,,-5,deny,manual,true,true,,,,,,https://cdn.shopify.com/s/files/1/0294/4116/3400/files/RM1-5WB.jpg?v=1709311525,1,,false,,,,lb,,active
biologic-rm-1-germicidal-uv-system-remote-mount,Biologic3 BioForce Defender® Remote Mount - RM1 UVC Germicidal System,"<p>- Remote Mount UVC H-lamp unit with 12"" and 16"" sizes available<br>- Three year warranty against lamp defects<br>- Lifetime warranty on all electric components<br>- Auto sensing ballast automatically compensates 120-277VAC 50/60Hz<br>- Suitable for up to a 10 ton AHU<br></p>
<p>Notes</p>
<ul>
<li>For more information, see our <span></span><a href=""https://cdn.shopify.com/s/files/1/0294/4116/3400/files/ASV_UVC_UVV_Frequently_Asked_Questions_Sheet.pdf?v=1617748399"">UV Frequently Asked Questions</a><span></span> page or view/download the <span></span><a href=""https://cdn.shopify.com/s/files/1/0294/4116/3400/files/ASV-802_RM_Models_Spec_Sheet_0321.pdf?v=1617747959"">Spec Sheet</a><a href=""https://cdn.shopify.com/s/files/1/0294/4116/3400/files/ASV-801_FM_Models_Spec_Sheet_0321.pdf?v=1617747960"">.</a>
</li>
</ul>
<ul></ul>",Dynamic AQS,Uncategorized,Remote Mount UV,BIO,true,Size,"12""",,,,,,,,RM1-12,4082.013815341,,-23,deny,manual,true,true,,,,,,https://cdn.shopify.com/s/files/1/0294/4116/3400/files/BIORM1.jpg?v=1709311390,1,,false,,,,lb,,active
biologic-rm-1-germicidal-uv-system-remote-mount,,,,,,,,,"16""",,,,,,,,RM1-16,4082.013815341,,0,deny,manual,true,true,,,,,,,,,,,,,lb,,
biologic-fm-3-uvc-uvc-uvv-dual-germicidal-oxidation-system,Biologic3 BioForce Defender® Fixed Mount - FM3 UVC/UVV Triple Germicidal/Oxidation System,"<p>- Fixed Mount UVC H-lamp unit with 12"" and 16"" sizes available<br>- Two year warranty against lamp defects<br>- Lifetime warranty on all electric components<br>- Auto sensing ballast automatically compensates 120-277VAC 50/60Hz<br>- Suitable for up to a 10 ton AHU</p>
<p style=""text-decoration: underline;"">Notes</p>
<ul>
<li>For more information, see our<span></span><a href=""https://cdn.shopify.com/s/files/1/0294/4116/3400/files/ASV_UVC_UVV_Frequently_Asked_Questions_Sheet.pdf?v=1617748399"">UV Frequently Asked Questions</a><span></span>page or view/download the<span></span><a href=""https://cdn.shopify.com/s/files/1/0294/4116/3400/files/ASV-801_FM_Models_Spec_Sheet_0321.pdf?v=1617747960"">Spec Sheet.</a>
</li>
</ul>",Dynamic AQS,Uncategorized,Fixed Mount UV,BIO,true,Size,"12""",,,,,,,,FM3-12/12/5,4082.013815341,,-24,deny,manual,true,true,,,,,,https://cdn.shopify.com/s/files/1/0294/4116/3400/files/FM3-16-16-5.jpg?v=1709311331,1,,false,,,,lb,,active
biologic-fm-3-uvc-uvc-uvv-dual-germicidal-oxidation-system,,,,,,,,,"16""",,,,,,,,FM3-16/16/5,4082.013815341,,0,deny,manual,true,true,,,,,,,,,,,,,lb,,
biologic-fm-2-uvc-uvv-dual-germicidal-oxidation-system,Biologic3 BioForce Defender® Fixed Mount - FM2 UVC/UVV Dual Germicidal/Oxidation  System,"<p>- Fixed Mount UVC H-lamp unit with 12"" and 16"" sizes available<br>- Three year warranty against lamp defects<br>- Lifetime warranty on all electric components<br>- Auto sensing ballast automatically compensates 120-277VAC 50/60Hz<br>- Suitable for up to a 10 ton AHU<br></p>
<ul>
<li>For more information, see our <span></span><a href=""https://cdn.shopify.com/s/files/1/0294/4116/3400/files/ASV_UVC_UVV_Frequently_Asked_Questions_Sheet.pdf?v=1617748399"">UV Frequently Asked Questions</a><span></span> page or view/download the <span></span><a href=""https://cdn.shopify.com/s/files/1/0294/4116/3400/files/ASV-801_FM_Models_Spec_Sheet_0321.pdf?v=1617747960"">Spec Sheet.</a>
</li>
</ul>",Dynamic AQS,Uncategorized,Fixed Mount UV,BIO,true,Size,"12""",,,,,,,,FM2-12/5,4082.013815341,,-280,deny,manual,true,true,,,,,,https://cdn.shopify.com/s/files/1/0294/4116/3400/files/BIOIFM2-16-5.jpg?v=1709311271,1,,false,,,,lb,,active
biologic-fm-2-uvc-uvv-dual-germicidal-oxidation-system,,,,,,,,,"16""",,,,,,,,FM2-16/5,4082.013815341,,0,deny,manual,true,true,,,,,,,,,,,,,lb,,
biologic-fm-1-oxidation-system,"Biologic3 BioForce Defender® Fixed Mount - FM1-5"" UVV Oxidation Unit","<p>- Fixed Mount UVV 5"" oxidation unit<br>- Three year warranty against lamp defects<br>- Lifetime warranty on all electric components<br>- Auto sensing ballast automatically compensates 120-277VAC 50/60Hz<br>- Suitable for up to a 10 ton AHU<br></p>
<p>For more information, see our <span></span><a href=""https://cdn.shopify.com/s/files/1/0294/4116/3400/files/ASV_UVC_UVV_Frequently_Asked_Questions_Sheet.pdf?v=1617748399"">UV Frequently Asked Questions<span></span></a> page or view/download the <span></span><a href=""https://cdn.shopify.com/s/files/1/0294/4116/3400/files/ASV-801_FM_Models_Spec_Sheet_0321.pdf?v=1617747960"">Spec Sheet</a><a href=""https://cdn.shopify.com/s/files/1/0294/4116/3400/files/ASV-801_FM_Models_Spec_Sheet_0321.pdf?v=1617747960"">.</a></p>",Dynamic AQS,Uncategorized,Fixed Mount UV,BIO,true,Title,Default Title,,,,,,,,FM1-5,3175.010512289,,-1,deny,manual,true,true,,,,,,https://cdn.shopify.com/s/files/1/0294/4116/3400/files/FM1-5.jpg?v=1709311233,1,,false,,,,lb,,active
biologic-fm-1-germicidal-uv-system,Biologic3 BioForce Defender® Fixed Mount - FM1 Germicidal UVC System,"<p>- Fixed Mount UVC unit with 12"" and 16"" sizes available<br>- Lifetime warranty on all electric components<br>- Auto sensing ballast automatically compensates 120-277VAC 50/60Hz<br>- Suitable for up to a 10-ton AHU</p>
<p style=""text-decoration: underline;"">Notes</p>
<ul>
<li>For more information, see our <a href=""https://cdn.shopify.com/s/files/1/0294/4116/3400/files/ASV-801_FM_Models_Spec_Sheet_0321.pdf?v=1617747960"">UV Frequently Asked Questions</a> page or view/download the <a href=""https://cdn.shopify.com/s/files/1/0294/4116/3400/files/ASV-801_FM_Models_Spec_Sheet_0321.pdf?v=1617747960"">Spec Sheet.</a><br>
</li>
</ul>",Dynamic AQS,Uncategorized,Fixed Mount UV,BIO,true,Size,"12""",,,,,,,,FM1-12,3175.010512289,,-8,deny,manual,true,true,,,,,,https://cdn.shopify.com/s/files/1/0294/4116/3400/files/BIOFM1.jpg?v=1709311189,1,,false,,,,lb,,active
biologic-fm-1-germicidal-uv-system,,,,,,,,,"16""",,,,,,,,FM1-16,3175.010512289,,0,deny,manual,true,true,,,,,,,,,,,,,lb,,
bold-test-product-without-variants,#Bold Test Product without variants,This is a test product created automatically by Bold and can be used to test the function of Bold's Shopify app. This is not a real product and should not be purchased in a real order.,Bold Commerce,,Bold Test Product,NEX,false,Title,Default Title,,,,,,,,testred,0.0,,0,deny,manual,true,true,,,,,,https://cdn.shopify.com/s/files/1/0294/4116/3400/products/bold-red.jpg?v=1650379163,1,,false,,,,lb,,archived
bold-test-product-with-variants,#Bold Test Product with variants,This is a test product created automatically by Bold and can be used to test the function of Bold's Shopify app. This is not a real product and should not be purchased in a real order.,Bold Commerce,,Bold Test Product,,false,Title,Blue,,,,,,,,testblue,0.0,,0,deny,manual,true,true,,,,,,https://cdn.shopify.com/s/files/1/0294/4116/3400/products/bold-blue.jpg?v=1650379160,1,,false,,,,lb,,archived
bold-test-product-with-variants,,,,,,,,,Green,,,,,,,,testgreen,0.0,,0,deny,manual,true,true,,,,,,https://cdn.shopify.com/s/files/1/0294/4116/3400/products/bold-acid.jpg?v=1650379160,2,,,,,,lb,,
conversion-adapter-for-eruv14-24v,Conversion Adapter for ERUV14-24V,"<p>Conversion adaptor for the ERUV14-24V replacement lamps</p>
<p>18 ct.</p>",Dynamic AQS,Uncategorized,UV Accessories,"ARS, ASV, BIO, CAD, ECO, NEX, SLA, SNA, STS",false,Title,Default Title,,,,,,,,UV-500483-24V-DM,1361.003906185,,-10,deny,manual,true,true,,,,,,https://cdn.shopify.com/s/files/1/0294/4116/3400/products/500483-24V-DM_ConversionAdapterforERUV14-24V.png?v=1648586122,1,,false,,,,lb,,draft
replacement-cylinder-202-series,Replacement Cylinder 202 Series,"<p>RH2+ replacement cylinders collect in-steam sediment and minerals for easy change-out after 1-2 years depending on water supply. <br></p>
<p> </p>",Dynamic AQS,Home & Garden > Household Appliances > Climate Control Appliances > Humidifiers,Humidifiers,"ARS, ASV, BIO, CAD, ECO, NEX, SLA, SNA, STS",true,Title,Default Title,,,,,,,,RH2-RC,0.0,,-22,deny,manual,true,true,,,,,,https://cdn.shopify.com/s/files/1/0294/4116/3400/products/Cylinder900x900.jpg?v=1638480340,1,,false,,,,lb,,active
temperature-sensor-duct-mount,Temperature Sensor Duct Mount,"<p>RH2+ optional <strong>duct-mounted</strong> temperature sensor reads outdoor temperature and resets humidity control setpoint to prevent condensation on windows. <br></p>
<p> </p>",Dynamic AQS,Home & Garden > Household Appliances > Climate Control Appliances > Humidifiers,Humidifiers,"ARS, ASV, BIO, CAD, ECO, NEX, SLA, SNA, STS",true,Title,Default Title,,,,,,,,RH2-TSDM,0.0,,-1,deny,manual,true,true,,,,,,https://cdn.shopify.com/s/files/1/0294/4116/3400/products/OutdoorSensor900x900.jpg?v=1638480432,1,,false,,,,lb,,active
temperature-sensor-outdoor-mount,Temperature Sensor Outdoor Mount,"<p>RH2+ optional <strong>outdoor-mounted</strong> temperature sensor reads outdoor temperature and resets humidity control setpoint to prevent condensation on windows. <br></p>
<p> </p>",Dynamic AQS,Home & Garden > Household Appliances > Climate Control Appliances > Humidifiers,Humidifiers,"ARS, ASV, BIO, CAD, ECO, NEX, SLA, SNA, STS",true,Title,Default Title,,,,,,,,RH2-TSOM,0.0,,-5,deny,manual,true,true,,,,,,https://cdn.shopify.com/s/files/1/0294/4116/3400/products/OutdoorSensor900x900_38fb615e-c4ee-481b-8c3c-45597bbd50cc.jpg?v=1638480443,1,,false,,,,lb,,active
rh2-air-proving-switch,RH2  Air Proving Switch,"<p>RH2+ optional air proving switch for RH2DUCT ensures humidification occurs only when air is moving in the duct. <br></p>
<p><br></p>
<p> </p>",Dynamic AQS,Home & Garden > Household Appliances > Climate Control Appliances > Humidifiers,Humidifiers,"ARS, ASV, BIO, CAD, ECO, NEX, SLA, SNA, STS",true,Title,Default Title,,,,,,,,RH2-APS,0.0,,-25,deny,manual,true,true,,,,,,https://cdn.shopify.com/s/files/1/0294/4116/3400/products/APS900x900.jpg?v=1638480350,1,,false,,,,lb,,active
rh2-digital-wall-humidistat,RH2+ Digital Wall Humidistat,"<p>RH2+ optional <strong>wall-mount</strong> on/off digital control adjusts the amount of moisture in the air to maintain the desired humidity level. <br></p>
<p><br></p>
<p> </p>",Dynamic AQS,Home & Garden > Household Appliances > Climate Control Appliances > Humidifiers,Humidifiers,"ARS, ASV, BIO, CAD, ECO, NEX, SLA, SNA, STS",true,Title,Default Title,,,,,,,,RH2-HWM,0.0,,-11,deny,manual,true,true,,,,,,https://cdn.shopify.com/s/files/1/0294/4116/3400/products/2601561900x900.jpg?v=1638480366,1,,false,,,,lb,,active
rsd-10-steam-distributor,RH2+ Duct Mount Humidistat,"<p>RH2+ optional <strong>duct-mount</strong> on/off digital control adjusts the amount of moisture in the air to maintain the desired humidity level. <br></p>
<p><br></p>
<p> </p>",Dynamic AQS,Home & Garden > Household Appliances > Climate Control Appliances > Humidifiers,Humidifiers,"ARS, ASV, BIO, CAD, ECO, NEX, SLA, SNA, STS",true,Title,Default Title,,,,,,,,RH2-HDM,0.0,,-16,deny,manual,true,true,,,,,,https://cdn.shopify.com/s/files/1/0294/4116/3400/products/2601562900x900.jpg?v=1638480388,1,,false,,,,lb,,active
stratos-air-rh2-steam-humidifier-space-unit,StratosAire RH2+ Steam Humidifier Space Unit,"<p>RH2+ self-generating electrode type steam humidifier for wall-mounting inside the space</p>
<p>Includes integral blower.</p>
<p>110-240VAC</p>
<p>For more information, you can view/download the <a href=""https://cdn.shopify.com/s/files/1/0294/4116/3400/files/STS-921_RH2_Space_Steam_Humidifier_Spec_Sheet.pdf?v=1638212957"">Spec Sheet </a>and <a href=""https://cdn.shopify.com/s/files/1/0294/4116/3400/files/2601564-A_RH2_Installation_and_Operation_DynamicAir.pdf?v=1638212981"">Install Manual</a>.</p>
<p> </p>",Dynamic AQS,Home & Garden > Household Appliances > Climate Control Appliances > Humidifiers,Humidifiers,STS,false,Title,Default Title,,,,,,,,RH2-SPACE,0.0,,0,deny,manual,true,true,,,,,,https://cdn.shopify.com/s/files/1/0294/4116/3400/products/STSHumidSpaceFront900x900.jpg?v=1638480323,1,,false,,,,lb,,draft
pure-air-x-rh2-steam-humidifier-space-unit,Pure Air X RH2+ Steam Humidifier Space Unit,"<p>RH2+ self-generating electrode type steam humidifier for wall-mounting inside the space</p>
<p>Includes integral blower.</p>
<p>110-240VAC</p>
<p>For more information, you can view/download the <a href=""https://cdn.shopify.com/s/files/1/0294/4116/3400/files/SRT-921_RH2_Space_Steam_Humidifier_Spec_Sheet.pdf?v=1638212946"">Spec Sheet</a><a href=""https://cdn.shopify.com/s/files/1/0294/4116/3400/files/CADS-921_RH2_Space_Steam_Humidifier_Spec_Sheet.pdf?v=1638212902""> </a>and <a href=""https://cdn.shopify.com/s/files/1/0294/4116/3400/files/2601564-A_RH2_Installation_and_Operation_DynamicAir.pdf?v=1638212981"">Install Manual</a>.</p>
<p> </p>",Dynamic AQS,Home & Garden > Household Appliances > Climate Control Appliances > Humidifiers,Humidifiers,SNA,false,Title,Default Title,,,,,,,,RH2-SPACE,0.0,,0,deny,manual,true,true,,,,,,https://cdn.shopify.com/s/files/1/0294/4116/3400/products/SNAHumidSpaceFront900x900.jpg?v=1638480309,1,,false,,,,lb,,draft
solace-air-rh2-steam-humidifier-space-unit,SolaceAir RH2+ Steam Humidifier Space Unit,"<p>RH2+ self-generating electrode type steam humidifier for wall-mounting inside the space</p>
<p>Includes integral blower.</p>
<p>110-240VAC</p>
<p>For more information, you can view/download the <a href=""https://cdn.shopify.com/s/files/1/0294/4116/3400/files/SLA-921_RH2_Space_Steam_Humidifier_Spec_Sheet.pdf?v=1638212937"">Spec Shee</a><a href=""https://cdn.shopify.com/s/files/1/0294/4116/3400/files/NEX-921_RH2_Space_Steam_Humidifier_Spec_Sheet.pdf?v=1638212921"">t</a><a href=""https://cdn.shopify.com/s/files/1/0294/4116/3400/files/CADS-921_RH2_Space_Steam_Humidifier_Spec_Sheet.pdf?v=1638212902""> </a>and <a href=""https://cdn.shopify.com/s/files/1/0294/4116/3400/files/2601564-A_RH2_Installation_and_Operation_DynamicAir.pdf?v=1638212981"">Install Manual</a>.</p>
<p> </p>",Dynamic AQS,Home & Garden > Household Appliances > Climate Control Appliances > Humidifiers,Humidifiers,"BIO, SLA",false,Title,Default Title,,,,,,,,RH2-SPACE,0.0,,-1,deny,manual,true,true,,,,,,https://cdn.shopify.com/s/files/1/0294/4116/3400/products/SLAHumidSpaceFront900x900.jpg?v=1638480316,1,,false,,,,lb,,draft
pristine-air-rh2-steam-humidifier-space-unit,Pristine Air RH2+ Steam Humidifier Space Unit,"<p>RH2+ self-generating electrode type steam humidifier for wall-mounting inside the space</p>
<p>Includes integral blower.</p>
<p>110-240VAC</p>
<p>For more information, you can view/download the <a href=""https://cdn.shopify.com/s/files/1/0294/4116/3400/files/NEX-921_RH2_Space_Steam_Humidifier_Spec_Sheet.pdf?v=1638212921"">Spec Sheet</a><a href=""https://cdn.shopify.com/s/files/1/0294/4116/3400/files/CADS-921_RH2_Space_Steam_Humidifier_Spec_Sheet.pdf?v=1638212902""> </a>and <a href=""https://cdn.shopify.com/s/files/1/0294/4116/3400/files/2601564-A_RH2_Installation_and_Operation_DynamicAir.pdf?v=1638212981"">Install Manual</a>.</p>
<p> </p>",Dynamic AQS,Home & Garden > Household Appliances > Climate Control Appliances > Humidifiers,Humidifiers,NEX,false,Title,Default Title,,,,,,,,RH2-SPACE,0.0,,-1,deny,manual,true,true,,,,,,https://cdn.shopify.com/s/files/1/0294/4116/3400/products/NEXHumidSpaceFront900x900.jpg?v=1638480301,1,,false,,,,lb,,draft
eco-healthy-home-rh2-steam-humidifier-space-unit,Eco Healthy Home RH2+ Steam Humidifier Space Unit,"<p>RH2+ self-generating electrode type steam humidifier for wall-mounting inside the space</p>
<p>Includes integral blower.</p>
<p>110-240VAC</p>
<p>For more information, you can view/download the <a href=""https://cdn.shopify.com/s/files/1/0294/4116/3400/files/ECO-921_RH2_Space_Steam_Humidifier_Spec_Sheet.pdf?v=1638212912"">Spec Sheet</a><a href=""https://cdn.shopify.com/s/files/1/0294/4116/3400/files/CADS-921_RH2_Space_Steam_Humidifier_Spec_Sheet.pdf?v=1638212902""> </a>and <a href=""https://cdn.shopify.com/s/files/1/0294/4116/3400/files/2601564-A_RH2_Installation_and_Operation_DynamicAir.pdf?v=1638212981"">Install Manual</a>.</p>
<p> </p>",Dynamic AQS,Home & Garden > Household Appliances > Climate Control Appliances > Humidifiers,Humidifiers,ECO,false,Title,Default Title,,,,,,,,RH2-SPACE,0.0,,-1,deny,manual,true,true,,,,,,https://cdn.shopify.com/s/files/1/0294/4116/3400/products/ECOHumidSpaceFront900x900.jpg?v=1638480292,1,,false,,,,lb,,draft
clean-air-defense-system-rh2-steam-humidifier-space-unit,Clean Air Defense System RH2+ Steam Humidifier Space Unit,"<p>RH2+ self-generating electrode type steam humidifier for wall-mounting inside the space</p>
<p>Includes integral blower.</p>
<p>110-240VAC</p>
<p>For more information, you can view/download the <a href=""https://cdn.shopify.com/s/files/1/0294/4116/3400/files/CADS-921_RH2_Space_Steam_Humidifier_Spec_Sheet.pdf?v=1638212902"">Spec Sheet </a>and <a href=""https://cdn.shopify.com/s/files/1/0294/4116/3400/files/2601564-A_RH2_Installation_and_Operation_DynamicAir.pdf?v=1638212981"">Install Manual</a>.</p>
<p> </p>",Dynamic AQS,Home & Garden > Household Appliances > Climate Control Appliances > Humidifiers,Humidifiers,CAD,false,Title,Default Title,,,,,,,,RH2-SPACE,0.0,,0,deny,manual,true,true,,,,,,https://cdn.shopify.com/s/files/1/0294/4116/3400/products/CADSHumidSpaceFront900x900.jpg?v=1638480284,1,,false,,,,lb,,draft
ars-rh2-steam-humidifier-space-unit,ARS RH2+ Steam Humidifier Space Unit,"<p>RH2+ self-generating electrode type steam humidifier for wall-mounting inside the space</p>
<p>Includes integral blower.</p>
<p>110-240VAC</p>
<p>For more information, you can view/download the <a href=""https://cdn.shopify.com/s/files/1/0294/4116/3400/files/ARS-921_RH2_Space_Steam_Humidifier_Spec_Sheet.pdf?v=1638212884"">Spec Sheet</a> and <a href=""https://cdn.shopify.com/s/files/1/0294/4116/3400/files/2601564-A_RH2_Installation_and_Operation_DynamicAir.pdf?v=1638212981"">Install Manual</a>.</p>
<p> </p>",Dynamic AQS,Home & Garden > Household Appliances > Climate Control Appliances > Humidifiers,Humidifiers,ARS,false,Title,Default Title,,,,,,,,RH2-SPACE,0.0,,0,deny,manual,true,true,,,,,,https://cdn.shopify.com/s/files/1/0294/4116/3400/products/ARSHumidSpaceFront900x900.jpg?v=1638480278,1,,false,,,,lb,,draft
stratos-air-home-rh2-steam-humidifier-ducted,StratosAire RH2+ Steam Humidifier Ducted,"<p>RH2+ self-generating electrode type steam humidifier for ducted applications.</p>
<p>Includes steam hose kit and steam distributor.</p>
<p>110-240VAC</p>
<p>For more information, you can view/download the <a href=""https://cdn.shopify.com/s/files/1/0294/4116/3400/files/STS-920_RH2_Ducted_Steam_Humidifier_Spec_Sheet.pdf?v=1638212872"">Spec Sheet</a><a href=""https://cdn.shopify.com/s/files/1/0294/4116/3400/files/ECO-920_RH2_Ducted_Steam_Humidifier_Spec_Sheet.pdf?v=1638210466""> </a>and <a href=""https://cdn.shopify.com/s/files/1/0294/4116/3400/files/2601564-A_RH2_Installation_and_Operation_DynamicAir.pdf?v=1638212981"">Install Manual</a>.</p>
<p> </p>",Dynamic AQS,Home & Garden > Household Appliances > Climate Control Appliances > Humidifiers,Humidifiers,STS,false,Title,Default Title,,,,,,,,RH2-DUCT,0.0,,0,deny,manual,true,true,,,,,,https://cdn.shopify.com/s/files/1/0294/4116/3400/products/STSHumidDuctFront900x900.jpg?v=1638480258,1,,false,,,,lb,,draft
pure-air-x-home-rh2-steam-humidifier-ducted,Pure Air X RH2+ Steam Humidifier Ducted,"<p>RH2+ self-generating electrode type steam humidifier for ducted applications.</p>
<p>Includes steam hose kit and steam distributor.</p>
<p>110-240VAC</p>
<p>For more information, you can view/download the <a href=""https://cdn.shopify.com/s/files/1/0294/4116/3400/files/SRT-920_RH2_Ducted_Steam_Humidifier_Spec_Sheet.pdf?v=1638210537"">Spec Sheet</a><a href=""https://cdn.shopify.com/s/files/1/0294/4116/3400/files/ECO-920_RH2_Ducted_Steam_Humidifier_Spec_Sheet.pdf?v=1638210466""> </a>and <a href=""https://cdn.shopify.com/s/files/1/0294/4116/3400/files/2601564-A_RH2_Installation_and_Operation_DynamicAir.pdf?v=1638212981"">Install Manual</a>.</p>
<p> </p>",Dynamic AQS,Home & Garden > Household Appliances > Climate Control Appliances > Humidifiers,Humidifiers,SNA,false,Title,Default Title,,,,,,,,RH2-DUCT,0.0,,0,deny,manual,true,true,,,,,,https://cdn.shopify.com/s/files/1/0294/4116/3400/products/SNAHumidDuctFront900x900.jpg?v=1638480243,1,,false,,,,lb,,draft
solace-air-home-rh2-steam-humidifier-ducted,SolaceAir RH2+ Steam Humidifier Ducted,"<p>RH2+ self-generating electrode type steam humidifier for ducted applications.</p>
<p>Includes steam hose kit and steam distributor.</p>
<p>110-240VAC</p>
<p>For more information, you can view/download the <a href=""https://cdn.shopify.com/s/files/1/0294/4116/3400/files/SLA-920_RH2_Ducted_Steam_Humidifier_Spec_Sheet.pdf?v=1638210496"">Spec Sheet</a><a href=""https://cdn.shopify.com/s/files/1/0294/4116/3400/files/ECO-920_RH2_Ducted_Steam_Humidifier_Spec_Sheet.pdf?v=1638210466""> </a>and <a href=""https://cdn.shopify.com/s/files/1/0294/4116/3400/files/2601564-A_RH2_Installation_and_Operation_DynamicAir.pdf?v=1638212981"">Install Manual</a>.</p>
<p> </p>",Dynamic AQS,Home & Garden > Household Appliances > Climate Control Appliances > Humidifiers,Humidifiers,"BIO, SLA",false,Title,Default Title,,,,,,,,RH2-DUCT,0.0,,-7,deny,manual,true,true,,,,,,https://cdn.shopify.com/s/files/1/0294/4116/3400/products/SLAHumidDuctFront900x900.jpg?v=1638480251,1,,false,,,,lb,,draft
eco-healthy-home-rh2-steam-humidifier-ducted,Eco Healthy Home RH2+ Steam Humidifier Ducted,"<p>RH2+ self-generating electrode type steam humidifier for ducted applications.</p>
<p>Includes steam hose kit and steam distributor.</p>
<p>110-240VAC</p>
<p>For more information, you can view/download the <a href=""https://cdn.shopify.com/s/files/1/0294/4116/3400/files/ECO-920_RH2_Ducted_Steam_Humidifier_Spec_Sheet.pdf?v=1638210466"">Spec Sheet </a>and <a href=""https://cdn.shopify.com/s/files/1/0294/4116/3400/files/2601564-A_RH2_Installation_and_Operation_DynamicAir.pdf?v=1638212981"">Install Manual</a>.</p>
<p> </p>",Dynamic AQS,Home & Garden > Household Appliances > Climate Control Appliances > Humidifiers,Humidifiers,ECO,false,Title,Default Title,,,,,,,,RH2-DUCT,0.0,,0,deny,manual,true,true,,,,,,https://cdn.shopify.com/s/files/1/0294/4116/3400/products/ECOHumidDuctFront900x900.jpg?v=1638480212,1,,false,,,,lb,,draft
pristine-air-defense-system-rh2-steam-humidifier-ducted,Pristine Air RH2+ Steam Humidifier Ducted,"<p>RH2+ self-generating electrode type steam humidifier for ducted applications.</p>
<p>Includes steam hose kit and steam distributor.</p>
<p>110-240VAC</p>
<p>For more information, you can view/download the <a href=""https://cdn.shopify.com/s/files/1/0294/4116/3400/files/NEX-920_RH2_Ducted_Steam_Humidifier_Spec_Sheet.pdf?v=1638210481"">Spec Sheet</a> and <a href=""https://cdn.shopify.com/s/files/1/0294/4116/3400/files/2601564-A_RH2_Installation_and_Operation_DynamicAir.pdf?v=1638212981"">Install Manual</a>.</p>
<p> </p>",Dynamic AQS,Home & Garden > Household Appliances > Climate Control Appliances > Humidifiers,Humidifiers,NEX,false,Title,Default Title,,,,,,,,RH2-DUCT,0.0,,-3,deny,manual,true,true,,,,,,https://cdn.shopify.com/s/files/1/0294/4116/3400/products/NEXHumidDuctFront900x900.jpg?v=1638480229,1,,false,,,,lb,,draft
clean-air-defense-system-rh2-steam-humidifier-ducted,Clean Air Defense System RH2+ Steam Humidifier Ducted,"<p>RH2+ self-generating electrode type steam humidifier for ducted applications.</p>
<p>Includes steam hose kit and steam distributor.</p>
<p>110-240VAC</p>
<p>For more information, you can view/download the <a href=""https://cdn.shopify.com/s/files/1/0294/4116/3400/files/CADS-920_RH2_Ducted_Steam_Humidifier_Spec_Sheet.pdf?v=1638210430"">Spec Sheet</a> and <a href=""https://cdn.shopify.com/s/files/1/0294/4116/3400/files/2601564-A_RH2_Installation_and_Operation_DynamicAir.pdf?v=1638212981"">Install Manual</a>.</p>
<p> </p>",Dynamic AQS,Home & Garden > Household Appliances > Climate Control Appliances > Humidifiers,Humidifiers,CAD,false,Title,Default Title,,,,,,,,RH2-DUCT,0.0,,-2,deny,manual,true,true,,,,,,https://cdn.shopify.com/s/files/1/0294/4116/3400/products/CADSHumidDuctFront900x900.jpg?v=1638480205,1,,false,,,,lb,,draft
aireserv-rh2-steam-humidifier-ducted-1,AireServ RH2+ Steam Humidifier Ducted,"<p>RH2+ self-generating electrode type steam humidifier for ducted applications.</p>
<p>Includes steam hose kit and steam distributor.</p>
<p>110-240VAC</p>
<p>For more information, you can view/download the <a href=""https://cdn.shopify.com/s/files/1/0294/4116/3400/files/ASV-920_RH2_Ducted_Steam_Humidifier_Spec_Sheet.pdf?v=1638210422"">Spec Shee</a><a href=""https://cdn.shopify.com/s/files/1/0294/4116/3400/files/ARS-920_RH2_Ducted_Steam_Humidifier_Spec_Sheet.pdf?v=1638210411"">t</a> and <a href=""https://cdn.shopify.com/s/files/1/0294/4116/3400/files/2601564-A_RH2_Installation_and_Operation_DynamicAir.pdf?v=1638212981"">Install Manual</a>.</p>
<p> </p>",Dynamic AQS,Home & Garden > Household Appliances > Climate Control Appliances > Humidifiers,Humidifiers,ASV,false,Title,Default Title,,,,,,,,RH2-DUCT,0.0,,-11,deny,manual,true,true,,,,,,https://cdn.shopify.com/s/files/1/0294/4116/3400/products/ASVHumidDuctFront900x900.jpg?v=1638480181,1,,false,,,,lb,,draft
aireserv-rh2-steam-humidifier-space-unit,AireServ   RH2+ Steam Humidifier Space Unit,"<p>RH2+ self-generating electrode type steam humidifier for wall-mounting inside the space</p>
<p>Includes integral blower.</p>
<p>110-240VAC</p>
<p>For more information, you can view/download the <a href=""https://cdn.shopify.com/s/files/1/0294/4116/3400/files/ASV-921_RH2_Space_Steam_Humidifier_Spec_Sheet.pdf?v=1638212893"">Spec Sheet</a> and <a href=""https://cdn.shopify.com/s/files/1/0294/4116/3400/files/2601564-A_RH2_Installation_and_Operation_DynamicAir.pdf?v=1638212981"">Install Manual</a>.</p>
<p> </p>",Dynamic AQS,Home & Garden > Household Appliances > Climate Control Appliances > Humidifiers,Humidifiers,ASV,false,Title,Default Title,,,,,,,,RH2-SPACE,0.0,,0,deny,manual,true,true,,,,,,https://cdn.shopify.com/s/files/1/0294/4116/3400/products/ASVHumidSpaceFront900x900.jpg?v=1638480270,1,,false,,,,lb,,draft
ars-rh2-steam-humidifier-ducted,ARS RH2+ Steam Humidifier Ducted,"<p>RH2+ self-generating electrode type steam humidifier for ducted applications.</p>
<p>Includes steam hose kit and steam distributor.</p>
<p>110-240VAC</p>
<p>For more information, you can view/download the <a href=""https://cdn.shopify.com/s/files/1/0294/4116/3400/files/ASV-920_RH2_Ducted_Steam_Humidifier_Spec_Sheet.pdf?v=1638210422"">S</a><a href=""https://cdn.shopify.com/s/files/1/0294/4116/3400/files/ARS-920_RH2_Ducted_Steam_Humidifier_Spec_Sheet.pdf?v=1638210411"">pec Sheet</a> and <a href=""https://cdn.shopify.com/s/files/1/0294/4116/3400/files/2601564-A_RH2_Installation_and_Operation_DynamicAir.pdf?v=1638212981"">Install Manual</a>.</p>
<p> </p>",Dynamic AQS,Home & Garden > Household Appliances > Climate Control Appliances > Humidifiers,Humidifiers,ARS,false,Title,Default Title,,,,,,,,RH2-DUCT,0.0,,0,deny,manual,true,true,,,,,,https://cdn.shopify.com/s/files/1/0294/4116/3400/products/ARSHumidDuctFront900x900.jpg?v=1638480197,1,,false,,,,lb,,draft
pristine-air-home-show-kit,Pristine Air Home Show Kit,"<p><strong>This kit comes with:</strong></p>
<p>1 -UV Demo Display (Part#LPC36NONUV)</p>
<p>1 -Polarized-Media Air Cleaner Demo Unit (Part# 1LPD1410WITHCASE)</p>
<p>1 - Video Book (Part#VB2020)</p>
<p>20 - Clean Air Provided By Stickers (Part# NEX-607)</p>
<p>2 - Consumer Handbooks (Part# <span data-mce-fragment=""1"">NEX</span>-233)</p>
<p>1  Training Poster (Part# <span data-mce-fragment=""1"">NEX</span>-609)</p>
<p>100  Fixed Mount or Remote Mount Total Home Solutions brochures (Part# <span data-mce-fragment=""1"">NEX</span>-252FM or <span data-mce-fragment=""1"">NEX</span>-252RM)</p>
<p><span>Limit - 1 per order</span></p>",Dynamic AQS,Uncategorized,Marketing and Training,NEX,true,UV Brochure,Fixed Mount UV,,,,,,,,B-NEXFMHOMESHOWKIT,0.0,,-4,deny,manual,true,true,,,,,,https://cdn.shopify.com/s/files/1/0294/4116/3400/products/NEXHomeShowKit.jpg?v=1636667879,1,,false,,,,lb,,active
pristine-air-home-show-kit,,,,,,,,,Remote Mount UV,,,,,,,,B-NEXRMHOMESHOWKIT,0.0,,0,deny,manual,true,true,,,,,,https://cdn.shopify.com/s/files/1/0294/4116/3400/products/NEXHomeShowKitDescriptions.jpg?v=1636667881,2,,,,,,lb,,
stratos-aire-home-show-kit,StratosAire Home Show Kit,"<p><strong>This kit comes with:</strong></p>
<p>1 -UV Demo Display (Part#LPC36NONUV)</p>
<p>1 -Polarized-Media Air Cleaner Demo Unit (Part# 1LPD1410WITHCASE)</p>
<p>1 - Video Book (Part#VB2020)</p>
<p>20 - Clean Air Provided By Stickers (Part# STS-607)</p>
<p>2 - Consumer Handbooks (Part# <span data-mce-fragment=""1"">STS</span>-233)</p>
<p>1  Training Poster (Part# <span data-mce-fragment=""1"">STS</span>-609)</p>
<p>100  Fixed Mount or Remote Mount Total Home Solutions brochures (Part# <span data-mce-fragment=""1"">STS</span>-252FM or <span data-mce-fragment=""1"">STS</span>-252RM)</p>
<p><span>Limit - 1 per order</span></p>",Dynamic AQS,Uncategorized,Marketing and Training,STS,true,UV Brochure,Fixed Mount UV,,,,,,,,B-STSFMHOMESHOWKIT,0.0,,0,deny,manual,true,true,,,,,,https://cdn.shopify.com/s/files/1/0294/4116/3400/products/STSHomeShowKit.jpg?v=1636667911,1,,false,,,,lb,,active
stratos-aire-home-show-kit,,,,,,,,,Remote Mount UV,,,,,,,,B-STSRMHOMESHOWKIT,0.0,,0,deny,manual,true,true,,,,,,https://cdn.shopify.com/s/files/1/0294/4116/3400/products/STSHomeShowKitDescriptions.jpg?v=1636667912,2,,,,,,lb,,
clean-air-defense-home-show-kit,Clean Air Defense Home Show Kit,"<p><strong>This kit comes with:</strong></p>
<p>1 -UV Demo Display (Part#LPC36NONUV)</p>
<p>1 -Polarized-Media Air Cleaner Demo Unit (Part# 1LPD1410WITHCASE)</p>
<p>1 - Video Book (Part#VB2020)</p>
<p>20 - Clean Air Provided By Stickers (Part# CADS-607)</p>
<p>2 - Consumer Handbooks (Part#<span data-mce-fragment=""1"">CADS</span>-233)</p>
<p>1  Training Poster (Part# <span data-mce-fragment=""1"">CADS</span>-609)</p>
<p>100  Fixed Mount or Remote Mount Total Home Solutions brochures (Part# <span data-mce-fragment=""1"">CADS</span>-252FM or <span data-mce-fragment=""1"">CADS</span>-252RM)</p>
<p><span>Limit - 1 per order</span></p>",Dynamic AQS,Uncategorized,Marketing and Training,CAD,true,UV Brochure,Fixed Mount UV,,,,,,,,B-CADSFMHOMESHOWKIT,0.0,,-4,deny,manual,true,true,,,,,,https://cdn.shopify.com/s/files/1/0294/4116/3400/products/CADSHomeShowKit.jpg?v=1636667853,1,,false,,,,lb,,active
clean-air-defense-home-show-kit,,,,,,,,,Remote Mount UV,,,,,,,,B-CADSRMHOMESHOWKIT,0.0,,-3,deny,manual,true,true,,,,,,https://cdn.shopify.com/s/files/1/0294/4116/3400/products/CADSHomeShowKitDescriptions.jpg?v=1636667855,2,,,,,,lb,,
ecohealthyhome-home-show-kit,EcoHealthyHome Home Show Kit,"<p><strong>This kit comes with:</strong></p>
<p>1 -UV Demo Display (Part#LPC36NONUV)</p>
<p>1 -Polarized-Media Air Cleaner Demo Unit (Part# 1LPD1410WITHCASE)</p>
<p>1 - Video Book (Part#VB2020)</p>
<p>20 - Clean Air Provided By Stickers (Part# ECO-607)</p>
<p>2 - Consumer Handbooks (Part#<span data-mce-fragment=""1"">ECO</span>-233)</p>
<p>1  Training Poster (Part# <span data-mce-fragment=""1"">ECO</span>-609)</p>
<p>100  Fixed Mount or Remote Mount Total Home Solutions brochures (Part# <span data-mce-fragment=""1"">ECO</span>-252FM or <span data-mce-fragment=""1"">ECO</span>-252RM)</p>
<p><span>Limit - 1 per order</span></p>",Dynamic AQS,Uncategorized,Marketing and Training,ECO,true,UV Brochure,Fixed Mount UV,,,,,,,,B-ECOFMHOMESHOWKIT,0.0,,-1,deny,manual,true,true,,,,,,https://cdn.shopify.com/s/files/1/0294/4116/3400/products/ECOHomeShowKit.jpg?v=1636667867,1,,false,,,,lb,,active
ecohealthyhome-home-show-kit,,,,,,,,,Remote Mount UV,,,,,,,,B-ECORMHOMESHOWKIT,0.0,,0,deny,manual,true,true,,,,,,https://cdn.shopify.com/s/files/1/0294/4116/3400/products/ECOHomeShowKitDescriptions.jpg?v=1636667868,2,,,,,,lb,,
pureairx-home-show-kit,PureAirX Home Show Kit,"<p><strong>This kit comes with:</strong></p>
<p>1 -UV Demo Display (Part#LPC36NONUV)</p>
<p>1 -Polarized-Media Air Cleaner Demo Unit (Part# 1LPD1410WITHCASE)</p>
<p>1 - Video Book (Part#VB2020)</p>
<p>20 - Clean Air Provided By Stickers (Part# SRT-607)</p>
<p>2 - Consumer Handbooks (Part# SRT-233)</p>
<p>1  Training Poster (Part# S<span data-mce-fragment=""1"" mce-data-marked=""1"">RT</span>-609)</p>
<p>100  Fixed Mount or Remote Mount Total Home Solutions brochures (Part# <span data-mce-fragment=""1"">S</span><span data-mce-fragment=""1"" mce-data-marked=""1"">RT</span>-252FM or <span data-mce-fragment=""1"">S</span><span data-mce-fragment=""1"" mce-data-marked=""1"">RT</span>-252RM)</p>
<p><span>Limit - 1 per order</span></p>",Dynamic AQS,Uncategorized,Marketing and Training,SNA,true,UV Brochure,Fixed Mount UV,,,,,,,,B-SRTFMHOMESHOWKIT,0.0,,-2,deny,manual,true,true,,,,,,https://cdn.shopify.com/s/files/1/0294/4116/3400/products/SNAHomeShowKit.jpg?v=1636667893,1,,false,,,,lb,,active
pureairx-home-show-kit,,,,,,,,,Remote Mount UV,,,,,,,,B-SRTRMHOMESHOWKIT,0.0,,-4,deny,manual,true,true,,,,,,https://cdn.shopify.com/s/files/1/0294/4116/3400/products/SNAHomeShowKitDescriptions.jpg?v=1636667894,2,,,,,,lb,,
solaceair-home-show-kit,SolaceAir Home Show Kit,"<p><strong>This kit comes with:</strong></p>
<p>1 -UV Demo Display (Part#LPC36NONUV)</p>
<p>1 -Polarized-Media Air Cleaner Demo Unit (Part# 1LPD1410WITHCASE)</p>
<p>1 - Video Book (Part#VB2020)</p>
<p>20 - Clean Air Provided By Stickers (Part# SLA-607)</p>
<p>2 - Consumer Handbooks (Part#<span data-mce-fragment=""1"">SLA</span>-233)</p>
<p>1  Solace Air Training Poster (Part# <span data-mce-fragment=""1"">SLA</span>-609)</p>
<p>100  Fixed Mount or Remote Mount Total Home Solutions brochures (Part# <span data-mce-fragment=""1"">SLA</span>-252FM or <span data-mce-fragment=""1"">SLA</span>-252RM)</p>
<p><span>Limit - 1 per order</span></p>",Dynamic AQS,Uncategorized,Marketing and Training,"BIO, SLA",true,UV Brochure,Fixed Mount UV,,,,,,,,B-SLAFMHOMESHOWKIT,0.0,,-21,deny,manual,true,true,,,,,,https://cdn.shopify.com/s/files/1/0294/4116/3400/products/SLAHomeShowKit.jpg?v=1636667902,1,,false,,,,lb,,active
solaceair-home-show-kit,,,,,,,,,Remote Mount UV,,,,,,,,B-SLARMHOMESHOWKIT,0.0,,-69,deny,manual,true,true,,,,,,https://cdn.shopify.com/s/files/1/0294/4116/3400/products/SLAHomeShowKitDescriptions.jpg?v=1636667904,2,,,,,,lb,,
ars-home-show-kit,ARS Home Show Kit,"<p><strong>This kit comes with:</strong></p>
<p>1 -UV Demo Display (Part#LPC36NONUV)</p>
<p>1 -Polarized-Media Air Cleaner Demo Unit (Part# 1LPD1410WITHCASE)</p>
<p>1 - Video Book (Part#VB2020)</p>
<p>20 - Clean Air Provided By Stickers (Part# ARS-607)</p>
<p>2 - Consumer Handbooks (Part# ARS-233)</p>
<p>1  Training Poster (Part# ARS-609)</p>
<p>100  Fixed Mount or Remote Mount Total Home Solutions brochures (Part#ARS-252FM orARS-252RM)</p>
<p><span>Limit - 1 per order</span></p>",Dynamic AQS,Uncategorized,Marketing and Training,ARS,true,UV Brochure,Fixed Mount UV,,,,,,,,B-ARSFMHOMESHOWKIT,0.0,,0,deny,manual,true,true,,,,,,https://cdn.shopify.com/s/files/1/0294/4116/3400/products/ARSHomeShowKit.jpg?v=1636667844,1,,false,,,,lb,,active
ars-home-show-kit,,,,,,,,,Remote Mount UV,,,,,,,,B-ARSRMHOMESHOWKIT,0.0,,0,deny,manual,true,true,,,,,,https://cdn.shopify.com/s/files/1/0294/4116/3400/products/ARSHomeShowKitDescriptions.jpg?v=1636667845,2,,,,,,lb,,
aire-serv-home-show-kit,Aire Serv Home Show Kit,"<p><strong>This kit comes with:</strong></p>
<p>1 -UV Demo Display (Part#LPC36NONUV)</p>
<p>1 -Polarized-Media Air Cleaner Demo Unit (Part# 1LPD1410WITHCASE)</p>
<p>1 - Video Book (Part#VB2020)</p>
<p>20 - Clean Air Provided By Stickers (Part# ASV-607)</p>
<p>2 - Consumer Handbooks (Part# ASV-233)</p>
<p>1  Training Poster (Part#ASV-609)</p>
<p>100  Fixed Mount or Remote Mount Total Home Solutions brochures (Part#ASV-252FM orASV-252RM)</p>
<p>Limit - 1 per order</p>",Dynamic AQS,Uncategorized,Marketing and Training,ASV,true,UV Brochure,Fixed Mount UV,,,,,,,,B-ASVFMHOMESHOWKIT,0.0,,-8,deny,manual,true,true,,,,,,https://cdn.shopify.com/s/files/1/0294/4116/3400/products/ASVHomeShowKit.png?v=1636667828,1,,false,,,,lb,,active
aire-serv-home-show-kit,,,,,,,,,Remote Mount UV,,,,,,,,B-ASVRMHOMESHOWKIT,0.0,,-7,deny,manual,true,true,,,,,,https://cdn.shopify.com/s/files/1/0294/4116/3400/products/ASVHomeShowKitDescriptions.jpg?v=1636667830,2,,,,,,lb,,
stratos-aire-poster,StratosAire Poster,"<p>Poster measures 24"" x 18""</p>",Dynamic AQS,Uncategorized,Marketing and Training,STS,false,Title,Default Title,,,,,,,,B-STS609,0.0,,-3,deny,manual,true,true,,,,,,https://cdn.shopify.com/s/files/1/0294/4116/3400/products/609trainingposterSTS6-21HR900x900.jpg?v=1632155853,1,,false,,,,lb,,active
pureairx-poster,PureAirX Poster,"Poster measures 24"" x 18"" <br>",Dynamic AQS,Uncategorized,Marketing and Training,SNA,false,Title,Default Title,,,,,,,,B-SRT609,0.0,,-3,deny,manual,true,true,,,,,,https://cdn.shopify.com/s/files/1/0294/4116/3400/products/609trainingposterSRT6-21HR900x900.jpg?v=1632155778,1,,false,,,,lb,,active
solace-air-poster,SolaceAir Poster,"<p>Poster measures 24"" x 18"" <br></p>",Dynamic AQS,Uncategorized,Marketing and Training,"BIO, SLA",false,Title,Default Title,,,,,,,,B-SLA609,0.0,,-74,deny,manual,true,true,,,,,,https://cdn.shopify.com/s/files/1/0294/4116/3400/products/609trainingposterSLA6-21HR900x900.jpg?v=1632155438,1,,false,,,,lb,,active
pristine-air-poster,Pristine Air Poster,"<p>Poster measures 24"" x 18""</p>",Dynamic AQS,Uncategorized,Marketing and Training,NEX,false,Title,Default Title,,,,,,,,B-NEX609,0.0,,-14,deny,manual,true,true,,,,,,https://cdn.shopify.com/s/files/1/0294/4116/3400/products/609trainingposterNEX6-21HR900x900.jpg?v=1632155369,1,,false,,,,lb,,active
eco-healthy-home-poster,EcoHealthyHome Poster,"<p>Poster measures 24"" x 18""</p>",Dynamic AQS,Uncategorized,Marketing and Training,ECO,false,Title,Default Title,,,,,,,,B-ECO609,0.0,,0,deny,manual,true,true,,,,,,https://cdn.shopify.com/s/files/1/0294/4116/3400/products/609trainingposterECO6-21HR900x900.jpg?v=1632155256,1,,false,,,,lb,,active
clean-air-defense-poster,Clean Air Defense Poster,"<p>Poster measures 24"" x 18""</p>",Dynamic AQS,Uncategorized,Marketing and Training,CAD,false,Title,Default Title,,,,,,,,B-CADS609,0.0,,-43,deny,manual,true,true,,,,,,https://cdn.shopify.com/s/files/1/0294/4116/3400/products/609trainingposterCADS6-21HR900x900.jpg?v=1632155129,1,,false,,,,lb,,active
aire-serv-poster,Aire Serv Poster,"<p>Poster measures 24"" x 18""</p>",Dynamic AQS,Uncategorized,Marketing and Training,ASV,false,Title,Default Title,,,,,,,,B-ASV609,0.0,,-16,deny,manual,true,true,,,,,,https://cdn.shopify.com/s/files/1/0294/4116/3400/products/609trainingposterASV6-21HR900x900.jpg?v=1632154985,1,,false,,,,lb,,active
ars-poster,ARS Poster,"<p>Poster measures 24"" x 18""</p>",Dynamic AQS,Uncategorized,Marketing and Training,ARS,false,Title,Default Title,,,,,,,,B-ARS609,0.0,,0,deny,manual,true,true,,,,,,https://cdn.shopify.com/s/files/1/0294/4116/3400/products/609trainingposterARS6-21HR900x900.jpg?v=1632154458,1,,false,,,,lb,,active
pan-treatment-magnet-1,Pan Treatment Magnet,"<p data-mce-fragment=""1"">Pan Treatment Magnet is 12"" x 6""</p>
<p data-mce-fragment=""1"">To be placed on the AHU to cover the pan treatment access opening</p>",Dynamic AQS,,Pan Strips,STS,true,Title,Default Title,,,,,,,,PTMAGNET,0.0,,-26,deny,manual,true,true,,,,,,https://cdn.shopify.com/s/files/1/0294/4116/3400/products/PanTreatmentMagnet_e76f929f-9e6f-47b5-b25f-8a7f275b6631.jpg?v=1623687218,1,,false,,,,lb,,active
pan-treatment-magnet,Pan Treatment Magnet,"<p>Pan Treatment Magnet is 12"" x 6""</p>
<p>To be placed on the AHU to cover the pan treatment access opening</p>",Dynamic AQS,,Pan Strips,"ARS, ASV, BIO, CAD, ECO, NEX, SLA, SNA",true,Title,Default Title,,,,,,,,PTMAGNET,0.0,,-135,deny,manual,true,true,,,,,,https://cdn.shopify.com/s/files/1/0294/4116/3400/products/PanTreatmentMagnet.jpg?v=1623439499,1,,false,,,,lb,,active
lsk-25403-16-adp-uvv-uvc-combo-replacement-lamps-w-adapter-1,LSK-25403-16/ADP UVV/UVC Combo Replacement Lamps w/Adapter,"<p>44W UVC16HC AND UVV5 LAMPS 16"" W/ ADAPTER</p>",Dynamic AQS,Uncategorized,UV Accessories,STS,true,Title,Default Title,,,,,,,,LSK-25403-16ADPT,0.0,,-3,deny,manual,true,true,,,,,,https://cdn.shopify.com/s/files/1/0294/4116/3400/products/LSK-25403-16-ADP_4047d0b6-47ed-41f0-9d06-93b8e6b4d5c3.png?v=1618932326,1,,false,,,,lb,,active
lsk-25403-16-adp-uvv-uvc-combo-replacement-lamps-w-adapter-1,,,,,,,,,,,,,,,,,,,,,,,,,,,,,,https://cdn.shopify.com/s/files/1/0294/4116/3400/products/AdaptorPlateforLSK-25403-16ADP_2a5aa460-277b-4d41-a994-ee7c25a67106.png?v=1618932326,2,,,,,,,,
lsk-25403-16-adp-uvv-uvc-combo-replacement-lamps-w-adapter,Replacement Lamp Kit w/Adapter for UVC/UVV Systems,"<p>44W UVC16HC and UVV5 LAMPS 16"" W/ ADAPTER</p>",Dynamic AQS,Uncategorized,UV Accessories,"ARS, ASV, BIO, CAD, ECO, ENV, NEX, SLA, SNA",true,Title,Default Title,,,,,,,,LSK-25403-16ADPT,0.0,,-802,deny,manual,true,true,,,,,,https://cdn.shopify.com/s/files/1/0294/4116/3400/products/LSK-25403-16-ADP.jpg?v=1618947742,1,,false,,,,lb,,active
lsk-25403-16-adp-uvv-uvc-combo-replacement-lamps-w-adapter,,,,,,,,,,,,,,,,,,,,,,,,,,,,,,https://cdn.shopify.com/s/files/1/0294/4116/3400/products/LSK-25403-16-ADPPlate.jpg?v=1618947742,2,,,,,,,,
stratos-air-home-solutions-remote-mount-brochure,StratosAire Total Home Solutions Remote Mount Brochure,"<p>Stratos Air Total Home Solutions Remote Mount Brochure.</p>
<p><span>Order in quantities of 50 up to 200.</span></p>
<p>Click <a href=""https://cdn.shopify.com/s/files/1/0294/4116/3400/files/THSSTSRMBRO-252.jpg?v=1719002437"">here</a> to download a pdf version.<a href=""https://cdn.shopify.com/s/files/1/0294/4116/3400/files/THS_252_STS_RMSP_10-20_LR.pdf?v=1617198411""></a></p>",Dynamic AQS,Uncategorized,Marketing and Training,STS,true,Language,English,,,,,,,,B-STS252RM,0.0,,-3171,deny,manual,true,true,,,,,,https://cdn.shopify.com/s/files/1/0294/4116/3400/files/THSSTSRMBRO-252.jpg?v=1719002437,1,,false,,,,lb,,active
stratos-air-home-solutions-remote-mount-brochure,,,,,,,,,Spanish,,,,,,,,B-STS252RMSP,0.0,,0,deny,manual,true,true,,,,,,,,,,,,,lb,,
pure-air-x-home-solutions-remote-mount-brochure,Pure Air X Defense Total Home Solutions Remote Mount Brochure,"<p>Pure Air X Total Home Solutions Remote Mount Brochure.</p>
<p><span>Order in quantities of 50 up to 200.</span></p>
<p>To download, please click <a href=""https://cdn.shopify.com/s/files/1/0294/4116/3400/files/THSSNARMBRO-252.jpg?v=1719002355SRT_RM_10-20_LR.pdf?v=1617198411"">here</a><a href=""https://cdn.shopify.com/s/files/1/0294/4116/3400/files/THS_252_SRT_RM_10-20_LR.pdf?v=1617198411""></a>.</p>",Dynamic AQS,Uncategorized,Marketing and Training,SNA,true,Title,Default Title,,,,,,,,B-SRT252RM,0.0,,-2556,deny,manual,true,true,,,,,,https://cdn.shopify.com/s/files/1/0294/4116/3400/files/THSSNARMBRO-252.jpg?v=1719002355,1,,false,,,,lb,,active
solace-air-total-home-solutions-remote-mount-brochure,SolaceAir Total Home Solutions Remote Mount Brochure,"<p>Solace Air Total Home Solutions Remote Mount Brochure.</p>
<p><span>Order in quantities of 50 up to 200.</span></p>
<p>Click to download a pdf version in <a href=""https://cdn.shopify.com/s/files/1/0294/4116/3400/files/THSSLARMBRO-252-SPANISH.jpg?v=17190024022_SLA_RM_10-20_LR2.pdf?v=1617198411"" title=""Download"">English</a><a title=""Download"" href=""https://cdn.shopify.com/s/files/1/0294/4116/3400/files/THS_252_SLA_RM_10-20_LR2.pdf?v=1617198411""></a> or <a href=""https://cdn.shopify.com/s/files/1/0294/4116/3400/files/THSSLAFMBRO-252-SPANISH.jpg?v=1719002378SLA_RMSP_10-20_LR.pdf?v=1617198411"">Spanish</a></p>
<p> </p>",Dynamic AQS,Uncategorized,Marketing and Training,"BIO, SLA",true,Language,English,,,,,,,,B-SLA252RM,0.0,,-125595,deny,manual,true,true,,,,,,https://cdn.shopify.com/s/files/1/0294/4116/3400/files/THSSLARMBRO-252.jpg?v=1719002400,1,,false,,,,lb,,active
solace-air-total-home-solutions-remote-mount-brochure,,,,,,,,,,,,,,,,,,,,,,,,,,,,,,https://cdn.shopify.com/s/files/1/0294/4116/3400/files/THSSLARMBRO-252-SPANISH.jpg?v=1719002402,2,,,,,,,,
pristine-air-total-home-solutions-remote-mount-brochure,Pristine Air Total Home Solutions Remote Mount Brochure,"<p>Pristine Air Total Home Solutions Remote Mount Brochure.</p>
<p><span>Order in quantities of 50 up to 200.</span></p>
<p>To download, please click <a href=""https://cdn.shopify.com/s/files/1/0294/4116/3400/files/THS_NEX_RM_BRO-252.jpg?v=1719002023NEX_RM_10-20_LR.pdf?v=1617198411"">here</a><a href=""https://cdn.shopify.com/s/files/1/0294/4116/3400/files/THS_252_NEX_RM_10-20_LR.pdf?v=1617198411""></a>.</p>",Dynamic AQS,Uncategorized,Marketing and Training,NEX,true,Title,Default Title,,,,,,,,B-NEX252RM,0.0,,-6935,deny,manual,true,true,,,,,,https://cdn.shopify.com/s/files/1/0294/4116/3400/files/THSNEXRMBRO-252.jpg?v=1719002313,1,,false,,,,lb,,active
eco-healthy-home-total-home-solutions-remote-mount-brochure,Eco Healthy Home Total Home Solutions Remote Mount Brochure,"<p>Eco Healthy Home Total Home Solutions Remote Mount Brochure.</p>
<p><span>Order in quantities of 50 up to 200.</span></p>
<p>To download, please click <a href=""https://cdn.shopify.com/s/files/1/0294/4116/3400/files/THS_252_ECO_RM_10-20_LR.pdf?v=1617198411"">here</a>.</p>",Dynamic AQS,Uncategorized,Marketing and Training,ECO,true,Title,Default Title,,,,,,,,B-ECO252RM,0.0,,-350,deny,manual,true,true,,,,,,https://cdn.shopify.com/s/files/1/0294/4116/3400/products/ECO-252FM_e06857e8-7097-49de-966f-ee611b94aef7.jpg?v=1617197586,1,,false,,,,lb,,active
clean-air-defense-total-home-solutions-remote-mount-brochure,Clean Air Defense Total Home Solutions Remote Mount Brochure,"<p>Clean Air Defense Total Home Solutions Remote Mount Brochure.</p>
<p><span>Order in quantities of 50 up to 200.</span></p>
<p>Click to download a pdf version <a href=""https://cdn.shopify.com/s/files/1/0294/4116/3400/files/THS_CADS_RM_BRO-252.jpg?v=1719002024"">here</a>.</p>",Dynamic AQS,Uncategorized,Marketing and Training,CAD,true,Language,English,,,,,,,,B-CADS252RM,0.0,,-13201,deny,manual,true,true,,,,,,https://cdn.shopify.com/s/files/1/0294/4116/3400/files/THSCADSRMBRO-252.jpg?v=1719002240,1,,false,,,,lb,,active
clean-air-defense-total-home-solutions-remote-mount-brochure,,,,,,,,,Spanish,,,,,,,,B-CADS252RMSP,0.0,,0,deny,manual,true,true,,,,,,,,,,,,,lb,,
aire-serv-total-home-solutions-remote-mount-brochure,Aire Serv Total Home Solutions Remote Mount Brochure,"<p>Aire Serv Total Home Solutions Remote Mount Brochure.</p>
<p><span>Order in quantities of 50 up to 200.</span></p>
<p>To download, please click <a href=""https://cdn.shopify.com/s/files/1/0294/4116/3400/files/THS_ASV_RM_BRO-252.jpg?v=1719002023"">here</a>.</p>",Dynamic AQS,Uncategorized,Marketing and Training,ASV,true,Title,Default Title,,,,,,,,B-ASV252RM,0.0,,-5370,deny,manual,true,true,,,,,,https://cdn.shopify.com/s/files/1/0294/4116/3400/files/THSASVRMBRO-252.jpg?v=1719002139,1,,false,,,,lb,,active
ars-total-home-solutions-remote-mount-brochure,ARS Total Home Solutions Remote Mount Brochure,"<p>ARS Total Home Solutions Remote Mount Brochure</p>
<p><span>Order in quantities of 50 up to 200.</span></p>
<p>Click to download a pdf version <a href=""https://cdn.shopify.com/s/files/1/0294/4116/3400/files/THS_ARS_RM_BRO-252.jpg?v=1719002023"">here</a>.</p>",Dynamic AQS,Uncategorized,Marketing and Training,ARS,true,Language,English,,,,,,,,B-ARS252RM,0.0,,-2150,deny,manual,true,true,,,,,,https://cdn.shopify.com/s/files/1/0294/4116/3400/files/THSARSRMBRO-252.jpg?v=1719002187,1,,false,,,,lb,,active
ars-total-home-solutions-remote-mount-brochure,,,,,,,,,Spanish,,,,,,,,B-ARS252RMSP,0.0,,0,deny,manual,true,true,,,,,,,,,,,,,lb,,
stratos-air-home-solutions-fixed-mount-brochure,StratosAire Total Home Solutions Fixed Mount Brochure,"<p>Stratos Air Total Home Solutions Fixed Mount Brochure.</p>
<p><span>Order in quantities of 50 up to 200.</span></p>
<p>To download, please click <a href=""https://cdn.shopify.com/s/files/1/0294/4116/3400/files/THSSTSFMBRO-252.jpg?v=1719002419STS_FM_10-20_LR.pdf?v=1617195288"">here</a>.</p>",Dynamic AQS,Uncategorized,Marketing and Training,STS,true,Title,Default Title,,,,,,,,B-STS252FM,0.0,,-53,deny,manual,true,true,,,,,,https://cdn.shopify.com/s/files/1/0294/4116/3400/files/THSSTSFMBRO-252.jpg?v=1719002419,1,,false,,,,lb,,active
pure-air-x-home-solutions-fixed-mount-brochure,Pure Air X Defense Total Home Solutions Fixed Mount Brochure,"<p>Pure Air X Total Home Solutions Fixed Mount Brochure.</p>
<p><span>Order in quantities of 50 up to 200.</span></p>
<p>To download, please click <a href=""https://cdn.shopify.com/s/files/1/0294/4116/3400/files/THSSNAFMBRO-252.jpg?v=1719002339_SRT_FM_10-20_LR.pdf?v=1617195288"">here</a><a href=""https://cdn.shopify.com/s/files/1/0294/4116/3400/files/THS_252_SRT_FM_10-20_LR.pdf?v=1617195288""></a>.</p>",Dynamic AQS,Uncategorized,Marketing and Training,SNA,true,Title,Default Title,,,,,,,,B-SRT252FM,0.0,,-1150,deny,manual,true,true,,,,,,https://cdn.shopify.com/s/files/1/0294/4116/3400/files/THSSNAFMBRO-252.jpg?v=1719002339,1,,false,,,,lb,,active
solace-air-total-home-solutions-fixed-mount-brochure,SolaceAir Total Home Solutions Fixed Mount Brochure,"<p>Solace Air Total Home Solutions Fixed Mount Brochure.</p>
<p><span>Order in quantities of 50 up to 200.</span></p>
<p>Click to download a pdf version in <a href=""https://cdn.shopify.com/s/files/1/0294/4116/3400/files/THS_SLA_FM_BRO-252_e8f556a9-ec5a-429a-bb63-2d8187ba3284.jpg?v=1719002716SLA_FM_10-20_LR2.pdf?v=1617195288"" title=""Download"">English</a> or <a href=""https://cdn.shopify.com/s/files/1/0294/4116/3400/files/THSSLAFMBRO-252-SPANISH.jpg?v=1719002378_SLA_FMSP_10-20_LR.pdf?v=1617195288"">Spanish</a><a href=""https://cdn.shopify.com/s/files/1/0294/4116/3400/files/THS_252_SLA_FMSP_10-20_LR.pdf?v=1617195288""></a></p>
<p> </p>",Dynamic AQS,Uncategorized,Marketing and Training,"BIO, SLA",true,Language,English,,,,,,,,B-SLA252FM,0.0,,-9186,deny,manual,true,true,,,,,,https://cdn.shopify.com/s/files/1/0294/4116/3400/files/THSSLAFMBRO-252-SP.jpg?v=1719002375,1,,false,,,,lb,,active
solace-air-total-home-solutions-fixed-mount-brochure,,,,,,,,,,,,,,,,,,,,,,,,,,,,,,https://cdn.shopify.com/s/files/1/0294/4116/3400/files/THSSLAFMBRO-252-SPANISH.jpg?v=1719002378,2,,,,,,,,
pristine-air-total-home-solutions-fixed-mount-brochure,Pristine Air Total Home Solutions Fixed Mount Brochure,"<p>Pristine Air Total Home Solutions Fixed Mount Brochure.</p>
<p><span>Order in quantities of 50 up to 200.</span></p>
<p>To download, please click <a href=""https://cdn.shopify.com/s/files/1/0294/4116/3400/files/THS_NEX_FM_BRO-252.jpg?v=1719002024NEX_FM_10-20_LR.pdf?v=1617195288"">here</a><a href=""https://cdn.shopify.com/s/files/1/0294/4116/3400/files/THS_252_NEX_FM_10-20_LR.pdf?v=1617195288""></a>.</p>",Dynamic AQS,Uncategorized,Marketing and Training,NEX,true,Title,Default Title,,,,,,,,B-NEX252FM,0.0,,-22353,deny,manual,true,true,,,,,,https://cdn.shopify.com/s/files/1/0294/4116/3400/files/THSNEXFMBRO-252.jpg?v=1719002280,1,,false,,,,lb,,active
eco-healthy-home-total-home-solutions-fixed-mount-brochure,Eco Healthy Home Total Home Solutions Fixed Mount Brochure,"<p>Eco Healthy Home Total Home Solutions Fixed Mount Brochure.</p>
<p><span>Order in quantities of 50 up to 200.</span></p>
<p>To download, please click <a href=""https://cdn.shopify.com/s/files/1/0294/4116/3400/files/THS_252_ECO_FM_10-20_LR.pdf?v=1617195288"">here</a>.</p>",Dynamic AQS,Uncategorized,Marketing and Training,ECO,true,Title,Default Title,,,,,,,,B-ECO252FM,0.0,,-100,deny,manual,true,true,,,,,,https://cdn.shopify.com/s/files/1/0294/4116/3400/products/ECO-252FM.jpg?v=1617194655,1,,false,,,,lb,,active
clean-air-defense-total-home-solutions-fixed-mount-brochure,Clean Air Defense Total Home Solutions Fixed Mount Brochure,"<p>Clean Air Defense Total Home Solutions Fixed Mount Brochure.</p>
<p><span>Order in quantities of 50 up to 200.</span></p>
<p>To download, please click <a href=""https://cdn.shopify.com/s/files/1/0294/4116/3400/files/THS_CADS_FM_BRO-252.jpg?v=1719002023_CADS_FM_10-20_LR2.pdf?v=1617130050"">here</a><a href=""https://cdn.shopify.com/s/files/1/0294/4116/3400/files/THS_252_CADS_FM_10-20_LR2.pdf?v=1617130050""></a>.</p>",Dynamic AQS,Uncategorized,Marketing and Training,CAD,true,Title,Default Title,,,,,,,,B-CADS252FM,0.0,,-7125,deny,manual,true,true,,,,,,https://cdn.shopify.com/s/files/1/0294/4116/3400/files/THSCADSFMBRO-252.jpg?v=1719002219,1,,false,,,,lb,,active
aire-serv-total-home-solutions-fixed-mount-brochure,Aire Serv Total Home Solutions Fixed Mount Brochure,"<p>Aire Serv Total Home Solutions Fixed Mount Brochure.</p>
<p>Order in quantities of 50 up to 200.</p>
<p>To download, please click <a href=""https://cdn.shopify.com/s/files/1/0294/4116/3400/files/THS_ASV_FM_BRO-252.jpg?v=1719002023SV_FM_10-20_LR2.pdf?v=1617129106"">here</a><a href=""https://cdn.shopify.com/s/files/1/0294/4116/3400/files/THS_252_ASV_FM_10-20_LR2.pdf?v=1617129106""></a>.</p>",Dynamic AQS,Uncategorized,Marketing and Training,ASV,true,Title,Default Title,,,,,,,,B-ASV252FM,0.0,,-4142,deny,manual,true,true,,,,,,https://cdn.shopify.com/s/files/1/0294/4116/3400/files/THS_ASV_FM_BRO-252.jpg?v=1719002023,1,,false,,,,lb,,active
ars-total-home-solutions-fixed-mount-brochure,ARS Total Home Solutions Fixed Mount Brochure,"<p>ARS Total Home Solutions Fixed Mount Brochure</p>
<p><span>Order in quantities of 50 up to 200.</span></p>
<p>Click to download a pdf version in <a href=""https://cdn.shopify.com/s/files/1/0294/4116/3400/files/THS_ARS_FM_BRO-252.jpg?v=1719002023_ARS_FM_10-20_LR2.pdf?v=1616762007"">English</a><a href=""https://cdn.shopify.com/s/files/1/0294/4116/3400/files/THS_252_ARS_FM_10-20_LR2.pdf?v=1616762007"" data-mce-fragment=""1"" data-mce-href=""https://cdn.shopify.com/s/files/1/0294/4116/3400/files/THS_252_ARS_FM_10-20_LR2.pdf?v=1616762007""></a> or <a href=""https://cdn.shopify.com/s/files/1/0294/4116/3400/files/THS_ARS_FM_BRO-252-SPANISH.jpg?v=1719002023_ARS_FMSP_10-20_LR.pdf?v=1616762925"">Spanish</a>.</p>",Dynamic AQS,Uncategorized,Marketing and Training,ARS,true,Language,English,,,,,,,,B-ARS252FM,0.0,,0,deny,manual,true,true,,,,,,https://cdn.shopify.com/s/files/1/0294/4116/3400/files/THSARSFMBRO-252.jpg?v=1719002205,1,,false,,,,lb,,active
stratos-air-mktg-consumer-handbook,StratosAire Consumer Handbook,"<p>Consumer Handbook</p>
<p>Click <a href=""https://cdn.shopify.com/s/files/1/0294/4116/3400/files/STS-233_0419.pdf?v=1616604536"">here</a> to download a pdf version.</p>",Dynamic AQS,Uncategorized,Marketing and Training,STS,false,Title,Default Title,,,,,,,,B-STS233,9.97903214,,-10,deny,manual,true,true,,,,,,https://cdn.shopify.com/s/files/1/0294/4116/3400/products/STS-233.jpg?v=1616599143,1,,false,,,,lb,,draft
solace-air-mktg-consumer-handbook,SolaceAir Consumer Handbook,"<p>Consumer Handbook</p>
<p>Click <a href=""https://cdn.shopify.com/s/files/1/0294/4116/3400/files/SLA-233_0419.pdf?v=1616604537"">here</a> to download a pdf version.</p>",Dynamic AQS,Uncategorized,Marketing and Training,"BIO, SLA",false,Title,Default Title,,,,,,,,B-SLA233,9.97903214,,-186,deny,manual,true,true,,,,,,https://cdn.shopify.com/s/files/1/0294/4116/3400/products/SLA-233.jpg?v=1616599122,1,,false,,,,lb,,draft
pure-air-x-mktg-consumer-handbook,Pure AireX Consumer Handbook,"<p>Consumer Handbook</p>
<p>Click <a href=""https://cdn.shopify.com/s/files/1/0294/4116/3400/files/SNA-233_0419.pdf?v=1616604533"">here</a> to download a pdf version.</p>",Dynamic AQS,Uncategorized,Marketing and Training,SNA,false,Title,Default Title,,,,,,,,B-SRT233,9.97903214,,-22,deny,manual,true,true,,,,,,https://cdn.shopify.com/s/files/1/0294/4116/3400/products/SNA-233.jpg?v=1616599102,1,,false,,,,lb,,draft
pristine-air-mktg-consumer-handbook,Pristine Air Consumer Handbook,"<p>Consumer's Handbook</p>
<p>Click <a href=""https://cdn.shopify.com/s/files/1/0294/4116/3400/files/NEX-233_0419R.pdf?v=1616604538"">here</a> to download a pdf version.</p>",Dynamic AQS,Uncategorized,Marketing and Training,NEX,false,Title,Default Title,,,,,,,,B-NEX233,9.97903214,,-65,deny,manual,true,true,,,,,,https://cdn.shopify.com/s/files/1/0294/4116/3400/products/NEX-233.jpg?v=1616598943,1,,false,,,,lb,,draft
eco-healthy-home-mktg-consumer-handbook,EcoHealthyHome Consumer Handbook,"<p>Consumer's Handbook</p>
<p>Click <a href=""https://cdn.shopify.com/s/files/1/0294/4116/3400/files/ECO-233_0419.pdf?v=1616604539"">here</a> to download a pdf version.</p>",Dynamic AQS,Uncategorized,Marketing and Training,ECO,false,Title,Default Title,,,,,,,,B-ECO233,9.97903214,,0,deny,manual,true,true,,,,,,https://cdn.shopify.com/s/files/1/0294/4116/3400/products/ECO-233.jpg?v=1616598911,1,,false,,,,lb,,draft
clean-air-defense-mktg-consumer-handbook,Clean Air Defense Consumer Handbook,"<p>Consumer's Handbook</p>
<p>Click <a href=""https://cdn.shopify.com/s/files/1/0294/4116/3400/files/CADS-233_0419.pdf?v=1616604537"">here</a> to download a pdf version.</p>",Dynamic AQS,Uncategorized,Marketing and Training,CAD,false,Title,Default Title,,,,,,,,B-CADS233,9.97903214,,-358,deny,manual,true,true,,,,,,https://cdn.shopify.com/s/files/1/0294/4116/3400/products/CAD-233.jpg?v=1616598884,1,,false,,,,lb,,draft
airserv-mktg-consumer-handbook,Aire Serv Consumer Handbook,"<p>Consumer's Handbook</p>
<p>Click <a href=""https://cdn.shopify.com/s/files/1/0294/4116/3400/files/ASV-233_0419.pdf?v=1616604533"">here</a> to download a pdf version.</p>",Dynamic AQS,Uncategorized,Marketing and Training,ASV,false,Title,Default Title,,,,,,,,B-ASV233,9.97903214,,-175,deny,manual,true,true,,,,,,https://cdn.shopify.com/s/files/1/0294/4116/3400/products/ASV-233.jpg?v=1616598837,1,,false,,,,lb,,draft
ars-mktg-consumer-handbook,ARS Consumer Handbook,"<p>Consumer's Handbook</p>
<p>Click to download a pdf version in <a href=""https://cdn.shopify.com/s/files/1/0294/4116/3400/files/ARS-233_0419.pdf?v=1616156275"" title=""Download"">English</a> or <a href=""https://cdn.shopify.com/s/files/1/0294/4116/3400/files/ARS-233SP_0419.pdf?v=1616604535"">Spanish</a></p>",Dynamic AQS,Uncategorized,Marketing and Training,ARS,false,Language,English,,,,,,,,B-ARS233,9.97903214,,0,deny,manual,true,true,,,,,,https://cdn.shopify.com/s/files/1/0294/4116/3400/products/ARS-233_ce0c608b-934c-4649-8bdc-1bba2200397e.png?v=1631832370,1,,false,,,https://cdn.shopify.com/s/files/1/0294/4116/3400/products/ARS-233_ce0c608b-934c-4649-8bdc-1bba2200397e.png?v=1631832370,lb,,draft
ars-mktg-consumer-handbook,,,,,,,,,Spanish,,,,,,,,B-ARS233SP,9.97903214,,0,deny,manual,true,true,,,,,,https://cdn.shopify.com/s/files/1/0294/4116/3400/products/ARS-233SP_7f76e67d-002d-4ea2-975c-3d4c66fa9ffe.jpg?v=1631832370,2,,,,,https://cdn.shopify.com/s/files/1/0294/4116/3400/products/ARS-233SP_7f76e67d-002d-4ea2-975c-3d4c66fa9ffe.jpg?v=1631832370,lb,,
sts-z-bracket-with-magnet-for-remote-uvc-lamp,"UV-500483-MG, Z Bracket with Magnet for the Remote Mount UVC Lamps",<p>Z Bracket with Magnet for Remote UVC Lamp</p>,Dynamic AQS,Uncategorized,UV Accessories,STS,true,Title,Default Title,,,,,,,,UV-500483-MG,1361.003906185,,-564,deny,manual,true,true,,,,,,https://cdn.shopify.com/s/files/1/0294/4116/3400/products/Zbracket_4505b3ef-63e5-437c-8a70-e5f6d8f371f7.png?v=1612556715,1,,false,,,,lb,,active
sts-uv-wire-pack,Extra Wire Pack and Instructions,<p>Wire pack and instructions.</p>,Dynamic AQS,,1 Inch Air Cleaners,STS,true,Title,Default Title,,,,,,,,WP,1361.003906185,,-43,deny,manual,true,true,,,,,,https://cdn.shopify.com/s/files/1/0294/4116/3400/products/WirePack_541c3b00-0e8a-4107-be2b-88d0947acee3.png?v=1612556714,1,,false,,,,lb,,active
sts-uvv-rm1-remote-oxidation-lamp,"RM1-5, One 5” UVV Oxidation lamp Unit (Needs Ballast)","<p>120/240 volt remote 5"" UVV oxidation lamp (needs ballast)</p>
<p>(RM1-5)</p>",Dynamic AQS,Uncategorized,Remote Mount UV,STS,true,Title,Default Title,,,,,,,,RM1-5,1361.003906185,,-13,deny,manual,true,true,,,,,,https://cdn.shopify.com/s/files/1/0294/4116/3400/files/RM1-5withoutballast_0341de8a-e45b-4737-805b-83153054f4fa.jpg?v=1709243839,1,,false,,,,lb,,active
sts-uvv-oxidation-replacement-lamp,LSK-503-5 UVV Oxidation Replacement Lamp,"<p>UVV5CL, one 5 UVV Oxidation replacement lamp for RM1-5, FM1-5, or FM1-5WB.</p>",Dynamic AQS,Uncategorized,UV Accessories,STS,true,Title,Default Title,,,,,,,,UVV5CL,1361.003906185,,-169,deny,manual,true,true,,,,,,https://cdn.shopify.com/s/files/1/0294/4116/3400/products/LSK-503-5_ef4b9b86-b979-41f1-9ccf-6eef84f631d9.png?v=1612884810,1,,false,,,,lb,,active
sts-uv-replacement-uvc-and-uvv-bulbs,LSK-25403-16 or LSK-25403-12 UVV/UVC Combo Replacement Lamps,"<p>LSK-25403-16 (16"" &amp; 5"") or LSK-25403-12 (12"" &amp; 5"") UVC/UVV combo Replacement Lamps</p>
<p>Comes in 16 or 12 UVC lamp plus one 5 UVV lamp.</p>
<p>Replacement for FM2-16/5, FM2-12/5, RM2-16/5, RM2-12/5.</p>
<p>For replacement lamps for the <strong>RM3-16/16/5</strong> click <a href=""https://www.dynamiconlineorders.com/collections/uv-accessories/products/lsk-25403-16-2-or-lsk-25403-12-2-uvv-uvc-combo-replacement-lamps"">here</a><a href=""https://dynamiconlineorders.ca/collections/uv-replacement-lamps-and-accessories/products/lsk-25403-16-2-or-lsk-25403-12-2-uvv-uvc-combo-replacement-lamps""></a>.</p>",Dynamic AQS,Uncategorized,UV Accessories,STS,true,Title,12,,,,,,,,LSK-25403-12,1361.003906185,,-26,deny,manual,true,true,,,,,,https://cdn.shopify.com/s/files/1/0294/4116/3400/products/LSK-25403_b92079dd-5108-49c4-8956-70c06a514a07.png?v=1612556709,1,,false,,,,lb,,active
sts-uv-replacement-uvc-and-uvv-bulbs,,,,,,,,,16,,,,,,,,LSK-25403-16,1361.003906185,,-4,deny,manual,true,true,,,,,,,,,,,,,lb,,
sts-uv-replacement-lamp-for-economy-remote,LSK-24V-14 UVC Replacement Lamp for Economy Remote,"<p>LSK-24V-14, one 14 UVC Germicidal lamp replacement for the RM1-2414 Economy Remote unit (Formally <span>ERUV14-24V) </span>only.</p>
<p>Not for RM or FM units.</p>",Dynamic AQS,Uncategorized,UV Accessories,STS,true,Title,Default Title,,,,,,,,LSK-24V-14,1361.003906185,,-596,deny,manual,true,true,,,,,,https://cdn.shopify.com/s/files/1/0294/4116/3400/products/ReplacementLamp24v_5248c3f8-6bd8-4fb4-9952-b1f56845ce97.png?v=1612556707,1,,false,,,,lb,,active
sts-uv-reflector-plate-for-uvc-lamps,500484 (for 16” lamp) or 500489 (for 12” lamp) Lamp Reflectors,<p>Reflector Plate for UVC lamps</p>,Dynamic AQS,Uncategorized,UV Accessories,STS,true,Size,"12""",,,,,,,,UV-500489-12,1361.003906185,,-239,deny,manual,true,true,,,,,,https://cdn.shopify.com/s/files/1/0294/4116/3400/products/UVCreflector_ba21b7ab-6692-49f5-afdc-6098b0c87796.png?v=1612556706,1,,false,,,,lb,,active
sts-uv-reflector-plate-for-uvc-lamps,,,,,,,,,"16""",,,,,,,,UV-500484-16,1361.003906185,,-22,deny,manual,true,true,,,,,,,,,,,,,lb,,
sts-uv-offset-duct-board-adapter-plate,UV-500B423FM-OS Offset Duct Board Adaptor Plate for FM Units,"<p>Offset Duct Board Adapter Plates for Blue FM Units. <br><br>Outside Dimensions: ~ 13 7/8"" X 8 7/8"" X 1 1/2""<br>Recessed Area: ~ 11 3/4"" X 6 3/4"" X 1 3/8""</p>
<p style=""padding-bottom: 0px;"">Notes:</p>
<ul style=""padding-top: 0px;"">
<li>This adapter plate is for the Blue FM ballast box and bulbs. If your ballast box is grey, please <a href=""/pages/contact-us"">contact us</a> to order the correct part</li>
<li>To mount an FM3 in duct board which contains three bulbs (one UVC / germicidal and one UVV / oxidation on the ballast box and one UVC that is remote) you would need one 500B423FM-OS for the ballast box and one 500423-OS for the remote UVC lamp.</li>
<li>This offset plate is not used for installations in metal ductwork.</li>
</ul>",Dynamic AQS,Uncategorized,UV Accessories,STS,true,Size,Fixed Mount (Blue - FM) Unit,,,,,,,,UV-500B423FM-OS,1361.003906185,,-17,deny,manual,true,true,,,,,,https://cdn.shopify.com/s/files/1/0294/4116/3400/files/FMOffset0.png?v=1727815018,1,,false,,,,lb,,active
sts-uv-offset-duct-board-adapter-plate,,,,,,,,,,,,,,,,,,,,,,,,,,,,,,https://cdn.shopify.com/s/files/1/0294/4116/3400/files/FMOffset1_37f95060-f83f-402d-b501-7f7ead3b7bcc.png?v=1727814301,2,,,,,,,,
sts-uv-offset-duct-board-adapter-plate,,,,,,,,,,,,,,,,,,,,,,,,,,,,,,https://cdn.shopify.com/s/files/1/0294/4116/3400/files/FMOffset2.png?v=1727814675,3,,,,,,,,
sts-uv-magnetic-reflector-plate-for-uvc-lamps,500484-MG (for 16” lamp) or 500489-MG (for 12” lamp) Magnet Lamp Reflector for UVC lamps,"<p class=""MsoNormal"" style=""mso-margin-top-alt: auto; margin-bottom: 3.0pt; background: white;""><span style=""font-size: 11.5pt; font-family: 'Helvetica',sans-serif; color: #333232; background: white;"">Magnetic Reflector Plate for reflecting UV towards or away from objects in a metal duct </span><span style=""font-size: 11.5pt; font-family: 'Helvetica',sans-serif;""></span></p>",Dynamic AQS,Uncategorized,UV Accessories,STS,true,Size,"12""",,,,,,,,UV-500489-12-MG,1361.003906185,,-11,deny,manual,true,true,,,,,,https://cdn.shopify.com/s/files/1/0294/4116/3400/products/MagReflector_783062bb-ca6a-4594-8c45-e05bc4c3cfbf.png?v=1612556701,1,,false,,,,lb,,active
sts-uv-magnetic-reflector-plate-for-uvc-lamps,,,,,,,,,"16""",,,,,,,,UV-500484-16-MG,1361.003906185,,-18,deny,manual,true,true,,,,,,,,,,,,,lb,,
sts-uv-l-bracket-with-magnet-for-remote-uvc-lamp,"UV-500423-2 L, L Bracket with Magnet for the RM1-5 Remote Oxidizer","<p>Magnetic L-Bracket, For Use With RM1-5 Remote-Mount oxidizer inside an AHU</p>",Dynamic AQS,Uncategorized,UV Accessories,STS,true,Title,Default Title,,,,,,,,UV-500423-2L,1361.003906185,,-241,deny,manual,true,true,,,,,,https://cdn.shopify.com/s/files/1/0294/4116/3400/files/500423-2L_0742cf31-e586-4315-941a-6604472678c0.jpg?v=1709319998,1,,false,,,,lb,,active
sts-uv-inline-fuse,R3-64 Inline 5A Fuse,"<p>Connection wire with inline 5 amp fuse (FL)</p>
<p>For use in some markets to meet code</p>",Dynamic AQS,Uncategorized,UV Accessories,STS,true,Title,Default Title,,,,,,,,UV-FUSE R3-64,1361.003906185,,-525,deny,manual,true,true,,,,,,https://cdn.shopify.com/s/files/1/0294/4116/3400/products/cordwithfuse_5a620e17-d475-473a-bafc-13b0ff52a228.png?v=1612556698,1,,false,,,,lb,,active
sts-uv-economy-remote-24v-14-55-microwatt-lamp,BioFender Germicidal UVC 24V 14” lamp,"<p>14"" coil irradiation UVC unit (formerly ERUV14-24V).</p>",Dynamic AQS,Uncategorized,Remote Mount UV,STS,true,Title,Default Title,,,,,,,,RM1-2414-T,2722.00781237,,-2190,deny,manual,true,true,,,,,,https://cdn.shopify.com/s/files/1/0294/4116/3400/files/RM1-2414_w_timer.jpg?v=1744135235,1,,false,,,,lb,,active
sts-uv-current-sensing-relay,UV-FCS003 Current Sensing Relay,"<p>Current sensing relay.</p>
<p>Turns the UV unit on and off with the system’s fan</p>",Dynamic AQS,Uncategorized,UV Accessories,STS,true,Title,Default Title,,,,,,,,UV-FCS003,1361.003906185,,-255,deny,manual,true,true,,,,,,https://cdn.shopify.com/s/files/1/0294/4116/3400/products/CurrentSensingRelay_fc79db7a-e987-49bf-a97e-5a754295afa5.png?v=1612556696,1,,false,,,,lb,,active
sts-uvc-germicidal-replacement-lamp,LSK-36-16 or LSK-24-12 UVC Germicidal Replacement Lamp,"<p>LSK-36-16 (16) or LSK-24-12 (12) UVC Germicidal Replacement Lamp (Comes in 16 or 12) Replacement for FM1-16, FM1-12, RM1-16, RM1-12, RL-16 (note: RM2-16/16 will need two of these replacement lamps).</p>",Dynamic AQS,,UV Accessories,STS,true,Size,"12""",,,,,,,,LSK-24-12,1361.003906185,,-1621,deny,manual,true,true,,,,,,https://cdn.shopify.com/s/files/1/0294/4116/3400/products/ReplacementLampUVC_ef801278-33f1-4d00-a6aa-001cc214f555.png?v=1612556694,1,,false,,,,lb,,active
sts-uvc-germicidal-replacement-lamp,,,,,,,,,"16""",,,,,,,,LSK-36-16,1361.003906185,,-35,deny,manual,true,true,,,,,,,,,,,,,lb,,
sts-uvc-germicidal-remote-lamp,RL-16 (16” UVC lamp) or RL-12 (12” UVC lamp) (Needs Ballast),"<p>UVC Germicidal Remote lamp (RL-12, RL-16)<br></p>",Dynamic AQS,,Remote Mount UV,STS,true,Size,"12""",,,,,,,,RL-12,1361.003906185,,-25,deny,manual,true,true,,,,,,https://cdn.shopify.com/s/files/1/0294/4116/3400/files/RL-16_750b34c4-7ba6-4cf5-9c55-8c1cccfe553e.jpg?v=1709313519,1,,false,,,,lb,,active
sts-uvc-germicidal-remote-lamp,,,,,,,,,"16""",,,,,,,,RL-16,1361.003906185,,-4,deny,manual,true,true,,,,,,,,,,,,,lb,,
sts-mktg-video-book,Video Book,<p>IAQ Video Book</p>,Dynamic AQS,Uncategorized,Marketing and Training,STS,true,Title,Default Title,,,,,,,,B-VB2020,0.0,,-20,deny,manual,true,true,,,,,,https://cdn.shopify.com/s/files/1/0294/4116/3400/products/Video-Book_b5f7993e-1612-4ef7-a879-705c0fd759ef.png?v=1612556691,1,,false,,,,lb,,active
sts-mktg-low-pressure-demo-with-briefcase,Demo Unit with Briefcase,<p>Low Pressure 1 inch Demo Unit with briefcase.</p>,Dynamic AQS,,Marketing and Training,STS,true,Title,Default Title,,,,,,,,1LPD1410WITHCASE,0.0,,0,deny,manual,true,true,,,,,,https://cdn.shopify.com/s/files/1/0294/4116/3400/products/LPDemoUnitwithcase_242984f3-431a-4694-bf47-5a024208a576.png?v=1612556687,1,,false,,,,lb,,active
sts-mktg-low-pressure-demo,Demo Unit,"<p>Low Pressure 1"" Demo Unit</p>",Dynamic AQS,Uncategorized,Marketing and Training,STS,true,Title,Default Title,,,,,,,,1LPDEMO1410,0.0,,-1,deny,manual,true,true,,,,,,https://cdn.shopify.com/s/files/1/0294/4116/3400/products/LPD_Panels_ddb2b301-c5aa-495c-9ce5-af48d89a3dc1.png?v=1612556680,1,,false,,,,lb,,active
sts-mktg-display,UV Demo Display,"<p>UV Demo Display with Non-UV Lamps</p>
<p>Remote Mount 2 - 12/5:</p>
<ul>
<li>a 12 inch demo sanitizing bulb</li>
<li>a 5 inch demo oxidizing bulb</li>
</ul>",Dynamic AQS,Uncategorized,Marketing and Training,STS,true,Title,Default Title,,,,,,,,UV-LPC36NONUV,0.0,,-1,deny,manual,true,true,,,,,,https://cdn.shopify.com/s/files/1/0294/4116/3400/products/MetalDisplay_a8430db2-d9fc-4176-9ec7-7714bebaebe2.png?v=1612556677,1,,false,,,,lb,,active
sts-intelifan-intelligent-hvac-fan-control-system,1406-14 InteliFan intelligent HVAC variable fan time delay,<p>Our Intelligent HVAC Fan Control System is a Microprocessor controlled variable fan time delay system.</p>,Dynamic AQS,,Other IAQ,STS,false,Title,Default Title,,,,,,,,INTELIFAN 1406-14,1361.003906185,,0,deny,manual,true,true,,,,,,https://cdn.shopify.com/s/files/1/0294/4116/3400/products/InteliFan_3c78720a-2bc5-415f-835c-eab6fb1ea8cf.png?v=1612556674,1,,false,,,,lb,,archived
sts-hepa-replacement-filter,"HP-RHF562, Replacement HEPA Filter","<p>Replacement HEPA filter (recommended replacement once every 2 years)</p>
<p>(RHF562)</p>",Dynamic AQS,Uncategorized,HEPA,STS,true,Title,Default Title,,,,,,,,HP-RHF562,1361.003906185,,-1,deny,manual,true,true,,,,,,https://cdn.shopify.com/s/files/1/0294/4116/3400/products/RHF562_d426b592-7c3e-4922-8212-ea9dc0088bc9.png?v=1612556673,1,,false,,,,lb,,active
sts-hepa-collar-mount-kit,"HP-CMK500, 8” Collar Kit for Remote Mounting Applications","<p>HEPA 8 inch collar kit</p>
",Dynamic AQS,Uncategorized,HEPA,STS,true,Title,Default Title,,,,,,,,HP-CMK500,1361.003906185,,-6,deny,manual,true,true,,,,,,https://cdn.shopify.com/s/files/1/0294/4116/3400/products/HEPACollarmountkit_0344f5d4-37fc-4578-b629-ea69d1caa10f.png?v=1612556671,1,,false,,,,lb,,active
sts-hepa-carbon-module,"OC3, Optional Carbon Matrix Module","<p>Optional carbon module - recommended replacement once every 2 years.</p>
<p>(VOC3)</p>",Dynamic AQS,,HEPA,STS,false,Title,Default Title,,,,,,,,MWV-VOC3,1361.003906185,,0,deny,manual,true,true,,,,,,https://cdn.shopify.com/s/files/1/0294/4116/3400/products/VOC3_e16805e8-464e-4fda-8559-48c23261d299.png?v=1612556669,1,,false,,,,lb,,archived
sts-hepa-annual-replacement-kit,"HP-ARK564, Annual Prefilter Replacement Kit","<p>Annual filter replacement kit (recommended replacement once every 6 months - 2 filters per kit)</p>
<p>(ARK564)</p>",Dynamic AQS,Uncategorized,HEPA,STS,true,Title,Default Title,,,,,,,,HP-ARK564,1361.003906185,,-13,deny,manual,true,true,,,,,,https://cdn.shopify.com/s/files/1/0294/4116/3400/products/ARK564_27c2f9b7-12ed-4159-81ef-5480fa5486c5.png?v=1612556668,1,,false,,,,lb,,active
sts-drain-pan-treatments,PT1-2 1/2 or PT 3-5 Pan Treatment Strips (12 Pack),"<p>EPA approved time release drain pan treatments.</p>
<p>Package of 12</p>",Dynamic AQS,,Pan Strips,STS,true,Size,1 to 2.5 Tons,,,,,,,,PT1-21/2,0.0,,-113,deny,manual,true,true,,,,,,https://cdn.shopify.com/s/files/1/0294/4116/3400/products/PT_889d68d4-4f9b-4fef-abef-961c160eef42.png?v=1612556666,1,,false,,,https://cdn.shopify.com/s/files/1/0294/4116/3400/products/pt4_58005d24-564c-4d52-8be1-be72fa5d3638.png?v=1612556666,lb,,active
sts-drain-pan-treatments,,,,,,,,,3 to 5 Tons,,,,,,,,PT3-5,0.0,,-77,deny,manual,true,true,,,,,,https://cdn.shopify.com/s/files/1/0294/4116/3400/products/PT_2_aaa0c6b1-665e-44b1-b441-21c16fd6c215.jpg?v=1612556666,2,,,,,https://cdn.shopify.com/s/files/1/0294/4116/3400/products/pt3_fdf7cc15-5066-49de-90e2-c8238c352b7c.png?v=1612556666,lb,,
sts-drain-pan-treatments,,,,,,,,,,,,,,,,,,,,,,,,,,,,,,https://cdn.shopify.com/s/files/1/0294/4116/3400/products/pt4_58005d24-564c-4d52-8be1-be72fa5d3638.png?v=1612556666,3,,,,,,,,
sts-drain-pan-treatments,,,,,,,,,,,,,,,,,,,,,,,,,,,,,,https://cdn.shopify.com/s/files/1/0294/4116/3400/products/pt3_fdf7cc15-5066-49de-90e2-c8238c352b7c.png?v=1612556666,4,,,,,,,,
sts-1-low-pressure-replacement-media-large,LPD Replacement Media 4-Packs (Larger than 19 Inch),"<p>4 pack of replacement media for our Low-Pressure Drop Polarized-Media Air Cleaners.</p>
<p>Includes Standard Sizes, Custom Sizes and Oversized (over 30 inches), with first dimension greater than or equal 19 inches.</p>
<p><u>Notes</u></p>
<ul>
<li>For smaller sizes see the <span></span><a href=""https://dynamiconlineorders.myshopify.com/collections/1-inch-air-cleaners/products/1-low-pressure-replacement-media"">LPD Media Smaller than 18 Inch</a> <span></span>product page.<br>
</li>
<li>For custom sizes, please <span></span><a href=""https://dynamiconlineorders.myshopify.com/pages/contact-us"">contact us</a><a href=""mailto:orders@dynamicaqs.com""></a>.</li>
<li><a href=""https://www.dynamiconlineorders.com/pages/measuring-replacement-media"">How to Measure for Replacement Media</a></li>
<li><a href=""https://cdn.shopify.com/s/files/1/0294/4116/3400/files/How_To_Change_The_Media_In_Your_Polarized-Media_Air_Cleaner_P-MAC.pdf?v=1632436087"">How to Change Media</a></li>
<li>For more information, see our <span></span><a href=""https://www.dynamiconlineorders.com/pages/polarized-media-air-cleaner-pmac-top-frequently-asked-questions"" title=""Air Cleaner FAQs"">P-MAC Frequently Asked Questions</a> <span></span>page.</li>
</ul>
<ul></ul>",Dynamic AQS,,1 Inch Air Cleaners,STS,true,Size,19-1/2x21-1/4x1,,,,,,,,C4LP191/2211/4X,0.0,,0,deny,manual,true,true,,,,,,https://cdn.shopify.com/s/files/1/0294/4116/3400/products/LPD_Replacement_Media_c0dd9236-5bca-4068-8bd1-93351df1607b.png?v=1612556657,1,,false,,,,lb,,active
sts-1-low-pressure-replacement-media-large,,,,,,,,,19-1/2x24-1/2x1,,,,,,,,C4LP191/2241/2X,0.0,,-5,deny,manual,true,true,,,,,,,,,,,,,lb,,
sts-1-low-pressure-replacement-media-large,,,,,,,,,19-3/8x19-3/8x1,,,,,,,,C4LP193/8193/8X,0.0,,-1062,deny,manual,true,true,,,,,,,,,,,,,lb,,
sts-1-low-pressure-replacement-media-large,,,,,,,,,19-3/8x23-3/8x1,,,,,,,,C4LP193/8233/8X,0.0,,-874,deny,manual,true,true,,,,,,,,,,,,,lb,,
sts-1-low-pressure-replacement-media-large,,,,,,,,,19-3/8x29-3/8x1,,,,,,,,C4LP193/8293/8X,0.0,,-24,deny,manual,true,true,,,,,,,,,,,,,lb,,
sts-1-low-pressure-replacement-media-large,,,,,,,,,19-7/8x21-1/2x1,,,,,,,,C4LP197/8211/2X,0.0,,-19,deny,manual,true,true,,,,,,,,,,,,,lb,,
sts-1-low-pressure-replacement-media-large,,,,,,,,,19x21x1,,,,,,,,C4LP1921,0.0,,0,deny,manual,true,true,,,,,,,,,,,,,lb,,
sts-1-low-pressure-replacement-media-large,,,,,,,,,19X24X1,,,,,,,,C4LP1924,0.0,,0,deny,manual,true,true,,,,,,,,,,,,,lb,,
sts-1-low-pressure-replacement-media-large,,,,,,,,,20x20x1,,,,,,,,C4LP2020,0.0,,-1261,deny,manual,true,true,,,,,,,,,,,,,lb,,
sts-1-low-pressure-replacement-media-large,,,,,,,,,20x21-5/8x1,,,,,,,,C4LP20215/8X,0.0,,-19,deny,manual,true,true,,,,,,,,,,,,,lb,,
sts-1-low-pressure-replacement-media-large,,,,,,,,,20x22x1,,,,,,,,C4LP2022,0.0,,-2,deny,manual,true,true,,,,,,,,,,,,,lb,,
sts-1-low-pressure-replacement-media-large,,,,,,,,,20x23x1,,,,,,,,C4LP2023,0.0,,-5,deny,manual,true,true,,,,,,,,,,,,,lb,,
sts-1-low-pressure-replacement-media-large,,,,,,,,,20x24x1,,,,,,,,C4LP2024,0.0,,-680,deny,manual,true,true,,,,,,,,,,,,,lb,,
sts-1-low-pressure-replacement-media-large,,,,,,,,,20x25x1,,,,,,,,C4LP2025,0.0,,-698,deny,manual,true,true,,,,,,,,,,,,,lb,,
sts-1-low-pressure-replacement-media-large,,,,,,,,,20x28x1,,,,,,,,C4LP2028,0.0,,-1,deny,manual,true,true,,,,,,,,,,,,,lb,,
sts-1-low-pressure-replacement-media-large,,,,,,,,,20x30x1,,,,,,,,C4LP2030,0.0,,-193,deny,manual,true,true,,,,,,,,,,,,,lb,,
sts-1-low-pressure-replacement-media-large,,,,,,,,,20x32x1,,,,,,,,C4LP2032,0.0,,-2,deny,manual,true,true,,,,,,,,,,,,,lb,,
sts-1-low-pressure-replacement-media-large,,,,,,,,,20x36x1,,,,,,,,C4LP2036,0.0,,-1,deny,manual,true,true,,,,,,,,,,,,,lb,,
sts-1-low-pressure-replacement-media-large,,,,,,,,,20x37x1,,,,,,,,C4LP2037,0.0,,0,deny,manual,true,true,,,,,,,,,,,,,lb,,
sts-1-low-pressure-replacement-media-large,,,,,,,,,20x40x1,,,,,,,,C4LP2040,0.0,,0,deny,manual,true,true,,,,,,,,,,,,,lb,,
sts-1-low-pressure-replacement-media-large,,,,,,,,,20x42x1,,,,,,,,C4LP2042,0.0,,0,deny,manual,true,true,,,,,,,,,,,,,lb,,
sts-1-low-pressure-replacement-media-large,,,,,,,,,20x47x1,,,,,,,,C4LP2047,0.0,,0,deny,manual,true,true,,,,,,,,,,,,,lb,,
sts-1-low-pressure-replacement-media-large,,,,,,,,,20x48x1,,,,,,,,C4LP2048,0.0,,0,deny,manual,true,true,,,,,,,,,,,,,lb,,
sts-1-low-pressure-replacement-media-large,,,,,,,,,20x50x1,,,,,,,,C4LP2050,0.0,,0,deny,manual,true,true,,,,,,,,,,,,,lb,,
sts-1-low-pressure-replacement-media-large,,,,,,,,,21-1/2x23-1/4x1,,,,,,,,C4LP211/2231/4X,0.0,,-4,deny,manual,true,true,,,,,,,,,,,,,lb,,
sts-1-low-pressure-replacement-media-large,,,,,,,,,21-1/2x25-1/2x1,,,,,,,,C4LP211/2251/2X,0.0,,0,deny,manual,true,true,,,,,,,,,,,,,lb,,
sts-1-low-pressure-replacement-media-large,,,,,,,,,21x21x1,,,,,,,,C4LP2121,0.0,,-7,deny,manual,true,true,,,,,,,,,,,,,lb,,
sts-1-low-pressure-replacement-media-large,,,,,,,,,21x22x1,,,,,,,,C4LP2122,0.0,,-4,deny,manual,true,true,,,,,,,,,,,,,lb,,
sts-1-low-pressure-replacement-media-large,,,,,,,,,21x23x1,,,,,,,,C4LP2123,0.0,,-7,deny,manual,true,true,,,,,,,,,,,,,lb,,
sts-1-low-pressure-replacement-media-large,,,,,,,,,21x25-3/16x1,,,,,,,,C4LP21253/16X,0.0,,0,deny,manual,true,true,,,,,,,,,,,,,lb,,
sts-1-low-pressure-replacement-media-large,,,,,,,,,21x25x1,,,,,,,,C4LP2125,0.0,,0,deny,manual,true,true,,,,,,,,,,,,,lb,,
sts-1-low-pressure-replacement-media-large,,,,,,,,,22x22x1,,,,,,,,C4LP2222,0.0,,0,deny,manual,true,true,,,,,,,,,,,,,lb,,
sts-1-low-pressure-replacement-media-large,,,,,,,,,22x24x1,,,,,,,,C4LP2224,0.0,,-5,deny,manual,true,true,,,,,,,,,,,,,lb,,
sts-1-low-pressure-replacement-media-large,,,,,,,,,22x25x1,,,,,,,,C4LP2225,0.0,,0,deny,manual,true,true,,,,,,,,,,,,,lb,,
sts-1-low-pressure-replacement-media-large,,,,,,,,,22x30x1,,,,,,,,C4LP2230,0.0,,0,deny,manual,true,true,,,,,,,,,,,,,lb,,
sts-1-low-pressure-replacement-media-large,,,,,,,,,23-1/2x29-1/2x1,,,,,,,,C4LP231/2291/2X,0.0,,-2,deny,manual,true,true,,,,,,,,,,,,,lb,,
sts-1-low-pressure-replacement-media-large,,,,,,,,,23-3/8x23-3/8x1,,,,,,,,C4LP233/8233/8X,0.0,,-43,deny,manual,true,true,,,,,,,,,,,,,lb,,
sts-1-low-pressure-replacement-media-large,,,,,,,,,23x20x1,,,,,,,,C4LP2320,0.0,,-2,deny,manual,true,true,,,,,,,,,,,,,lb,,
sts-1-low-pressure-replacement-media-large,,,,,,,,,24x24x1,,,,,,,,C4LP2424,0.0,,-39,deny,manual,true,true,,,,,,,,,,,,,lb,,
sts-1-low-pressure-replacement-media-large,,,,,,,,,24x25x1,,,,,,,,C4LP2425,0.0,,0,deny,manual,true,true,,,,,,,,,,,,,lb,,
sts-1-low-pressure-replacement-media-large,,,,,,,,,24x26x1,,,,,,,,C4LP2426,0.0,,0,deny,manual,true,true,,,,,,,,,,,,,lb,,
sts-1-low-pressure-replacement-media-large,,,,,,,,,24x28x1,,,,,,,,C4LP2428,0.0,,0,deny,manual,true,true,,,,,,,,,,,,,lb,,
sts-1-low-pressure-replacement-media-large,,,,,,,,,24x30x1,,,,,,,,C4LP2430,0.0,,-7,deny,manual,true,true,,,,,,,,,,,,,lb,,
sts-1-low-pressure-replacement-media-large,,,,,,,,,24x31x1,,,,,,,,C4LP2431,0.0,,0,deny,manual,true,true,,,,,,,,,,,,,lb,,
sts-1-low-pressure-replacement-media-large,,,,,,,,,24x36x1,,,,,,,,C4LP2436,0.0,,-2,deny,manual,true,true,,,,,,,,,,,,,lb,,
sts-1-low-pressure-replacement-media-large,,,,,,,,,25x20x1,,,,,,,,C4LP2520,0.0,,0,deny,manual,true,true,,,,,,,,,,,,,lb,,
sts-1-low-pressure-replacement-media-large,,,,,,,,,25x25x1,,,,,,,,C4LP2525,0.0,,-1,deny,manual,true,true,,,,,,,,,,,,,lb,,
sts-1-low-pressure-replacement-media-large,,,,,,,,,25x30x1,,,,,,,,C4LP2530,0.0,,-2,deny,manual,true,true,,,,,,,,,,,,,lb,,
sts-1-low-pressure-replacement-media-large,,,,,,,,,25x32x1,,,,,,,,C4LP2532,0.0,,0,deny,manual,true,true,,,,,,,,,,,,,lb,,
sts-1-low-pressure-replacement-media-large,,,,,,,,,28x30x1,,,,,,,,C4LP2830,0.0,,0,deny,manual,true,true,,,,,,,,,,,,,lb,,
sts-1-low-pressure-replacement-media-large,,,,,,,,,28x32x1,,,,,,,,C4LP2832,0.0,,0,deny,manual,true,true,,,,,,,,,,,,,lb,,
sts-1-low-pressure-replacement-media-large,,,,,,,,,28x34x1,,,,,,,,C4LP2834,0.0,,0,deny,manual,true,true,,,,,,,,,,,,,lb,,
sts-1-low-pressure-replacement-media-large,,,,,,,,,30x30x1,,,,,,,,C4LP3030,0.0,,0,deny,manual,true,true,,,,,,,,,,,,,lb,,
sts-1-low-pressure-replacement-media-large,,,,,,,,,30x32x1,,,,,,,,C4LP3032,0.0,,0,deny,manual,true,true,,,,,,,,,,,,,lb,,
sts-1-low-pressure-replacement-media-large,,,,,,,,,30x36x1,,,,,,,,C4LP3036,0.0,,0,deny,manual,true,true,,,,,,,,,,,,,lb,,
sts-1-low-pressure-replacement-media,LPD Replacement Media 4-Packs (Smaller than 18 Inch),"<p>4 pack of replacement media for our Low-Pressure Drop Polarized-Media Air Cleaners.</p>
<p>Includes Standard Sizes, Custom Sizes and Oversized (over 30 inches), with first dimension less than or equal to 18 inches.</p>
<p><u>Notes</u></p>
<ul>
<li>For smaller sizes see the <span></span><a href=""https://www.dynamiconlineorders.com/collections/1-inch-air-cleaners/products/1-low-pressure-replacement-media-large-cleaners/products/1-low-pressure-replacement-media"">LPD Media Larger than 19 Inches</a><a href=""https://dynamiconlineorders.myshopify.com/collections/1-inch-air-cleaners/products/1-low-pressure-replacement-media""></a> <span></span>product page.<br>
</li>
<li>For custom sizes, please<span></span><a href=""https://dynamiconlineorders.myshopify.com/pages/contact-us""> contact us</a><a href=""mailto:orders@dynamicaqs.com""></a>.</li>
<li><a href=""https://www.dynamiconlineorders.com/pages/measuring-replacement-media"">How to Measure for Replacement Media</a></li>
<li><a href=""https://cdn.shopify.com/s/files/1/0294/4116/3400/files/How_To_Change_The_Media_In_Your_Polarized-Media_Air_Cleaner_P-MAC.pdf?v=1632436087"">How to Change Media</a></li>
<li>For more information, see our <span></span><a href=""https://www.dynamiconlineorders.com/pages/polarized-media-air-cleaner-pmac-top-frequently-asked-questions"" title=""Air Cleaner FAQs"">P-MAC Frequently Asked Questions</a> <span></span>page.</li>
</ul>
<ul></ul>",Dynamic AQS,Uncategorized,1 Inch Air Cleaners,STS,true,Size,10x20x1,,,,,,,,C4LP1020,0.0,,-9,deny,manual,true,true,,,,,,https://cdn.shopify.com/s/files/1/0294/4116/3400/products/LPD_Replacement_Media_4001c0a7-e0ab-481c-995d-6f28d8a88bbe.png?v=1612556648,1,,false,,,,lb,,active
sts-1-low-pressure-replacement-media,,,,,,,,,10x24x1,,,,,,,,C4LP1024,0.0,,0,deny,manual,true,true,,,,,,,,,,,,,lb,,
sts-1-low-pressure-replacement-media,,,,,,,,,10x25x1,,,,,,,,C4LP1025,0.0,,0,deny,manual,true,true,,,,,,,,,,,,,lb,,
sts-1-low-pressure-replacement-media,,,,,,,,,10x30x1,,,,,,,,C4LP1030,0.0,,-1,deny,manual,true,true,,,,,,,,,,,,,lb,,
sts-1-low-pressure-replacement-media,,,,,,,,,10x36x1,,,,,,,,C4LP1036,0.0,,-2,deny,manual,true,true,,,,,,,,,,,,,lb,,
sts-1-low-pressure-replacement-media,,,,,,,,,11-3/8x32-3/8x1,,,,,,,,C4LP113/8233/8X,0.0,,0,deny,manual,true,true,,,,,,,,,,,,,lb,,
sts-1-low-pressure-replacement-media,,,,,,,,,12x12x1,,,,,,,,C4LP1212,0.0,,-61,deny,manual,true,true,,,,,,,,,,,,,lb,,
sts-1-low-pressure-replacement-media,,,,,,,,,12x18x1,,,,,,,,C4LP1218,0.0,,-2,deny,manual,true,true,,,,,,,,,,,,,lb,,
sts-1-low-pressure-replacement-media,,,,,,,,,12x20x1,,,,,,,,C4LP1220,0.0,,-21,deny,manual,true,true,,,,,,,,,,,,,lb,,
sts-1-low-pressure-replacement-media,,,,,,,,,12x24x1,,,,,,,,C4LP1224,0.0,,-40,deny,manual,true,true,,,,,,,,,,,,,lb,,
sts-1-low-pressure-replacement-media,,,,,,,,,12x25x1,,,,,,,,C4LP1225,0.0,,-2,deny,manual,true,true,,,,,,,,,,,,,lb,,
sts-1-low-pressure-replacement-media,,,,,,,,,12x30x1,,,,,,,,C4LP1230,0.0,,-2,deny,manual,true,true,,,,,,,,,,,,,lb,,
sts-1-low-pressure-replacement-media,,,,,,,,,12x36x1,,,,,,,,C4LP1236,0.0,,0,deny,manual,true,true,,,,,,,,,,,,,lb,,
sts-1-low-pressure-replacement-media,,,,,,,,,13-1/2x23-1/2x1,,,,,,,,C4LP131/2231/2X,0.0,,-1,deny,manual,true,true,,,,,,,,,,,,,lb,,
sts-1-low-pressure-replacement-media,,,,,,,,,13-1/8x21-5/8x1,,,,,,,,C4LP131/8215/8X,0.0,,-2,deny,manual,true,true,,,,,,,,,,,,,lb,,
sts-1-low-pressure-replacement-media,,,,,,,,,13x21-1/2x1,,,,,,,,C4LP13211/2X,0.0,,0,deny,manual,true,true,,,,,,,,,,,,,lb,,
sts-1-low-pressure-replacement-media,,,,,,,,,13x21x1,,,,,,,,C4LP1321,0.0,,0,deny,manual,true,true,,,,,,,,,,,,,lb,,
sts-1-low-pressure-replacement-media,,,,,,,,,14x14x1,,,,,,,,C4LP1414,0.0,,-19,deny,manual,true,true,,,,,,,,,,,,,lb,,
sts-1-low-pressure-replacement-media,,,,,,,,,14x18x1,,,,,,,,C4LP1418,0.0,,-10,deny,manual,true,true,,,,,,,,,,,,,lb,,
sts-1-low-pressure-replacement-media,,,,,,,,,14x20x1,,,,,,,,C4LP1420,0.0,,-120,deny,manual,true,true,,,,,,,,,,,,,lb,,
sts-1-low-pressure-replacement-media,,,,,,,,,14x22x1,,,,,,,,C4LP1422,0.0,,0,deny,manual,true,true,,,,,,,,,,,,,lb,,
sts-1-low-pressure-replacement-media,,,,,,,,,14x24x1,,,,,,,,C4LP1424,0.0,,-31,deny,manual,true,true,,,,,,,,,,,,,lb,,
sts-1-low-pressure-replacement-media,,,,,,,,,14x25x1,,,,,,,,C4LP1425,0.0,,-69,deny,manual,true,true,,,,,,,,,,,,,lb,,
sts-1-low-pressure-replacement-media,,,,,,,,,14x30x1,,,,,,,,C4LP1430,0.0,,-2,deny,manual,true,true,,,,,,,,,,,,,lb,,
sts-1-low-pressure-replacement-media,,,,,,,,,14x36x1,,,,,,,,C4LP1436,0.0,,0,deny,manual,true,true,,,,,,,,,,,,,lb,,
sts-1-low-pressure-replacement-media,,,,,,,,,15-1/2x24-1/2x1,,,,,,,,C4LP151/2241/2X,0.0,,0,deny,manual,true,true,,,,,,,,,,,,,lb,,
sts-1-low-pressure-replacement-media,,,,,,,,,15x20x1,,,,,,,,C4LP1520,0.0,,-260,deny,manual,true,true,,,,,,,,,,,,,lb,,
sts-1-low-pressure-replacement-media,,,,,,,,,15x21x1,,,,,,,,C4LP1521,0.0,,0,deny,manual,true,true,,,,,,,,,,,,,lb,,
sts-1-low-pressure-replacement-media,,,,,,,,,15x22x1,,,,,,,,C4LP1522,0.0,,-1,deny,manual,true,true,,,,,,,,,,,,,lb,,
sts-1-low-pressure-replacement-media,,,,,,,,,15x25x1,,,,,,,,C4LP1525,0.0,,0,deny,manual,true,true,,,,,,,,,,,,,lb,,
sts-1-low-pressure-replacement-media,,,,,,,,,16-1/2x21-5/8x1,,,,,,,,C4LP161/2215/8X,0.0,,-25,deny,manual,true,true,,,,,,,,,,,,,lb,,
sts-1-low-pressure-replacement-media,,,,,,,,,16-1/2x21x1,,,,,,,,C4LP161/221X,0.0,,-2,deny,manual,true,true,,,,,,,,,,,,,lb,,
sts-1-low-pressure-replacement-media,,,,,,,,,16-1/2x28-1/2x1,,,,,,,,C4LP161/2281/2X,0.0,,0,deny,manual,true,true,,,,,,,,,,,,,lb,,
sts-1-low-pressure-replacement-media,,,,,,,,,16-3/8x21-1/2,,,,,,,,C4LP163/8211/2X,0.0,,-11,deny,manual,true,true,,,,,,,,,,,,,lb,,
sts-1-low-pressure-replacement-media,,,,,,,,,16-9/16x27-1/2x1,,,,,,,,C4LP169/16271/2X,0.0,,0,deny,manual,true,true,,,,,,,,,,,,,lb,,
sts-1-low-pressure-replacement-media,,,,,,,,,16x16x1,,,,,,,,C4LP1616,0.0,,-2,deny,manual,true,true,,,,,,,,,,,,,lb,,
sts-1-low-pressure-replacement-media,,,,,,,,,16x18x1,,,,,,,,C4LP1618,0.0,,-1,deny,manual,true,true,,,,,,,,,,,,,lb,,
sts-1-low-pressure-replacement-media,,,,,,,,,16x20x1,,,,,,,,C4LP1620,0.0,,-285,deny,manual,true,true,,,,,,,,,,,,,lb,,
sts-1-low-pressure-replacement-media,,,,,,,,,16x21-1/2x1,,,,,,,,C4LP16211/2X,0.0,,0,deny,manual,true,true,,,,,,,,,,,,,lb,,
sts-1-low-pressure-replacement-media,,,,,,,,,16x21x1,,,,,,,,C4LP1621,0.0,,-1,deny,manual,true,true,,,,,,,,,,,,,lb,,
sts-1-low-pressure-replacement-media,,,,,,,,,16x24x1,,,,,,,,C4LP1624,0.0,,-31,deny,manual,true,true,,,,,,,,,,,,,lb,,
sts-1-low-pressure-replacement-media,,,,,,,,,16x25x1,,,,,,,,C4LP1625,0.0,,-365,deny,manual,true,true,,,,,,,,,,,,,lb,,
sts-1-low-pressure-replacement-media,,,,,,,,,16x30x1,,,,,,,,C4LP1630,0.0,,-2,deny,manual,true,true,,,,,,,,,,,,,lb,,
sts-1-low-pressure-replacement-media,,,,,,,,,16x32x1,,,,,,,,C4LP1632,0.0,,0,deny,manual,true,true,,,,,,,,,,,,,lb,,
sts-1-low-pressure-replacement-media,,,,,,,,,16x40x1,,,,,,,,C4LP1640,0.0,,0,deny,manual,true,true,,,,,,,,,,,,,lb,,
sts-1-low-pressure-replacement-media,,,,,,,,,17-3/8x17-3/8x1,,,,,,,,C4LP173/8173/8X,0.0,,-9,deny,manual,true,true,,,,,,,,,,,,,lb,,
sts-1-low-pressure-replacement-media,,,,,,,,,17-3/8x23-3/8x1,,,,,,,,C4LP173/8233/8X,0.0,,-33,deny,manual,true,true,,,,,,,,,,,,,lb,,
sts-1-low-pressure-replacement-media,,,,,,,,,17-3/8x29-3/8x1,,,,,,,,C4LP173/8293/8X,0.0,,-10,deny,manual,true,true,,,,,,,,,,,,,lb,,
sts-1-low-pressure-replacement-media,,,,,,,,,17-3/8x35-3/8x1,,,,,,,,C4LP173/8353/8X,0.0,,-5,deny,manual,true,true,,,,,,,,,,,,,lb,,
sts-1-low-pressure-replacement-media,,,,,,,,,17x18x1,,,,,,,,C4LP1718,0.0,,-2,deny,manual,true,true,,,,,,,,,,,,,lb,,
sts-1-low-pressure-replacement-media,,,,,,,,,17x25x1,,,,,,,,C4LP1725,0.0,,-1,deny,manual,true,true,,,,,,,,,,,,,lb,,
sts-1-low-pressure-replacement-media,,,,,,,,,17x28-1/4x1,,,,,,,,C4LP17281/4X,0.0,,0,deny,manual,true,true,,,,,,,,,,,,,lb,,
sts-1-low-pressure-replacement-media,,,,,,,,,17x28x1,,,,,,,,C4LP1728,0.0,,0,deny,manual,true,true,,,,,,,,,,,,,lb,,
sts-1-low-pressure-replacement-media,,,,,,,,,18x18x1,,,,,,,,C4LP1818,0.0,,-25,deny,manual,true,true,,,,,,,,,,,,,lb,,
sts-1-low-pressure-replacement-media,,,,,,,,,18x20x1,,,,,,,,C4LP1820,0.0,,-386,deny,manual,true,true,,,,,,,,,,,,,lb,,
sts-1-low-pressure-replacement-media,,,,,,,,,18x22x1,,,,,,,,C4LP1822,0.0,,-1,deny,manual,true,true,,,,,,,,,,,,,lb,,
sts-1-low-pressure-replacement-media,,,,,,,,,18x24x1,,,,,,,,C4LP1824,0.0,,-75,deny,manual,true,true,,,,,,,,,,,,,lb,,
sts-1-low-pressure-replacement-media,,,,,,,,,18x25x1,,,,,,,,C4LP1825,0.0,,-11,deny,manual,true,true,,,,,,,,,,,,,lb,,
sts-1-low-pressure-replacement-media,,,,,,,,,18x26x1,,,,,,,,C4LP1826,0.0,,0,deny,manual,true,true,,,,,,,,,,,,,lb,,
sts-1-low-pressure-replacement-media,,,,,,,,,18x28x1,,,,,,,,C4LP1828,0.0,,0,deny,manual,true,true,,,,,,,,,,,,,lb,,
sts-1-low-pressure-replacement-media,,,,,,,,,18x30x1,,,,,,,,C4LP1830,0.0,,-17,deny,manual,true,true,,,,,,,,,,,,,lb,,
sts-1-low-pressure-replacement-media,,,,,,,,,18x36x1,,,,,,,,C4LP1836,0.0,,0,deny,manual,true,true,,,,,,,,,,,,,lb,,
sts-1-low-pressure-replacement-media,,,,,,,,,18x38x1,,,,,,,,C4LP1838,0.0,,0,deny,manual,true,true,,,,,,,,,,,,,lb,,
sts-1-low-pressure-panels,"1"" Polarized-Media Air Cleaner (P-MAC)","<p>1-Inch Polarized-Media Air Cleaners (i.e. Panels) - Standard Sizes, Custom Sizes and Oversized (over 30 inches).</p>
<p>Includes 3 extra Low-Pressure Drop (LPD) replacement media pads.</p>
<p>24 Volts AC.<br></p>
<p><span style=""text-decoration: underline;"">Notes</span></p>
<div>
<ul>
<li>For other sizes not listed or retrofit panels, please call in your order to 800-578-7873, or email us as <a href=""mailto:orders@dynamicaqs.com"">orders@dynamicaqs.com</a>.</li>
<li>For more information, see our <a href=""https://www.dynamiconlineorders.com/pages/polarized-media-air-cleaner-pmac-top-frequently-asked-questions"">Frequently Asked Questions</a> page.</li>
</ul>
</div>
<p></p>",Dynamic AQS,Uncategorized,1 Inch Air Cleaners,STS,true,Size,10x20x1,,,,,,,,3LP1020,0.0,,-3,deny,manual,true,true,,,,,,https://cdn.shopify.com/s/files/1/0294/4116/3400/products/LPD_Panels_cfc33d30-32dc-47e7-b370-e3be5809da14.png?v=1612556638,1,,false,,,,lb,,active
sts-1-low-pressure-panels,,,,,,,,,10x24x1,,,,,,,,3LP1024,0.0,,0,deny,manual,true,true,,,,,,https://cdn.shopify.com/s/files/1/0294/4116/3400/products/LPD_Panels_2_7078bec9-de75-4cf9-a20f-8d4f333742d6.png?v=1612556638,2,,,,,,lb,,
sts-1-low-pressure-panels,,,,,,,,,10x25x1,,,,,,,,3LP1025,0.0,,0,deny,manual,true,true,,,,,,,,,,,,,lb,,
sts-1-low-pressure-panels,,,,,,,,,10x30x1,,,,,,,,3LP1030,0.0,,0,deny,manual,true,true,,,,,,,,,,,,,lb,,
sts-1-low-pressure-panels,,,,,,,,,12x12x1,,,,,,,,3LP1212,0.0,,-2,deny,manual,true,true,,,,,,,,,,,,,lb,,
sts-1-low-pressure-panels,,,,,,,,,12x20x1,,,,,,,,3LP1220,0.0,,-4,deny,manual,true,true,,,,,,,,,,,,,lb,,
sts-1-low-pressure-panels,,,,,,,,,12x24x1,,,,,,,,3LP1224,0.0,,-15,deny,manual,true,true,,,,,,,,,,,,,lb,,
sts-1-low-pressure-panels,,,,,,,,,12x25x1,,,,,,,,3LP1225,0.0,,-2,deny,manual,true,true,,,,,,,,,,,,,lb,,
sts-1-low-pressure-panels,,,,,,,,,12x30x1,,,,,,,,3LP1230,0.0,,-1,deny,manual,true,true,,,,,,,,,,,,,lb,,
sts-1-low-pressure-panels,,,,,,,,,12x36x1,,,,,,,,3LP1236,0.0,,0,deny,manual,true,true,,,,,,,,,,,,,lb,,
sts-1-low-pressure-panels,,,,,,,,,13-1/8x21-5/8x1,,,,,,,,3LP131/8215/8X,0.0,,-1,deny,manual,true,true,,,,,,,,,,,,,lb,,
sts-1-low-pressure-panels,,,,,,,,,13x19x1,,,,,,,,3LP1319,0.0,,0,deny,manual,true,true,,,,,,,,,,,,,lb,,
sts-1-low-pressure-panels,,,,,,,,,13x21x1,,,,,,,,3LP1321,0.0,,-1,deny,manual,true,true,,,,,,,,,,,,,lb,,
sts-1-low-pressure-panels,,,,,,,,,14x14x1,,,,,,,,3LP1414,0.0,,-1,deny,manual,true,true,,,,,,,,,,,,,lb,,
sts-1-low-pressure-panels,,,,,,,,,14x19x1,,,,,,,,3LP1419,0.0,,0,deny,manual,true,true,,,,,,,,,,,,,lb,,
sts-1-low-pressure-panels,,,,,,,,,14x20x1,,,,,,,,3LP1420,0.0,,-12,deny,manual,true,true,,,,,,,,,,,,,lb,,
sts-1-low-pressure-panels,,,,,,,,,14x24x1,,,,,,,,3LP1424,0.0,,-12,deny,manual,true,true,,,,,,,,,,,,,lb,,
sts-1-low-pressure-panels,,,,,,,,,14x25x1,,,,,,,,3LP1425,0.0,,-20,deny,manual,true,true,,,,,,,,,,,,,lb,,
sts-1-low-pressure-panels,,,,,,,,,14x30x1,,,,,,,,3LP1430,0.0,,-3,deny,manual,true,true,,,,,,,,,,,,,lb,,
sts-1-low-pressure-panels,,,,,,,,,15x20x1,,,,,,,,3LP1520,0.0,,-108,deny,manual,true,true,,,,,,,,,,,,,lb,,
sts-1-low-pressure-panels,,,,,,,,,15x22x1,,,,,,,,3LP1522,0.0,,0,deny,manual,true,true,,,,,,,,,,,,,lb,,
sts-1-low-pressure-panels,,,,,,,,,15x24x1,,,,,,,,3LP1524,0.0,,0,deny,manual,true,true,,,,,,,,,,,,,lb,,
sts-1-low-pressure-panels,,,,,,,,,15x25x1,,,,,,,,3LP1525,0.0,,-1,deny,manual,true,true,,,,,,,,,,,,,lb,,
sts-1-low-pressure-panels,,,,,,,,,16-1/2x21-5/8x1,,,,,,,,3LP161/2215/8X,0.0,,-9,deny,manual,true,true,,,,,,,,,,,,,lb,,
sts-1-low-pressure-panels,,,,,,,,,16-3/8x21-1/2,,,,,,,,3LP163/8211/2X,0.0,,-9,deny,manual,true,true,,,,,,,,,,,,,lb,,
sts-1-low-pressure-panels,,,,,,,,,16x16x1,,,,,,,,3LP1616,0.0,,-4,deny,manual,true,true,,,,,,,,,,,,,lb,,
sts-1-low-pressure-panels,,,,,,,,,16x20x1,,,,,,,,3LP1620,0.0,,-97,deny,manual,true,true,,,,,,,,,,,,,lb,,
sts-1-low-pressure-panels,,,,,,,,,16x21x1,,,,,,,,3LP1621,0.0,,-1,deny,manual,true,true,,,,,,,,,,,,,lb,,
sts-1-low-pressure-panels,,,,,,,,,16x24x1,,,,,,,,3LP1624,0.0,,-7,deny,manual,true,true,,,,,,,,,,,,,lb,,
sts-1-low-pressure-panels,,,,,,,,,16x25x1,,,,,,,,3LP1625,0.0,,-284,deny,manual,true,true,,,,,,,,,,,,,lb,,
sts-1-low-pressure-panels,,,,,,,,,16x30x1,,,,,,,,3LP1630,0.0,,-1,deny,manual,true,true,,,,,,,,,,,,,lb,,
sts-1-low-pressure-panels,,,,,,,,,16x40x1,,,,,,,,3LP1640,0.0,,0,deny,manual,true,true,,,,,,,,,,,,,lb,,
sts-1-low-pressure-panels,,,,,,,,,17-3/8x17-3/8x1,,,,,,,,3LP173/8173/8X,0.0,,-2,deny,manual,true,true,,,,,,,,,,,,,lb,,
sts-1-low-pressure-panels,,,,,,,,,17-3/8x23-3/8x1,,,,,,,,3LP173/8233/8X,0.0,,-3,deny,manual,true,true,,,,,,,,,,,,,lb,,
sts-1-low-pressure-panels,,,,,,,,,17-3/8x29-3/8x1,,,,,,,,3LP173/8293/8X,0.0,,-3,deny,manual,true,true,,,,,,,,,,,,,lb,,
sts-1-low-pressure-panels,,,,,,,,,17-3/8x35-3/8x1,,,,,,,,3LP173/8353/8X,0.0,,-3,deny,manual,true,true,,,,,,,,,,,,,lb,,
sts-1-low-pressure-panels,,,,,,,,,18x18x1,,,,,,,,3LP1818,0.0,,-9,deny,manual,true,true,,,,,,,,,,,,,lb,,
sts-1-low-pressure-panels,,,,,,,,,18x20x1,,,,,,,,3LP1820,0.0,,-167,deny,manual,true,true,,,,,,,,,,,,,lb,,
sts-1-low-pressure-panels,,,,,,,,,18x24x1,,,,,,,,3LP1824,0.0,,-30,deny,manual,true,true,,,,,,,,,,,,,lb,,
sts-1-low-pressure-panels,,,,,,,,,18x25x1,,,,,,,,3LP1825,0.0,,-6,deny,manual,true,true,,,,,,,,,,,,,lb,,
sts-1-low-pressure-panels,,,,,,,,,18x30x1,,,,,,,,3LP1830,0.0,,-6,deny,manual,true,true,,,,,,,,,,,,,lb,,
sts-1-low-pressure-panels,,,,,,,,,18x36x1,,,,,,,,3LP1836,0.0,,-1,deny,manual,true,true,,,,,,,,,,,,,lb,,
sts-1-low-pressure-panels,,,,,,,,,18x38x1,,,,,,,,3LP1838,0.0,,0,deny,manual,true,true,,,,,,,,,,,,,lb,,
sts-1-low-pressure-panels,,,,,,,,,19-1/2x19-1/2x1,,,,,,,,3LP191/2191/2X,0.0,,-4,deny,manual,true,true,,,,,,,,,,,,,lb,,
sts-1-low-pressure-panels,,,,,,,,,19-1/2x20x1,,,,,,,,3LP191/220X,0.0,,-2,deny,manual,true,true,,,,,,,,,,,,,lb,,
sts-1-low-pressure-panels,,,,,,,,,19-1/2x21x1,,,,,,,,3LP191/221X,0.0,,-1,deny,manual,true,true,,,,,,,,,,,,,lb,,
sts-1-low-pressure-panels,,,,,,,,,19-1/2x24-1/2x1,,,,,,,,3LP191/2241/2X,0.0,,0,deny,manual,true,true,,,,,,,,,,,,,lb,,
sts-1-low-pressure-panels,,,,,,,,,19-3/4x21-1/2x1,,,,,,,,3LP193/4211/2X,0.0,,-1,deny,manual,true,true,,,,,,,,,,,,,lb,,
sts-1-low-pressure-panels,,,,,,,,,19-3/8x19-3/8x1,,,,,,,,3LP193/8193/8X,0.0,,-28,deny,manual,true,true,,,,,,,,,,,,,lb,,
sts-1-low-pressure-panels,,,,,,,,,19-3/8x23-3/8x1,,,,,,,,3LP193/8233/8X,0.0,,-22,deny,manual,true,true,,,,,,,,,,,,,lb,,
sts-1-low-pressure-panels,,,,,,,,,19-3/8x29-3/8x1,,,,,,,,3LP193/8293/8X,0.0,,-1,deny,manual,true,true,,,,,,,,,,,,,lb,,
sts-1-low-pressure-panels,,,,,,,,,19-7/8x21-1/2x1,,,,,,,,3LP197/8211/2X,0.0,,-23,deny,manual,true,true,,,,,,,,,,,,,lb,,
sts-1-low-pressure-panels,,,,,,,,,19x21x1,,,,,,,,3LP1921,0.0,,0,deny,manual,true,true,,,,,,,,,,,,,lb,,
sts-1-low-pressure-panels,,,,,,,,,20x20x1,,,,,,,,3LP2020,0.0,,-307,deny,manual,true,true,,,,,,,,,,,,,lb,,
sts-1-low-pressure-panels,,,,,,,,,20x21-5/8x1,,,,,,,,3LP20215/8X,0.0,,-2,deny,manual,true,true,,,,,,,,,,,,,lb,,
sts-1-low-pressure-panels,,,,,,,,,20x21x1,,,,,,,,3LP2021,0.0,,-4,deny,manual,true,true,,,,,,,,,,,,,lb,,
sts-1-low-pressure-panels,,,,,,,,,20x22-3/4x1,,,,,,,,3LP20223/4X,0.0,,0,deny,manual,true,true,,,,,,,,,,,,,lb,,
sts-1-low-pressure-panels,,,,,,,,,20x22x1,,,,,,,,3LP2022,0.0,,-3,deny,manual,true,true,,,,,,,,,,,,,lb,,
sts-1-low-pressure-panels,,,,,,,,,20x23x1,,,,,,,,3LP2023,0.0,,-5,deny,manual,true,true,,,,,,,,,,,,,lb,,
sts-1-low-pressure-panels,,,,,,,,,20x24x1,,,,,,,,3LP2024,0.0,,-193,deny,manual,true,true,,,,,,,,,,,,,lb,,
sts-1-low-pressure-panels,,,,,,,,,20x25x1,,,,,,,,3LP2025,0.0,,-200,deny,manual,true,true,,,,,,,,,,,,,lb,,
sts-1-low-pressure-panels,,,,,,,,,20x30x1,,,,,,,,3LP2030,0.0,,-13,deny,manual,true,true,,,,,,,,,,,,,lb,,
sts-1-low-pressure-panels,,,,,,,,,20x32x1,,,,,,,,3LP2032,0.0,,-1,deny,manual,true,true,,,,,,,,,,,,,lb,,
sts-1-low-pressure-panels,,,,,,,,,20x36x1,,,,,,,,3LP2036,0.0,,-1,deny,manual,true,true,,,,,,,,,,,,,lb,,
sts-1-low-pressure-panels,,,,,,,,,20x37x1,,,,,,,,3LP2037,0.0,,0,deny,manual,true,true,,,,,,,,,,,,,lb,,
sts-1-low-pressure-panels,,,,,,,,,20x40x1,,,,,,,,3LP2040,0.0,,-4,deny,manual,true,true,,,,,,,,,,,,,lb,,
sts-1-low-pressure-panels,,,,,,,,,20x50x1,,,,,,,,3LP2050,0.0,,0,deny,manual,true,true,,,,,,,,,,,,,lb,,
sts-1-low-pressure-panels,,,,,,,,,21-1/2x23-1/4x1,,,,,,,,3LP211/2231/4X,0.0,,-3,deny,manual,true,true,,,,,,,,,,,,,lb,,
sts-1-low-pressure-panels,,,,,,,,,21-1/2x25-1/2x1,,,,,,,,3LP211/2251/2X,0.0,,0,deny,manual,true,true,,,,,,,,,,,,,lb,,
sts-1-low-pressure-panels,,,,,,,,,21x25x1,,,,,,,,3LP2125,0.0,,0,deny,manual,true,true,,,,,,,,,,,,,lb,,
sts-1-low-pressure-panels,,,,,,,,,22x22x1,,,,,,,,3LP2222,0.0,,0,deny,manual,true,true,,,,,,,,,,,,,lb,,
sts-1-low-pressure-panels,,,,,,,,,22x25x1,,,,,,,,3LP2225,0.0,,0,deny,manual,true,true,,,,,,,,,,,,,lb,,
sts-1-low-pressure-panels,,,,,,,,,23-3/8x23-3/8x1,,,,,,,,3LP233/8233/8X,0.0,,-1,deny,manual,true,true,,,,,,,,,,,,,lb,,
sts-1-low-pressure-panels,,,,,,,,,23x20x1,,,,,,,,3LP2320,0.0,,-6,deny,manual,true,true,,,,,,,,,,,,,lb,,
sts-1-low-pressure-panels,,,,,,,,,24x24x1,,,,,,,,3LP2424,0.0,,-15,deny,manual,true,true,,,,,,,,,,,,,lb,,
sts-1-low-pressure-panels,,,,,,,,,24x25x1,,,,,,,,3LP2425,0.0,,-1,deny,manual,true,true,,,,,,,,,,,,,lb,,
sts-1-low-pressure-panels,,,,,,,,,24x26x1,,,,,,,,3LP2426,0.0,,0,deny,manual,true,true,,,,,,,,,,,,,lb,,
sts-1-low-pressure-panels,,,,,,,,,24x28x1,,,,,,,,3LP2428,0.0,,0,deny,manual,true,true,,,,,,,,,,,,,lb,,
sts-1-low-pressure-panels,,,,,,,,,24x30x1,,,,,,,,3LP2430,0.0,,-3,deny,manual,true,true,,,,,,,,,,,,,lb,,
sts-1-low-pressure-panels,,,,,,,,,24x36x1,,,,,,,,3LP2436,0.0,,0,deny,manual,true,true,,,,,,,,,,,,,lb,,
sts-1-low-pressure-panels,,,,,,,,,25x25x1,,,,,,,,3LP2525,0.0,,-4,deny,manual,true,true,,,,,,,,,,,,,lb,,
sts-1-low-pressure-panels,,,,,,,,,25x32x1,,,,,,,,3LP2532,0.0,,0,deny,manual,true,true,,,,,,,,,,,,,lb,,
sts-1-low-pressure-panels,,,,,,,,,28x30x1,,,,,,,,3LP2830,0.0,,0,deny,manual,true,true,,,,,,,,,,,,,lb,,
sts-1-low-pressure-panels,,,,,,,,,30x30x1,,,,,,,,3LP3030,0.0,,0,deny,manual,true,true,,,,,,,,,,,,,lb,,
sts-1-low-pressure-panels,,,,,,,,,30x32x1,,,,,,,,3LP3032,0.0,,0,deny,manual,true,true,,,,,,,,,,,,,lb,,
sts-1-low-pressure-panels,,,,,,,,,30x36x1,,,,,,,,3LP3036,0.0,,0,deny,manual,true,true,,,,,,,,,,,,,lb,,
stratos-air-clean-air-sticker,Clean Air Provided by StratosAire Sticker (20 Pack),"<p>Clean Air Provided by Sticker</p>
<p>Brand Sticker, 20-pack</p>",Dynamic AQS,Uncategorized,Marketing and Training,STS,true,Title,Default Title,,,,,,,,B-STS607,0.0,,-5,deny,manual,true,true,,,,,,https://cdn.shopify.com/s/files/1/0294/4116/3400/products/CleanAirStratosAireHR.jpg?v=1611858926,1,,false,,,,lb,,active
solace-air-clean-air-sticker,Clean Air Provided by SolaceAir Sticker (20 Pack),"<p>Clean Air Provided by Sticker</p>
<p>Brand Sticker, 20-pack</p>",Dynamic AQS,Uncategorized,Marketing and Training,"BIO, SLA",true,Title,Default Title,,,,,,,,B-SLA607,0.0,,-47,deny,manual,true,true,,,,,,https://cdn.shopify.com/s/files/1/0294/4116/3400/products/CleanAirSolaceAirHR.jpg?v=1611858903,1,,false,,,,lb,,active
pure-air-x-clean-air-sticker,Clean Air Provided by Pure Air X Sticker (20 Pack),"<p>Clean Air Provided by Sticker</p>
<p>Brand Sticker, 20-pack</p>",Dynamic AQS,Uncategorized,Marketing and Training,SNA,true,Title,Default Title,,,,,,,,B-SRT607,0.0,,-4,deny,manual,true,true,,,,,,https://cdn.shopify.com/s/files/1/0294/4116/3400/products/CleanAirPureAirXHR.jpg?v=1611858879,1,,false,,,,lb,,active
pristine-air-clean-air-sticker,Clean Air Provided by Pristine Air Sticker (20 Pack),"<p>Clean Air Provided by Sticker</p>
<p>Brand Sticker, 20-pack</p>",Dynamic AQS,Uncategorized,Marketing and Training,NEX,true,Title,Default Title,,,,,,,,B-NEX607,0.0,,-3,deny,manual,true,true,,,,,,https://cdn.shopify.com/s/files/1/0294/4116/3400/products/CleanAirPristineHR.jpg?v=1611858856,1,,false,,,,lb,,active
eco-healthy-home-clean-air-sticker,Clean Air Provided by Eco Healthy Home Sticker (20 Pack),"<p>Clean Air Provided by Sticker</p>
<p>Brand Sticker, 20-pack</p>",Dynamic AQS,Uncategorized,Marketing and Training,ECO,true,Title,Default Title,,,,,,,,B-ECO607,0.0,,0,deny,manual,true,true,,,,,,https://cdn.shopify.com/s/files/1/0294/4116/3400/products/CleanAirECOHHHR.jpg?v=1611858831,1,,false,,,,lb,,active
clean-air_defense-system-clean-air-sticker,Clean Air Provided by Clean Air Defense System Sticker (20 Pack),"<p>Clean Air Provided by Sticker</p>
<p>Brand Sticker, 20-pack</p>",Dynamic AQS,Uncategorized,Marketing and Training,CAD,true,Title,Default Title,,,,,,,,B-CAD607,0.0,,-9,deny,manual,true,true,,,,,,https://cdn.shopify.com/s/files/1/0294/4116/3400/products/CleanAirCADSHR.jpg?v=1611858807,1,,false,,,,lb,,active
ars-clean-air-sticker,Clean Air Provided by ARS Sticker (20 Pack),"<p>Clean Air Provided by Sticker</p>
<p>Brand Sticker, 20-pack</p>",Dynamic AQS,Uncategorized,Marketing and Training,ARS,true,Title,Default Title,,,,,,,,B-ARS607,0.0,,0,deny,manual,true,true,,,,,,https://cdn.shopify.com/s/files/1/0294/4116/3400/products/CleanAirARSHR.jpg?v=1611858781,1,,false,,,,lb,,active
aireserv-clean-air-sticker,Clean Air Provided by AireServ Sticker (20 Pack),"<p>Clean Air Provided by Sticker</p>
<p>Brand Sticker, 20-pack</p>",Dynamic AQS,Uncategorized,Marketing and Training,ASV,true,Title,Default Title,,,,,,,,B-ASV607,0.0,,-32,deny,manual,true,true,,,,,,https://cdn.shopify.com/s/files/1/0294/4116/3400/products/CleanAirAireServHR.jpg?v=1611858744,1,,false,,,,lb,,active
uv-wire-pack,Extra Wire Pack and Instructions,<p>Wire pack and instructions.</p>,Dynamic AQS,Uncategorized,1 Inch Air Cleaners,"ARS, ASV, BIO, CAD, ECO, NEX, SLA, SNA",true,Title,Default Title,,,,,,,,GENLPHDKIT,1361.003906185,,-2000,deny,manual,true,true,,,,,,https://cdn.shopify.com/s/files/1/0294/4116/3400/products/WirePack.png?v=1610456261,1,,false,,,,lb,,active
uv-inline-fuse,R3-64 Inline 5A Fuse,"<p>Connection wire with inline 5 amp fuse (FL)</p>
<p>For use in some markets to meet code</p>",Dynamic AQS,Uncategorized,UV Accessories,"ARS, ASV, BIO, CAD, ECO, ENV, NEX, SLA, SNA",true,Title,Default Title,,,,,,,,UV-FUSE R3-64,1361.003906185,,-11269,deny,manual,true,true,,,,,,https://cdn.shopify.com/s/files/1/0294/4116/3400/products/cordwithfuse.png?v=1610456233,1,,false,,,,lb,,active
uv-current-sensing-relay,UV-FCS003 Current Sensing Relay,"<p>Current sensing relay.</p>
<p>Turns the UV unit on and off with the system’s fan</p>",Dynamic AQS,Uncategorized,UV Accessories,"ARS, ASV, BIO, CAD, ECO, ENV, NEX, SLA, SNA",true,Title,Default Title,,,,,,,,UV-FCS003,1361.003906185,,-6814,deny,manual,true,true,,,,,,https://cdn.shopify.com/s/files/1/0294/4116/3400/products/CurrentSensingRelay.png?v=1610456213,1,,false,,,,lb,,active
hepa-collar-mount-kit,"HP-CMK500, 8” Collar Kit for Remote Mounting Applications","<p>HEPA 8 inch collar kit</p>
",Dynamic AQS,Uncategorized,HEPA,"ARS, ASV, BIO, CAD, ECO, ENV, NEX, SLA, SNA",true,Title,Default Title,,,,,,,,HP-CMK500,1361.003906185,,-475,deny,manual,true,true,,,,,,https://cdn.shopify.com/s/files/1/0294/4116/3400/products/HEPACollarmountkit.png?v=1610456196,1,,false,,,,lb,,active
mktg-low-pressure-demo-with-briefcase,Demo Unit with Briefcase,<p>Low Pressure 1 inch Demo Unit with briefcase.</p>,Dynamic AQS,,Marketing and Training,"ARS, ASV, BIO, CAD, ECO, ENV, NEX, SLA, SNA",true,Title,Default Title,,,,,,,,1LPD1410WITHCASE,0.0,,-286,deny,manual,true,true,,,,,,https://cdn.shopify.com/s/files/1/0294/4116/3400/products/LPDemoUnitwithcase.png?v=1610454807,1,,false,,,,lb,,active
mktg-low-pressure-demo,Demo Unit,"<p>Low Pressure 1"" Demo Unit</p>",Dynamic AQS,Uncategorized,Marketing and Training,"ARS, ASV, BIO, CAD, ECO, ENV, NEX, SLA, SNA",true,Title,Default Title,,,,,,,,1LPDEMO1410,0.0,,-207,deny,manual,true,true,,,,,,https://cdn.shopify.com/s/files/1/0294/4116/3400/products/LPD_Panels.png?v=1610454778,1,,false,,,,lb,,active
mktg-display,UV Demo Display,"<p>UV Demo Display with Non-UV Lamps</p>
<p>Remote Mount 2 - 12/5:</p>
<ul>
<li>a 12 inch demo sanitizing bulb</li>
<li>a 5 inch demo oxidizing bulb</li>
</ul>",Dynamic AQS,Uncategorized,Marketing and Training,"ARS, ASV, BIO, CAD, ECO, NEX, SLA, SNA",true,Title,Default Title,,,,,,,,UV-LPC36NONUV,0.0,,-34,deny,manual,true,true,,,,,,https://cdn.shopify.com/s/files/1/0294/4116/3400/products/MetalDisplay.png?v=1610454739,1,,false,,,,lb,,active
mktg-video-book,Video Book,<p>IAQ Video Book</p>,Dynamic AQS,Uncategorized,Marketing and Training,"ARS, ASV, BIO, CAD, ECO, NEX, SLA, SNA",true,Title,Default Title,,,,,,,,B-VB2020,0.0,,-605,deny,manual,true,true,,,,,,https://cdn.shopify.com/s/files/1/0294/4116/3400/products/Video-Book.png?v=1610408219,1,,false,,,,lb,,active
stratos-air-rm-2-uvc-uvc-germicidal-system-remote-mount,StratosAire BioForce Defender® RM2-16/16 (2 - 16” UVC lamps) or RM2-12/12 (2 - 12” UVC lamps) Dual UVC Germicidal System,"<p>Remote Mount, High output, 2 bulb, UVC Germicidal System.</p>
<p style=""text-decoration: underline;"">Notes</p>
<ul>
<li>For more information, see our <a href=""/pages/ultraviolet-frequently-asked-questions"">Ultraviolet Frequently Asked Questions</a> page.</li>
</ul>
",Dynamic AQS,Uncategorized,Remote Mount UV,STS,true,Size,"12""",,,,,,,,RM2-12/12,4082.013815341,,-539,deny,manual,true,true,,,,,,https://cdn.shopify.com/s/files/1/0294/4116/3400/files/StratosRM2-16-16Blue.png?v=1750082050,1,,false,,,,lb,,active
stratos-air-rm-2-uvc-uvc-germicidal-system-remote-mount,,,,,,,,,"16""",,,,,,,,RM2-16/16,4082.013815341,,-55,deny,manual,true,true,,,,,,,,,,,,,lb,,
stratos-air-rm-1-oxidation-system,"StratosAire BioForce Defender® RM1-5WB, One 5” UVV Oxidation Lamp Unit","<p><span>120/240 volt remote 5"" UVV oxidation unit with ballast (RM1-5WB).</span></p>
<p style=""text-decoration: underline;"">Notes</p>
<ul>
<li>For more information, see our <a href=""/pages/ultraviolet-frequently-asked-questions"">Ultraviolet Frequently Asked Questions</a> page.</li>
</ul>
",Dynamic AQS,Uncategorized,Remote Mount UV,STS,true,Title,Default Title,,,,,,,,RM1-5WB,3175.010512289,,-36,deny,manual,true,true,,,,,,https://cdn.shopify.com/s/files/1/0294/4116/3400/files/StratosRM1-5WBBlue.png?v=1750082092,1,,false,,,,lb,,active
stratos-air-fm-1-oxidation-system,"StratosAire BioForce Defender® FM1-5, One 5” UVV Oxidation Unit","<p>120/240 volt fixed mount 5"" oxidation unit (FM1-5)</p>
<p style=""text-decoration: underline;"">Notes</p>
<ul>
<li>For more information, see our <a href=""/pages/ultraviolet-frequently-asked-questions"">Ultraviolet Frequently Asked Questions</a> page.</li>
</ul>
",Dynamic AQS,Uncategorized,Fixed Mount UV,STS,true,Title,Default Title,,,,,,,,FM1-5,3175.010512289,,-41,deny,manual,true,true,,,,,,https://cdn.shopify.com/s/files/1/0294/4116/3400/files/Stratosaire_FM1-5.png?v=1750081664,1,,false,,,,lb,,active
stratos-air-300cfm-bypass-hepa-system,"StratosAire HP-300, 300 CFM Bypass HEPA System","<p>300 CFM Bypass HEPA System with 1.5 inch pre-filter and 2 inch HEPA.</p>
<p>Options ordered separately</p>
<ul>
<li><a href=""/collections/hepa/products/hepa-collar-mount-kit"">8"" Collars for remote mount</a></li>
<li><a href=""https://www.dynamiconlineorders.com/collections/hepa/products/activated-carbon-edge-panel"">Activated Carbon insert</a></li>
</ul>
<p><span>Notes</span></p>
<ul>
<li>For more information, v<span data-mce-fragment=""1"">iew/download the </span><a href=""https://cdn.shopify.com/s/files/1/0294/4116/3400/files/STS-472_Bypass_HEPA_Spec_Sheet.pdf?v=1679586504"">Spec Sheet</a><a href=""https://cdn.shopify.com/s/files/1/0294/4116/3400/files/ASV-801_FM_Models_Spec_Sheet_0321.pdf?v=1617747960"" aria-describedby=""a11y-external-message"" data-mce-fragment=""1"" data-mce-href=""https://cdn.shopify.com/s/files/1/0294/4116/3400/files/ASV-801_FM_Models_Spec_Sheet_0321.pdf?v=1617747960"">.</a>
</li>
</ul>",Dynamic AQS,Uncategorized,HEPA,STS,true,Title,Default Title,,,,,,,,HP-300,9071.983477711,,-34,deny,manual,true,true,,,,,,https://cdn.shopify.com/s/files/1/0294/4116/3400/products/STS_HEPA.png?v=1610392676,1,,false,,,,lb,,active
pure-air-x-rm-2-uvc-uvc-germicidal-system-remote-mount,Pure Air X BioForce Defender® Remote Mount - RM2 Dual UVC Germicidal Unit,"<p>- Remote Mount UVC H-lamp unit with 12"" and 16"" sizes available<br>- Three year warranty against lamp defects<br>- Lifetime warranty on all electric components<br>- Auto sensing ballast automatically compensates 120-277VAC 50/60Hz<br>- Suitable for up to a 10 ton AHU</p>
<p><span>Notes</span></p>
<ul>
<li>For more information, see our <span></span><a href=""https://cdn.shopify.com/s/files/1/0294/4116/3400/files/SNA_UVC_UVV_Frequently_Asked_Questions_Sheet.pdf?v=1617817352"">UV Frequently Asked Questions</a><span></span> page <span data-mce-fragment=""1"">or view/download the </span><span data-mce-fragment=""1""></span><a data-mce-fragment=""1"" href=""https://cdn.shopify.com/s/files/1/0294/4116/3400/files/ARS-802_RM_Models_Spec_Sheet_0321.pdf?v=1617810279"" aria-describedby=""a11y-external-message"">Spec Sheet</a><a data-mce-fragment=""1"" href=""https://cdn.shopify.com/s/files/1/0294/4116/3400/files/ASV-801_FM_Models_Spec_Sheet_0321.pdf?v=1617747960"" aria-describedby=""a11y-external-message"">.</a>
</li>
</ul>
<ul></ul>",Dynamic AQS,Uncategorized,Remote Mount UV,SNA,true,Size,"12""",,,,,,,,RM2-12/12,4082.013815341,,-43,deny,manual,true,true,,,,,,https://cdn.shopify.com/s/files/1/0294/4116/3400/files/SNARM2-16-16.jpg?v=1709243070,1,,false,,,,lb,,active
pure-air-x-rm-2-uvc-uvc-germicidal-system-remote-mount,,,,,,,,,"16""",,,,,,,,RM2-16/16,4082.013815341,,-66,deny,manual,true,true,,,,,,,,,,,,,lb,,
pure-air-x-rm-1-oxidation-system,Pure Air X BioForce Defender® Remote Mount - RM1-5WB UVV Oxidation Lamp Unit,"<p><span>- Remote Mount UVV 5"" oxidation unit with ballast (RM1-5WB).</span><br><span>- Three year warranty against lamp defects</span><br><span>- Lifetime warranty on all electric components</span><br><span>- Auto sensing ballast automatically compensates 120-277VAC 50/60Hz</span><br><span>- Suitable for up to a 10 ton AHU</span></p>
<p>Notes</p>
<ul>
<li>For more information, see our <span><a href=""https://cdn.shopify.com/s/files/1/0294/4116/3400/files/ASV_UVC_UVV_Frequently_Asked_Questions_Sheet.pdf?v=1617748399"">UV </a></span><a href=""https://cdn.shopify.com/s/files/1/0294/4116/3400/files/SNA_UVC_UVV_Frequently_Asked_Questions_Sheet.pdf?v=1617817352"">Frequently Asked Questions</a><span></span> page <span data-mce-fragment=""1"">or view/download the </span><span data-mce-fragment=""1""></span><a data-mce-fragment=""1"" href=""https://cdn.shopify.com/s/files/1/0294/4116/3400/files/ARS-802_RM_Models_Spec_Sheet_0321.pdf?v=1617810279"" aria-describedby=""a11y-external-message"">Spec Sheet</a><a data-mce-fragment=""1"" href=""https://cdn.shopify.com/s/files/1/0294/4116/3400/files/ASV-801_FM_Models_Spec_Sheet_0321.pdf?v=1617747960"" aria-describedby=""a11y-external-message"">.</a>
</li>
</ul>
<ul></ul>",Dynamic AQS,Uncategorized,Remote Mount UV,SNA,true,Title,Default Title,,,,,,,,RM1-5WB,3175.010512289,,-36,deny,manual,true,true,,,,,,https://cdn.shopify.com/s/files/1/0294/4116/3400/files/SNARM1-5.jpg?v=1709243055,1,,false,,,,lb,,active
pure-air-x-fm-1-oxidation-system,"Pure Air X BioForce Defender® FM1-5, One 5” UVV Oxidation Unit","<p>120/240 volt fixed mount 5"" oxidation unit (FM1-5)</p>
<p style=""text-decoration: underline;"">Notes</p>
<ul>
<li>For more information, see our <a href=""/pages/ultraviolet-frequently-asked-questions"">Ultraviolet Frequently Asked Questions</a> page.</li>
</ul>
",Dynamic AQS,Uncategorized,Fixed Mount UV,SNA,true,Title,Default Title,,,,,,,,FM1-5,3175.010512289,,-7,deny,manual,true,true,,,,,,https://cdn.shopify.com/s/files/1/0294/4116/3400/files/SNAFM1-5_cf840d0b-8331-4fde-8d6f-fba72e6b6529.jpg?v=1709310773,1,,false,,,,lb,,active
pure-air-x-300cfm-bypass-hepa-system,Pure Air X 300 CFM Bypass HEPA System,"<p>300 CFM Bypass HEPA System with 1.5 inch pre-filter and 2 inch HEPA.</p>
<p>HP-300</p>
<p>Options ordered separately</p>
<ul>
<li><a href=""/collections/hepa/products/hepa-collar-mount-kit"">8"" Collars for remote mount</a></li>
<li><a href=""https://www.dynamiconlineorders.com/collections/hepa/products/activated-carbon-edge-panel"">Activated Carbon Insert</a></li>
</ul>
<p><span>Notes</span></p>
<ul>
<li>For more information, v<span data-mce-fragment=""1"">iew/download the </span><span data-mce-fragment=""1""></span><a aria-describedby=""a11y-external-message"" href=""https://cdn.shopify.com/s/files/1/0294/4116/3400/files/ARS-802_RM_Models_Spec_Sheet_0321.pdf?v=1617810279"" data-mce-fragment=""1"" data-mce-href=""https://cdn.shopify.com/s/files/1/0294/4116/3400/files/ARS-802_RM_Models_Spec_Sheet_0321.pdf?v=1617810279"">Spec Sheet</a><a aria-describedby=""a11y-external-message"" href=""https://cdn.shopify.com/s/files/1/0294/4116/3400/files/ASV-801_FM_Models_Spec_Sheet_0321.pdf?v=1617747960"" data-mce-fragment=""1"" data-mce-href=""https://cdn.shopify.com/s/files/1/0294/4116/3400/files/ASV-801_FM_Models_Spec_Sheet_0321.pdf?v=1617747960"">.</a>
</li>
</ul>",Dynamic AQS,Uncategorized,HEPA,SNA,true,Title,Default Title,,,,,,,,HP-300,9071.983477711,,-44,deny,manual,true,true,,,,,,https://cdn.shopify.com/s/files/1/0294/4116/3400/products/PUR_HEPA.png?v=1610392247,1,,false,,,,lb,,active
pristine-air-rm-3-uvc-uvc-uvv-dual-germicidal-oxidation-system,Pristine Air BioForce Defender® Remote Mount - RM3 UVC/UVV Triple Germicidal/Oxidation System,"<p>- Remote Mount UVC H-lamp unit with 12"" and 16"" sizes available<br>- Three year warranty against lamp defects<br>- Lifetime warranty on all electric components<br>- Auto sensing ballast automatically compensates 120-277VAC 50/60Hz<br>- Suitable for up to a 10 ton AHU<br></p>
<p><span>Notes</span></p>
<ul>
<li>For more information, see our <span></span><a href=""https://cdn.shopify.com/s/files/1/0294/4116/3400/files/NEX_UVC_UVV_Frequently_Asked_Questions_Sheet.pdf?v=1617817352"">UV Frequently Asked Questions</a><span></span> page <span data-mce-fragment=""1"">or view/download the </span><span data-mce-fragment=""1""></span><a aria-describedby=""a11y-external-message"" href=""https://cdn.shopify.com/s/files/1/0294/4116/3400/files/ARS-802_RM_Models_Spec_Sheet_0321.pdf?v=1617810279"" data-mce-fragment=""1"">Spec Sheet</a>.</li>
</ul>
<ul></ul>",Dynamic AQS,Uncategorized,Remote Mount UV,NEX,true,Size,"12""",,,,,,,,RM3-12/12/5,4082.013815341,,-1187,deny,manual,true,true,,,,,,https://cdn.shopify.com/s/files/1/0294/4116/3400/files/NEXRM3-16-16-5.jpg?v=1709242693,1,,false,,,,lb,,active
pristine-air-rm-3-uvc-uvc-uvv-dual-germicidal-oxidation-system,,,,,,,,,"16""",,,,,,,,RM3-16/16/5,4082.013815341,,-67,deny,manual,true,true,,,,,,,,,,,,,lb,,
pristine-air-rm-2-uvc-uvc-germicidal-system-remote-mount,Pristine Air BioForce Defender® Remote Mount - RM2 Dual UVC Germicidal Unit,"<p>- Remote Mount UVC H-lamp unit with 12"" and 16"" sizes available<br>- Three year warranty against lamp defects<br>- Lifetime warranty on all electric components<br>- Auto sensing ballast automatically compensates 120-277VAC 50/60Hz<br>- Suitable for up to a 10 ton AHU</p>
<p><span>Notes</span></p>
<ul>
<li>For more information, see our <span></span><a href=""https://cdn.shopify.com/s/files/1/0294/4116/3400/files/NEX_UVC_UVV_Frequently_Asked_Questions_Sheet.pdf?v=1617817352"">UV Frequently Asked Questions</a><span></span> page <span data-mce-fragment=""1"">or view/download the </span><span data-mce-fragment=""1""></span><a aria-describedby=""a11y-external-message"" href=""https://cdn.shopify.com/s/files/1/0294/4116/3400/files/ARS-802_RM_Models_Spec_Sheet_0321.pdf?v=1617810279"" data-mce-fragment=""1"">Spec Sheet</a><a aria-describedby=""a11y-external-message"" href=""https://cdn.shopify.com/s/files/1/0294/4116/3400/files/ASV-801_FM_Models_Spec_Sheet_0321.pdf?v=1617747960"" data-mce-fragment=""1"">.</a>
</li>
</ul>
<ul></ul>",Dynamic AQS,Uncategorized,Remote Mount UV,NEX,true,Size,"12""",,,,,,,,RM2-12/12,4082.013815341,,-1912,deny,manual,true,true,,,,,,https://cdn.shopify.com/s/files/1/0294/4116/3400/files/NEXRM2-16-16.jpg?v=1709242661,1,,false,,,,lb,,active
pristine-air-rm-2-uvc-uvc-germicidal-system-remote-mount,,,,,,,,,"16""",,,,,,,,RM2-16/16,4082.013815341,,-67,deny,manual,true,true,,,,,,,,,,,,,lb,,
pristine-air-rm-2-dual-uvc-uvv-germicidal-oxidation-system-remote-mount,Pristine Air BioForce Defender® Remote Mount - RM2 Dual UVC/UVV Germicidal,"<p>- Remote Mount UVC H-lamp unit with 12"" and 16"" sizes available<br>- Three year warranty against lamp defects<br>- Lifetime warranty on all electric components<br>- Auto sensing ballast automatically compensates 120-277VAC 50/60Hz<br>- Suitable for up to a 10 ton AHU<br></p>
<p>Notes</p>
<ul>
<li>For more information, see our <span><a href=""https://cdn.shopify.com/s/files/1/0294/4116/3400/files/ASV_UVC_UVV_Frequently_Asked_Questions_Sheet.pdf?v=1617748399"">UV </a></span><a href=""https://cdn.shopify.com/s/files/1/0294/4116/3400/files/NEX_UVC_UVV_Frequently_Asked_Questions_Sheet.pdf?v=1617817352"">Frequently Asked Questions</a><span></span> page <span data-mce-fragment=""1"">or view/download the </span><span data-mce-fragment=""1""></span><a data-mce-fragment=""1"" href=""https://cdn.shopify.com/s/files/1/0294/4116/3400/files/ARS-802_RM_Models_Spec_Sheet_0321.pdf?v=1617810279"" aria-describedby=""a11y-external-message"">Spec Sheet</a><a data-mce-fragment=""1"" href=""https://cdn.shopify.com/s/files/1/0294/4116/3400/files/ASV-801_FM_Models_Spec_Sheet_0321.pdf?v=1617747960"" aria-describedby=""a11y-external-message"">.</a>
</li>
</ul>
<ul></ul>",Dynamic AQS,Uncategorized,Remote Mount UV,NEX,true,Size,"12""",,,,,,,,RM2-12/5,4082.013815341,,-2992,deny,manual,true,true,,,,,,https://cdn.shopify.com/s/files/1/0294/4116/3400/files/NEXRM2-16-5.jpg?v=1709242678,1,,false,,,,lb,,active
pristine-air-rm-2-dual-uvc-uvv-germicidal-oxidation-system-remote-mount,,,,,,,,,"16""",,,,,,,,RM2-16/5,4082.013815341,,-1656,deny,manual,true,true,,,,,,,,,,,,,lb,,
pristine-air-rm-1-oxidation-system,"Pristine Air BioForce Defender® RM1-5WB, One 5” UVV Oxidation Lamp Unit","<p><span>- Remote Mount UVV 5"" oxidation unit with ballast (RM1-5WB).</span><br><span>- Three year warranty against lamp defects</span><br><span>- Lifetime warranty on all electric components</span><br><span>- Auto sensing ballast automatically compensates 120-277VAC 50/60Hz</span><br><span>- Suitable for up to a 10 ton AHU</span></p>
<p>Notes</p>
<ul>
<li>For more information, see our <span><a href=""https://cdn.shopify.com/s/files/1/0294/4116/3400/files/ASV_UVC_UVV_Frequently_Asked_Questions_Sheet.pdf?v=1617748399"">UV </a></span><a href=""https://cdn.shopify.com/s/files/1/0294/4116/3400/files/NEX_UVC_UVV_Frequently_Asked_Questions_Sheet.pdf?v=1617817352"">Frequently Asked Questions</a><span></span> page <span data-mce-fragment=""1"">or view/download the </span><span data-mce-fragment=""1""></span><a data-mce-fragment=""1"" href=""https://cdn.shopify.com/s/files/1/0294/4116/3400/files/ARS-802_RM_Models_Spec_Sheet_0321.pdf?v=1617810279"" aria-describedby=""a11y-external-message"">Spec Sheet</a><a data-mce-fragment=""1"" href=""https://cdn.shopify.com/s/files/1/0294/4116/3400/files/ASV-801_FM_Models_Spec_Sheet_0321.pdf?v=1617747960"" aria-describedby=""a11y-external-message"">.</a>
</li>
</ul>
<ul></ul>",Dynamic AQS,Uncategorized,Remote Mount UV,NEX,true,Title,Default Title,,,,,,,,RM1-5WB,3175.010512289,,-367,deny,manual,true,true,,,,,,https://cdn.shopify.com/s/files/1/0294/4116/3400/files/NEXRM1-5WB.jpg?v=1709242707,1,,false,,,,lb,,active
pristine-air-rm-1-germicidal-uv-system-remote-mount,Pristine Air BioForce Defender® Remote Mount - RM1 UVC Germicidal System,"<p>- Remote Mount UVC H-lamp unit with 12"" and 16"" sizes available<br>- Three year warranty against lamp defects<br>- Lifetime warranty on all electric components<br>- Auto sensing ballast automatically compensates 120-277VAC 50/60Hz<br>- Suitable for up to a 10 ton AHU<br></p>
<p>Notes</p>
<ul>
<li>For more information, see our <span></span><a href=""https://cdn.shopify.com/s/files/1/0294/4116/3400/files/NEX_UVC_UVV_Frequently_Asked_Questions_Sheet.pdf?v=1617817352"">UV Frequently Asked Questions</a><span></span> page or view/download the <span></span><a href=""https://cdn.shopify.com/s/files/1/0294/4116/3400/files/NEX-802_RM_Models_Spec_Sheet_0321.pdf?v=1617816821"">Spec Sheet</a><a href=""https://cdn.shopify.com/s/files/1/0294/4116/3400/files/ASV-801_FM_Models_Spec_Sheet_0321.pdf?v=1617747960"">.</a>
</li>
</ul>
<ul></ul>",Dynamic AQS,Uncategorized,Remote Mount UV,NEX,true,Size,"12""",,,,,,,,RM1-12,4082.013815341,,-4451,deny,manual,true,true,,,,,,https://cdn.shopify.com/s/files/1/0294/4116/3400/files/NEXRM1-16.jpg?v=1709242646,1,,false,,,,lb,,active
pristine-air-rm-1-germicidal-uv-system-remote-mount,,,,,,,,,"16""",,,,,,,,RM1-16,4082.013815341,,-902,deny,manual,true,true,,,,,,,,,,,,,lb,,
pristine-air-fm-3-uvc-uvc-uvv-dual-germicidal-oxidation-system,Pristine Air BioForce Defender® FM3-16/16/5 (2 - 16” UVC lamps with a 5” UVV lamp) or FM3-12/12/5 (2 - 12” UVC lamps with a 5” UVV lamp) Triple Germicidal/Oxidation System,"<p>Fixed Mount, 3 lamp System. 2 high output UVC H-lamps and 1 5"" UVV Oxidation lamp.</p>
<p style=""text-decoration: underline;"">Notes</p>
<ul>
<li>For more information, see our <a href=""/pages/ultraviolet-frequently-asked-questions"">Ultraviolet Frequently Asked Questions</a> page.</li>
</ul>
",Dynamic AQS,Uncategorized,Fixed Mount UV,NEX,true,Size,"12""",,,,,,,,FM3-12/12/5,4082.013815341,,-89,deny,manual,true,true,,,,,,https://cdn.shopify.com/s/files/1/0294/4116/3400/files/NEXFM3-16-16-5.jpg?v=1709242631,1,,false,,,,lb,,active
pristine-air-fm-3-uvc-uvc-uvv-dual-germicidal-oxidation-system,,,,,,,,,"16""",,,,,,,,FM3-16/16/5,4082.013815341,,-163,deny,manual,true,true,,,,,,,,,,,,,lb,,
pristine-air-fm-2-uvc-uvv-dual-germicidal-oxidation-system,Pristine Air BioForce Defender® Fixed Mount - FM2 UVC/UVV Dual Germicidal/Oxidation  System,"<p>- Fixed Mount UVC H-lamp unit with 12"" and 16"" sizes available<br>- Three year warranty against lamp defects<br>- Lifetime warranty on all electric components<br>- Auto sensing ballast automatically compensates 120-277VAC 50/60Hz<br>- Suitable for up to a 10 ton AHU<br></p>
<ul>
<li>For more information, see our <a href=""https://cdn.shopify.com/s/files/1/0294/4116/3400/files/NEX_UVC_UVV_Frequently_Asked_Questions_Sheet.pdf?v=1617817352"">UV Frequently Asked Questions</a><span></span> page or view/download the <span></span><a href=""https://cdn.shopify.com/s/files/1/0294/4116/3400/files/NEX-801_FM_Models_Spec_Sheet_0321.pdf?v=1617816821"">Spec Sheet</a><a href=""https://cdn.shopify.com/s/files/1/0294/4116/3400/files/ASV-801_FM_Models_Spec_Sheet_0321.pdf?v=1617747960"">.</a>
</li>
</ul>
<ul></ul>",Dynamic AQS,Uncategorized,Fixed Mount UV,NEX,true,Size,"12""",,,,,,,,FM2-12/5,4082.013815341,,-626,deny,manual,true,true,,,,,,https://cdn.shopify.com/s/files/1/0294/4116/3400/files/NEXFM2-16-5.jpg?v=1709242615,1,,false,,,,lb,,active
pristine-air-fm-2-uvc-uvv-dual-germicidal-oxidation-system,,,,,,,,,"16""",,,,,,,,FM2-16/5,4082.013815341,,-2578,deny,manual,true,true,,,,,,,,,,,,,lb,,
pristine-air-fm-1-oxidation-system,"Pristine Air FM1-5, One 5” UVV BioForce Defender® Oxidation Unit","<p>120/240 volt fixed mount 5"" oxidation unit (FM1-5)</p>
<p style=""text-decoration: underline;"">Notes</p>
<ul>
<li>For more information, see our <a href=""/pages/ultraviolet-frequently-asked-questions"">Ultraviolet Frequently Asked Questions</a> page.</li>
</ul>
",Dynamic AQS,Uncategorized,Fixed Mount UV,NEX,true,Title,Default Title,,,,,,,,FM1-5,3175.010512289,,-67,deny,manual,true,true,,,,,,https://cdn.shopify.com/s/files/1/0294/4116/3400/files/NEXFM1-5.jpg?v=1709311069,1,,false,,,,lb,,active
pristine-air-300cfm-bypass-hepa-system,Pristine Air 300 CFM Bypass HEPA System,"<p>300 CFM Bypass HEPA System with 1.5 inch pre-filter and 2 inch HEPA.</p>
<p>HP-300</p>
<p>Options ordered separately</p>
<ul>
<li><a href=""/collections/hepa/products/hepa-collar-mount-kit"">8"" Collars for remote mount</a></li>
<li><a href=""https://www.dynamiconlineorders.com/collections/hepa/products/activated-carbon-edge-panel"">Activated Carbon Insert</a></li>
</ul>
<p><span>Notes</span></p>
<ul>
<li>For more information, v<span data-mce-fragment=""1"">iew/download the</span><span data-mce-fragment=""1""></span> <a aria-describedby=""a11y-external-message"" href=""https://cdn.shopify.com/s/files/1/0294/4116/3400/files/ARS-802_RM_Models_Spec_Sheet_0321.pdf?v=1617810279"" data-mce-fragment=""1"" data-mce-href=""https://cdn.shopify.com/s/files/1/0294/4116/3400/files/ARS-802_RM_Models_Spec_Sheet_0321.pdf?v=1617810279"">Spec Sheet</a><a aria-describedby=""a11y-external-message"" href=""https://cdn.shopify.com/s/files/1/0294/4116/3400/files/ASV-801_FM_Models_Spec_Sheet_0321.pdf?v=1617747960"" data-mce-fragment=""1"" data-mce-href=""https://cdn.shopify.com/s/files/1/0294/4116/3400/files/ASV-801_FM_Models_Spec_Sheet_0321.pdf?v=1617747960"">.</a>
</li>
</ul>",Dynamic AQS,Uncategorized,HEPA,NEX,true,Title,Default Title,,,,,,,,HP-300,9071.983477711,,-246,deny,manual,true,true,,,,,,https://cdn.shopify.com/s/files/1/0294/4116/3400/products/NEX_HEPA.png?v=1610391784,1,,false,,,,lb,,active
eco-healthy-home-rm-2-uvc-uvc-germicidal-system-remote-mount,Eco Healthy Home BioForce Defender® Remote Mount - RM2 Dual UVC Germicidal Unit,"<p>- Remote Mount UVC H-lamp unit with 12"" and 16"" sizes available<br>- Three year warranty against lamp defects<br>- Lifetime warranty on all electric components<br>- Auto sensing ballast automatically compensates 120-277VAC 50/60Hz<br>- Suitable for up to a 10 ton AHU</p>
<p><span>Notes</span></p>
<ul>
<li>For more information, see our <span></span><a href=""https://cdn.shopify.com/s/files/1/0294/4116/3400/files/ECO_UVC_UVV_Frequently_Asked_Questions_Sheet.pdf?v=1617815714"">UV Frequently Asked Questions</a><span></span> page <span data-mce-fragment=""1"">or view/download the </span><span data-mce-fragment=""1""></span><a href=""https://cdn.shopify.com/s/files/1/0294/4116/3400/files/ARS-802_RM_Models_Spec_Sheet_0321.pdf?v=1617810279"" aria-describedby=""a11y-external-message"" data-mce-fragment=""1"">Spec Sheet</a><a href=""https://cdn.shopify.com/s/files/1/0294/4116/3400/files/ASV-801_FM_Models_Spec_Sheet_0321.pdf?v=1617747960"" aria-describedby=""a11y-external-message"" data-mce-fragment=""1"">.</a>
</li>
</ul>
<ul></ul>",Dynamic AQS,Uncategorized,Remote Mount UV,ECO,true,Size,"12""",,,,,,,,RM2-12/12,4082.013815341,,-10,deny,manual,true,true,,,,,,https://cdn.shopify.com/s/files/1/0294/4116/3400/files/ECORM2-16-16.jpg?v=1709242514,1,,false,,,,lb,,active
eco-healthy-home-rm-2-uvc-uvc-germicidal-system-remote-mount,,,,,,,,,"16""",,,,,,,,RM2-16/16,4082.013815341,,0,deny,manual,true,true,,,,,,,,,,,,,lb,,
eco-healthy-home-rm-1-oxidation-system,"Eco Healthy Home BioForce Defender® RM1-5WB, One 5” UVV Oxidation Lamp Unit","<p><span>120/240 volt remote 5"" UVV oxidation unit with ballast (RM1-5WB).</span></p>
<p style=""text-decoration: underline;"">Notes</p>
<ul>
<li>For more information, see our <a href=""/pages/ultraviolet-frequently-asked-questions"">Ultraviolet Frequently Asked Questions</a> page.</li>
</ul>
",Dynamic AQS,Uncategorized,Remote Mount UV,ECO,true,Title,Default Title,,,,,,,,RM1-5WB,3175.010512289,,-2,deny,manual,true,true,,,,,,https://cdn.shopify.com/s/files/1/0294/4116/3400/files/ECORM1-5.jpg?v=1709242553,1,,false,,,,lb,,active
eco-healthy-home-fm-1-oxidation-system,"Eco Healthy Home BioForce Defender® Fixed Mount - FM1-5"" UVV Oxidation Unit","<p>- Fixed Mount UVV 5"" oxidation unit<br>- Three year warranty against lamp defects<br>- Lifetime warranty on all electric components<br>- Auto sensing ballast automatically compensates 120-277VAC 50/60Hz<br>- Suitable for up to a 10 ton AHU<br></p>
<ul>
<li>For more information, see our <span></span><a href=""https://cdn.shopify.com/s/files/1/0294/4116/3400/files/ECO_UVC_UVV_Frequently_Asked_Questions_Sheet.pdf?v=1617815714"">UV Frequently Asked Questions</a><span></span> page or view/download the <span></span><a href=""https://cdn.shopify.com/s/files/1/0294/4116/3400/files/ARS-801_FM_Models_Spec_Sheet_0321.pdf?v=1617810279"">S</a><a href=""https://cdn.shopify.com/s/files/1/0294/4116/3400/files/ECO-801_FM_Models_Spec_Sheet_0321.pdf?v=1617815481"">pec Sheet</a><a href=""https://cdn.shopify.com/s/files/1/0294/4116/3400/files/ASV-801_FM_Models_Spec_Sheet_0321.pdf?v=1617747960"">.</a>
</li>
</ul>
<ul></ul>",Dynamic AQS,Uncategorized,Fixed Mount UV,ECO,true,Title,Default Title,,,,,,,,FM1-5,3175.010512289,,0,deny,manual,true,true,,,,,,https://cdn.shopify.com/s/files/1/0294/4116/3400/files/ECOFM1-5.jpg?v=1709242455,1,,false,,,,lb,,active
eco-healthy-home-300cfm-bypass-hepa-system,Eco Healthy Home 300 CFM Bypass HEPA System,"<p>300 CFM Bypass HEPA System with 1.5 inch pre-filter and 2 inch HEPA.</p>
<p>HP-300</p>
<p>Options ordered separately</p>
<ul>
<li><a href=""/collections/hepa/products/hepa-collar-mount-kit"">8"" Collars for remote mount</a></li>
<li>
<a href=""https://www.dynamiconlineorders.com/collections/hepa/products/activated-carbon-edge-panel"">Activated Carbon Insert</a><a href=""/collections/hepa/products/hepa-carbon-module""></a>
</li>
</ul>
<p><span>Notes</span></p>
<ul>
<li>For more information, v<span data-mce-fragment=""1"">iew/download the </span><span data-mce-fragment=""1""></span><a aria-describedby=""a11y-external-message"" href=""https://cdn.shopify.com/s/files/1/0294/4116/3400/files/ARS-802_RM_Models_Spec_Sheet_0321.pdf?v=1617810279"" data-mce-fragment=""1"" data-mce-href=""https://cdn.shopify.com/s/files/1/0294/4116/3400/files/ARS-802_RM_Models_Spec_Sheet_0321.pdf?v=1617810279"">Spec Sheet</a><a aria-describedby=""a11y-external-message"" href=""https://cdn.shopify.com/s/files/1/0294/4116/3400/files/ASV-801_FM_Models_Spec_Sheet_0321.pdf?v=1617747960"" data-mce-fragment=""1"" data-mce-href=""https://cdn.shopify.com/s/files/1/0294/4116/3400/files/ASV-801_FM_Models_Spec_Sheet_0321.pdf?v=1617747960"">.</a>
</li>
</ul>",Dynamic AQS,Uncategorized,HEPA,ECO,true,Title,Default Title,,,,,,,,HP-300,9071.983477711,,-11,deny,manual,true,true,,,,,,https://cdn.shopify.com/s/files/1/0294/4116/3400/products/ECO_HEPA300.png?v=1610390818,1,,false,,,,lb,,active
clean-air_defense-system-rm-3-uvc-uvc-uvv-dual-germicidal-oxidation-system,Clean Air Defense System BioForce Defender® Remote Mount - RM3 UVC/UVV Triple Germicidal/Oxidation System,"<p>- Remote Mount UVC H-lamp unit with 12"" and 16"" sizes available<br>- Three year warranty against lamp defects<br>- Lifetime warranty on all electric components<br>- Auto sensing ballast automatically compensates 120-277VAC 50/60Hz<br>- Suitable for up to a 10 ton AHU<br></p>
<p><span>Notes</span></p>
<ul>
<li>For more information, see our <a href=""https://cdn.shopify.com/s/files/1/0294/4116/3400/files/CAD_UVC_UVV_Frequently_Asked_Questions_Sheet.pdf?v=1617814263"">UV Frequently Asked Questions</a><span></span> page <span data-mce-fragment=""1"">or view/download the </span><span data-mce-fragment=""1""></span><a aria-describedby=""a11y-external-message"" href=""https://cdn.shopify.com/s/files/1/0294/4116/3400/files/ARS-802_RM_Models_Spec_Sheet_0321.pdf?v=1617810279"" data-mce-fragment=""1"">Spec Sheet</a>.</li>
</ul>
<ul></ul>",Dynamic AQS,Uncategorized,Remote Mount UV,CAD,true,Size,"12""",,,,,,,,RM3-12/12/5,4082.013815341,,-299,deny,manual,true,true,,,,,,https://cdn.shopify.com/s/files/1/0294/4116/3400/files/ASVRM3-16-16-5_998e385a-e1c9-4354-8d47-73535b79942c.jpg?v=1709242410,1,,false,,,,lb,,active
clean-air_defense-system-rm-3-uvc-uvc-uvv-dual-germicidal-oxidation-system,,,,,,,,,"16""",,,,,,,,RM3-16/16/5,4082.013815341,,-206,deny,manual,true,true,,,,,,,,,,,,,lb,,
clean-air_defense-system-rm-2-uvc-uvc-germicidal-system-remote-mount,Clean Air Defense System BioForce Defender® Remote Mount - RM2 Dual UVC Germicidal Unit,"<p><span>- Remote Mount UVC H-lamp unit with 12"" and 16"" sizes available</span><br><span>- Three year warranty against lamp defects</span><br><span>- Lifetime warranty on all electric components</span><br><span>- Auto sensing ballast automatically compensates 120-277VAC 50/60Hz</span><br><span>- Suitable for up to a 10 ton AHU</span></p>
<p>Notes</p>
<ul>
<li>For more information, see our <span><a href=""https://cdn.shopify.com/s/files/1/0294/4116/3400/files/ASV_UVC_UVV_Frequently_Asked_Questions_Sheet.pdf?v=1617748399"">UV</a></span><a href=""https://cdn.shopify.com/s/files/1/0294/4116/3400/files/CAD_UVC_UVV_Frequently_Asked_Questions_Sheet.pdf?v=1617814263"">Frequently Asked Questions</a><span></span> page <span data-mce-fragment=""1"">or view/download the </span><span data-mce-fragment=""1""></span><a data-mce-fragment=""1"" href=""https://cdn.shopify.com/s/files/1/0294/4116/3400/files/ARS-802_RM_Models_Spec_Sheet_0321.pdf?v=1617810279"" aria-describedby=""a11y-external-message"">Spec Sheet</a><a data-mce-fragment=""1"" href=""https://cdn.shopify.com/s/files/1/0294/4116/3400/files/ASV-801_FM_Models_Spec_Sheet_0321.pdf?v=1617747960"" aria-describedby=""a11y-external-message"">.</a>
</li>
</ul>
<ul></ul>
<ul></ul>",Dynamic AQS,Uncategorized,Remote Mount UV,CAD,true,Size,"12""",,,,,,,,RM2-12/12,4082.013815341,,-324,deny,manual,true,true,,,,,,https://cdn.shopify.com/s/files/1/0294/4116/3400/files/ASVRM2-16-16_a49f62aa-abcb-4d34-b6a8-9dde905a8e1a.jpg?v=1709242364,1,,false,,,,lb,,active
clean-air_defense-system-rm-2-uvc-uvc-germicidal-system-remote-mount,,,,,,,,,"16""",,,,,,,,RM2-16/16,4082.013815341,,-226,deny,manual,true,true,,,,,,,,,,,,,lb,,
clean-air_defense-system-rm-2-dual-uvc-uvv-germicidal-oxidation-system-remote-mount,Clean Air Defense System BioForce Defender® Remote Mount - RM2 Dual UVC/UVV Germicidal,"<p>- Remote Mount UVC H-lamp unit with 12"" and 16"" sizes available<br>- Three year warranty against lamp defects<br>- Lifetime warranty on all electric components<br>- Auto sensing ballast automatically compensates 120-277VAC 50/60Hz<br>- Suitable for up to a 10 ton AHU<br></p>
<p>Notes</p>
<ul>
<li>For more information, see our <span><a href=""https://cdn.shopify.com/s/files/1/0294/4116/3400/files/ASV_UVC_UVV_Frequently_Asked_Questions_Sheet.pdf?v=1617748399"">UV</a></span><a href=""https://cdn.shopify.com/s/files/1/0294/4116/3400/files/CAD_UVC_UVV_Frequently_Asked_Questions_Sheet.pdf?v=1617814263"">Frequently Asked Questions</a><span></span> page <span data-mce-fragment=""1"">or view/download the </span><span data-mce-fragment=""1""></span><a data-mce-fragment=""1"" href=""https://cdn.shopify.com/s/files/1/0294/4116/3400/files/ARS-802_RM_Models_Spec_Sheet_0321.pdf?v=1617810279"" aria-describedby=""a11y-external-message"">Spec Sheet</a><a data-mce-fragment=""1"" href=""https://cdn.shopify.com/s/files/1/0294/4116/3400/files/ASV-801_FM_Models_Spec_Sheet_0321.pdf?v=1617747960"" aria-describedby=""a11y-external-message"">.</a>
</li>
</ul>
<ul></ul>",Dynamic AQS,Uncategorized,Remote Mount UV,CAD,true,Size,"12""",,,,,,,,RM2-12/5,4082.013815341,,-1535,deny,manual,true,true,,,,,,https://cdn.shopify.com/s/files/1/0294/4116/3400/files/ASVRM2-16-5_92de3274-25c6-4dfd-8c08-11a83b14ac1b.jpg?v=1709242389,1,,false,,,,lb,,active
clean-air_defense-system-rm-2-dual-uvc-uvv-germicidal-oxidation-system-remote-mount,,,,,,,,,"16""",,,,,,,,RM2-16/5,4082.013815341,,-1702,deny,manual,true,true,,,,,,,,,,,,,lb,,
clean-air_defense-system-rm-1-oxidation-system,Clean Air Defense System BioForce Defender® Remote Mount - RM1-5WB UVV Oxidation Lamp Unit,"<p><span>- Remote Mount UVV 5"" oxidation unit with ballast (RM1-5WB).</span><br><span>- Three year warranty against lamp defects</span><br><span>- Lifetime warranty on all electric components</span><br><span>- Auto sensing ballast automatically compensates 120-277VAC 50/60Hz</span><br><span>- Suitable for up to a 10 ton AHU</span></p>
<p>Notes</p>
<ul>
<li>For more information, see our <span><a href=""https://cdn.shopify.com/s/files/1/0294/4116/3400/files/ASV_UVC_UVV_Frequently_Asked_Questions_Sheet.pdf?v=1617748399"">UV</a></span><a href=""https://cdn.shopify.com/s/files/1/0294/4116/3400/files/CAD_UVC_UVV_Frequently_Asked_Questions_Sheet.pdf?v=1617814263"">Frequently Asked Questions</a><span></span> page <span data-mce-fragment=""1"">or view/download the </span><span data-mce-fragment=""1""></span><a data-mce-fragment=""1"" href=""https://cdn.shopify.com/s/files/1/0294/4116/3400/files/ARS-802_RM_Models_Spec_Sheet_0321.pdf?v=1617810279"" aria-describedby=""a11y-external-message"">Spec Sheet</a><a data-mce-fragment=""1"" href=""https://cdn.shopify.com/s/files/1/0294/4116/3400/files/ASV-801_FM_Models_Spec_Sheet_0321.pdf?v=1617747960"" aria-describedby=""a11y-external-message"">.</a>
</li>
</ul>
<ul></ul>",Dynamic AQS,Uncategorized,Remote Mount UV,CAD,true,Title,Default Title,,,,,,,,RM1-5WB,3175.010512289,,-65,deny,manual,true,true,,,,,,https://cdn.shopify.com/s/files/1/0294/4116/3400/files/ASVRM1-5WB_70884c57-29f3-4ce3-b0f8-6326c05aeb97.jpg?v=1709242349,1,,false,,,,lb,,active
clean-air_defense-system-rm-1-germicidal-uv-system-remote-mount,Clean Air Defense System BioForce Defender® Remote Mount - RM1 UVC Germicidal System,"<p>- Remote Mount UVC H-lamp unit with 12"" and 16"" sizes available<br>- Three year warranty against lamp defects<br>- Lifetime warranty on all electric components<br>- Auto sensing ballast automatically compensates 120-277VAC 50/60Hz<br>- Suitable for up to a 10 ton AHU<br></p>
<p>Notes</p>
<ul>
<li>For more information, see our <span></span><a href=""https://cdn.shopify.com/s/files/1/0294/4116/3400/files/CAD_UVC_UVV_Frequently_Asked_Questions_Sheet.pdf?v=1617814263"">UV Frequently Asked Questions</a><span></span> page or view/download the <span></span><a href=""https://cdn.shopify.com/s/files/1/0294/4116/3400/files/CADS-802_RM_Models_Spec_Sheet_0321.pdf?v=1617813688"">Spec Sheet</a><a href=""https://cdn.shopify.com/s/files/1/0294/4116/3400/files/ASV-801_FM_Models_Spec_Sheet_0321.pdf?v=1617747960"">.</a>
</li>
</ul>
<ul></ul>",Dynamic AQS,Uncategorized,Remote Mount UV,CAD,true,Size,"12""",,,,,,,,RM1-12,4082.013815341,,-2346,deny,manual,true,true,,,,,,https://cdn.shopify.com/s/files/1/0294/4116/3400/files/ASVRM1-16_149ba376-13ab-4e53-89f7-3c61da9b803a.jpg?v=1709242323,1,,false,,,,lb,,active
clean-air_defense-system-rm-1-germicidal-uv-system-remote-mount,,,,,,,,,"16""",,,,,,,,RM1-16,4082.013815341,,-3249,deny,manual,true,true,,,,,,,,,,,,,lb,,
clean-air_defense-system-fm-3-uvc-uvc-uvv-dual-germicidal-oxidation-system,Clean Air Defense System BioForce Defender® Fixed Mount - FM3 UVC/UVV Triple Germicidal/Oxidation System,"<p>- Fixed Mount UVC H-lamp unit with 12"" and 16"" sizes available<br>- Three year warranty against lamp defects<br>- Lifetime warranty on all electric components<br>- Auto sensing ballast automatically compensates 120-277VAC 50/60Hz<br>- Suitable for up to a 10 ton AHU</p>
<p>Notes</p>
<ul>
<li>For more information, see our <span></span><a href=""https://cdn.shopify.com/s/files/1/0294/4116/3400/files/CAD_UVC_UVV_Frequently_Asked_Questions_Sheet.pdf?v=1617814263"">UV Frequently Asked Questions</a><span></span> page or view/download the <span></span><a href=""https://cdn.shopify.com/s/files/1/0294/4116/3400/files/CADS-801_FM_Models_Spec_Sheet_0321.pdf?v=1617813688"">Spec Sheet</a><a href=""https://cdn.shopify.com/s/files/1/0294/4116/3400/files/ASV-801_FM_Models_Spec_Sheet_0321.pdf?v=1617747960"">.</a>
</li>
</ul>
<ul></ul>",Dynamic AQS,Uncategorized,Fixed Mount UV,CAD,true,Size,"12""",,,,,,,,FM3-12/12/5,4082.013815341,,-75,deny,manual,true,true,,,,,,https://cdn.shopify.com/s/files/1/0294/4116/3400/files/ASVFM3-16-16-5_e90e7476-1ac2-49a4-ba5f-7edf1db4d9c0.jpg?v=1709242308,1,,false,,,,lb,,active
clean-air_defense-system-fm-3-uvc-uvc-uvv-dual-germicidal-oxidation-system,,,,,,,,,"16""",,,,,,,,FM3-16/16/5,4082.013815341,,-105,deny,manual,true,true,,,,,,,,,,,,,lb,,
clean-air_defense-system-fm-2-uvc-uvv-dual-germicidal-oxidation-system,Clean Air Defense System BioForce Defender® Fixed Mount - FM2 UVC/UVV Dual Germicidal/Oxidation  System,"<p>- Fixed Mount UVC H-lamp unit with 12"" and 16"" sizes available<br>- Three year warranty against lamp defects<br>- Lifetime warranty on all electric components<br>- Auto sensing ballast automatically compensates 120-277VAC 50/60Hz<br>- Suitable for up to a 10 ton AHU<br></p>
<p>Notes</p>
<ul>
<li>For more information, see our <span></span><a href=""https://cdn.shopify.com/s/files/1/0294/4116/3400/files/CAD_UVC_UVV_Frequently_Asked_Questions_Sheet.pdf?v=1617814263"">UV Frequently Asked Questions</a><span></span> page or view/download the <span></span><a href=""https://cdn.shopify.com/s/files/1/0294/4116/3400/files/CADS-801_FM_Models_Spec_Sheet_0321.pdf?v=1617813688"">Spec Sheet</a><a href=""https://cdn.shopify.com/s/files/1/0294/4116/3400/files/ASV-801_FM_Models_Spec_Sheet_0321.pdf?v=1617747960"">.</a>
</li>
</ul>
<ul></ul>",Dynamic AQS,Uncategorized,Fixed Mount UV,CAD,true,Size,"12""",,,,,,,,FM2-12/5,4082.013815341,,-1567,deny,manual,true,true,,,,,,https://cdn.shopify.com/s/files/1/0294/4116/3400/files/ASVFM2-16-5_2be05c0a-4769-4899-a382-ed9efc9f1974.jpg?v=1709242288,1,,false,,,,lb,,active
clean-air_defense-system-fm-2-uvc-uvv-dual-germicidal-oxidation-system,,,,,,,,,"16""",,,,,,,,FM2-16/5,4082.013815341,,-806,deny,manual,true,true,,,,,,,,,,,,,lb,,
clean-air_defense-system-fm-1-oxidation-system,"Clean Air Defense System BioForce Defender® Fixed Mount - FM1-5"" UVV Oxidation Unit","<p>- Fixed Mount UVV 5"" oxidation unit<br>- Three year warranty against lamp defects<br>- Lifetime warranty on all electric components<br>- Auto sensing ballast automatically compensates 120-277VAC 50/60Hz<br>- Suitable for up to a 10 ton AHU<br></p>
<ul>
<li>For more information, see our <span></span><a href=""https://cdn.shopify.com/s/files/1/0294/4116/3400/files/CAD_UVC_UVV_Frequently_Asked_Questions_Sheet.pdf?v=1617814263"">UV Frequently Asked Questions</a><span></span> page or view/download the <span></span><a href=""https://cdn.shopify.com/s/files/1/0294/4116/3400/files/CADS-801_FM_Models_Spec_Sheet_0321.pdf?v=1617813688"">Spec Sheet</a><a href=""https://cdn.shopify.com/s/files/1/0294/4116/3400/files/ASV-801_FM_Models_Spec_Sheet_0321.pdf?v=1617747960"">.</a>
</li>
</ul>
<ul></ul>",Dynamic AQS,Uncategorized,Fixed Mount UV,CAD,true,Title,Default Title,,,,,,,,FM1-5,3175.010512289,,-32,deny,manual,true,true,,,,,,https://cdn.shopify.com/s/files/1/0294/4116/3400/files/ASVFM1-5_f6e233e7-e5df-490d-929e-e4f3e18f6ef6.jpg?v=1709242272,1,,false,,,,lb,,active
clean-air_defense-system-fm-1-germicidal-uv-system,Clean Air Defense System BioForce Defender® Fixed Mount - FM1 Germicidal UVC System,"<p>- Fixed Mount UVC unit with 12"" and 16"" sizes available<br>- Lifetime warranty on all electric components<br>- Auto sensing ballast automatically compensates 120-277VAC 50/60Hz<br>- Suitable for up to a 10-ton AHU</p>
<p>Notes</p>
<ul>
<li>For more information, see our <span></span><a href=""https://cdn.shopify.com/s/files/1/0294/4116/3400/files/ASV-801_FM_Models_Spec_Sheet_0321.pdf?v=1617747960"">UV Frequently Asked Questions</a> <span></span>page or view/download the<span></span><a href=""https://cdn.shopify.com/s/files/1/0294/4116/3400/files/CADS-801_FM_Models_Spec_Sheet_0321.pdf?v=1617813688""> Spec Sheet</a><a href=""https://cdn.shopify.com/s/files/1/0294/4116/3400/files/ASV-801_FM_Models_Spec_Sheet_0321.pdf?v=1617747960"">.</a>
</li>
</ul>
<ul></ul>",Dynamic AQS,Uncategorized,Fixed Mount UV,CAD,true,Size,"12""",,,,,,,,FM1-12,3175.010512289,,-743,deny,manual,true,true,,,,,,https://cdn.shopify.com/s/files/1/0294/4116/3400/files/ASVFM1-16_6b60f2c1-f20f-4a51-8227-5affd6303c75.jpg?v=1709242252,1,,false,,,,lb,,active
clean-air_defense-system-fm-1-germicidal-uv-system,,,,,,,,,"16""",,,,,,,,FM1-16,3175.010512289,,-1051,deny,manual,true,true,,,,,,,,,,,,,lb,,
clean-air_defense-system-300cfm-bypass-hepa-system,Clean Air Defense System 300 CFM Bypass HEPA System,"<p>300 CFM Bypass HEPA System with 1.5 inch pre-filter and 2 inch HEPA.</p>
<p>HP-300</p>
<p>Options ordered separately</p>
<ul>
<li><a href=""/collections/hepa/products/hepa-collar-mount-kit"">8"" Collars for remote mount</a></li>
<li><a href=""https://www.dynamiconlineorders.com/collections/hepa/products/activated-carbon-edge-panel"">Activated Carbon Insert</a></li>
</ul>
<p><span>Notes</span></p>
<ul>
<li>For more information, v<span data-mce-fragment=""1"">iew/download the</span><span data-mce-fragment=""1""></span> <a aria-describedby=""a11y-external-message"" href=""https://cdn.shopify.com/s/files/1/0294/4116/3400/files/ARS-802_RM_Models_Spec_Sheet_0321.pdf?v=1617810279"" data-mce-fragment=""1"" data-mce-href=""https://cdn.shopify.com/s/files/1/0294/4116/3400/files/ARS-802_RM_Models_Spec_Sheet_0321.pdf?v=1617810279"">Spec Sheet</a><a aria-describedby=""a11y-external-message"" href=""https://cdn.shopify.com/s/files/1/0294/4116/3400/files/ASV-801_FM_Models_Spec_Sheet_0321.pdf?v=1617747960"" data-mce-fragment=""1"" data-mce-href=""https://cdn.shopify.com/s/files/1/0294/4116/3400/files/ASV-801_FM_Models_Spec_Sheet_0321.pdf?v=1617747960"">.</a>
</li>
</ul>",Dynamic AQS,Uncategorized,HEPA,CAD,true,Title,Default Title,,,,,,,,HP-300,9071.983477711,,-241,deny,manual,true,true,,,,,,https://cdn.shopify.com/s/files/1/0294/4116/3400/products/CAD_HEPA.png?v=1610389708,1,,false,,,,lb,,active
ars-rm-2-uvc-uvc-germicidal-system-remote-mount,ARS BioForce Defender® Remote Mount - RM2 Dual UVC Germicidal Unit,"<p>- Remote Mount UVC H-lamp unit with 12"" and 16"" sizes available<br>- Three year warranty against lamp defects<br>- Lifetime warranty on all electric components<br>- Auto sensing ballast automatically compensates 120-277VAC 50/60Hz<br>- Suitable for up to a 10 ton AHU</p>
<p><span>Notes</span></p>
<ul>
<li>For more information, see our <span></span><a href=""https://cdn.shopify.com/s/files/1/0294/4116/3400/files/ARS_UVC_UVV_Frequently_Asked_Questions_Sheet.pdf?v=1617810511"">UV Frequently Asked Questions</a><span></span> page <span data-mce-fragment=""1"">or view/download the </span><span data-mce-fragment=""1""></span><a data-mce-fragment=""1"" href=""https://cdn.shopify.com/s/files/1/0294/4116/3400/files/ARS-802_RM_Models_Spec_Sheet_0321.pdf?v=1617810279"" aria-describedby=""a11y-external-message"">Spec Sheet</a><a data-mce-fragment=""1"" href=""https://cdn.shopify.com/s/files/1/0294/4116/3400/files/ASV-801_FM_Models_Spec_Sheet_0321.pdf?v=1617747960"" aria-describedby=""a11y-external-message"">.</a>
</li>
</ul>
<ul></ul>",Dynamic AQS,Uncategorized,Remote Mount UV,ARS,true,Size,"12""",,,,,,,,RM2-12/12,4082.013815341,,-947,deny,manual,true,true,,,,,,https://cdn.shopify.com/s/files/1/0294/4116/3400/files/ARSRM2-16-16.jpg?v=1709241932,1,,false,,,,lb,,active
ars-rm-2-uvc-uvc-germicidal-system-remote-mount,,,,,,,,,"16""",,,,,,,,RM2-16/16,4082.013815341,,-25,deny,manual,true,true,,,,,,,,,,,,,lb,,
ars-rm-1-oxidation-system,ARS BioForce Defender® Remote Mount - RM1-5WB UVV Oxidation Lamp Unit,"<p><span>- Remote Mount UVV 5"" oxidation unit with ballast (RM1-5WB).</span><br><span>- Three year warranty against lamp defects</span><br><span>- Lifetime warranty on all electric components</span><br><span>- Auto sensing ballast automatically compensates 120-277VAC 50/60Hz</span><br><span>- Suitable for up to a 10 ton AHU</span></p>
<p style=""text-decoration: underline;"">Notes</p>
<ul>
<li>For more information, see our <a href=""https://cdn.shopify.com/s/files/1/0294/4116/3400/files/ARS_UVC_UVV_Frequently_Asked_Questions_Sheet.pdf?v=1617810511"">UV Frequently Asked Questions</a> <span data-mce-fragment=""1"">page or view/download the </span><span data-mce-fragment=""1""></span><a href=""https://cdn.shopify.com/s/files/1/0294/4116/3400/files/ASV-802_RM_Models_Spec_Sheet_0321.pdf?v=1617747959"" aria-describedby=""a11y-external-message"" data-mce-fragment=""1"">Spec Sheet</a><a href=""https://cdn.shopify.com/s/files/1/0294/4116/3400/files/ASV-801_FM_Models_Spec_Sheet_0321.pdf?v=1617747960"" aria-describedby=""a11y-external-message"" data-mce-fragment=""1"">.</a>
</li>
</ul>",Dynamic AQS,Uncategorized,Remote Mount UV,ARS,true,Title,Default Title,,,,,,,,RM1-5WB,3175.010512289,,-8,deny,manual,true,true,,,,,,https://cdn.shopify.com/s/files/1/0294/4116/3400/files/ARSRM1-5WB.jpg?v=1709241910,1,,false,,,,lb,,active
ars-fm-1-oxidation-system,"ARS BioForce Defender® Fixed Mount - FM1-5"" UVV Oxidation Unit","<p>- Fixed Mount UVV 5"" oxidation unit<br>- Three year warranty against lamp defects<br>- Lifetime warranty on all electric components<br>- Auto sensing ballast automatically compensates 120-277VAC 50/60Hz<br>- Suitable for up to a 10 ton AHU<br></p>
<ul>
<li>For more information, see our <span></span><a href=""https://cdn.shopify.com/s/files/1/0294/4116/3400/files/ARS_UVC_UVV_Frequently_Asked_Questions_Sheet.pdf?v=1617810511"">UV Frequently Asked Questions<span></span></a> page or view/download the <span></span><a href=""https://cdn.shopify.com/s/files/1/0294/4116/3400/files/ARS-801_FM_Models_Spec_Sheet_0321.pdf?v=1617810279"">Spec Sheet. </a>
</li>
</ul>
<ul></ul>",Dynamic AQS,Uncategorized,Fixed Mount UV,ARS,true,Title,Default Title,,,,,,,,FM1-5,3175.010512289,,0,deny,manual,true,true,,,,,,https://cdn.shopify.com/s/files/1/0294/4116/3400/files/ARSFM1-5_png.jpg?v=1709236045,1,,false,,,,lb,,active
ars-300cfm-bypass-hepa-system,ARS 300 CFM Bypass HEPA System,"<p>300 CFM Bypass HEPA System with 1.5 inch pre-filter and 2 inch HEPA.</p>
<p>HP-300</p>
<p>Options ordered separately</p>
<ul>
<li><a href=""/collections/hepa/products/hepa-collar-mount-kit"">8"" Collars for remote mount</a></li>
<li>
<a href=""https://www.dynamiconlineorders.com/collections/hepa/products/activated-carbon-edge-panel"">Activated Carbon Insert</a><a href=""/collections/hepa/products/hepa-carbon-module""></a>
</li>
</ul>
<p><span>Notes</span></p>
<ul>
<li>For more information, v<span data-mce-fragment=""1"">iew/download the</span><span data-mce-fragment=""1""></span> <a href=""https://cdn.shopify.com/s/files/1/0294/4116/3400/files/ARS-802_RM_Models_Spec_Sheet_0321.pdf?v=1617810279"" aria-describedby=""a11y-external-message"" data-mce-fragment=""1"" data-mce-href=""https://cdn.shopify.com/s/files/1/0294/4116/3400/files/ARS-802_RM_Models_Spec_Sheet_0321.pdf?v=1617810279"">Spec Sheet</a><a href=""https://cdn.shopify.com/s/files/1/0294/4116/3400/files/ASV-801_FM_Models_Spec_Sheet_0321.pdf?v=1617747960"" aria-describedby=""a11y-external-message"" data-mce-fragment=""1"" data-mce-href=""https://cdn.shopify.com/s/files/1/0294/4116/3400/files/ASV-801_FM_Models_Spec_Sheet_0321.pdf?v=1617747960"">.</a>
</li>
</ul>",Dynamic AQS,Uncategorized,HEPA,ARS,true,Title,Default Title,,,,,,,,HP-300,9071.983477711,,-3,deny,manual,true,true,,,,,,https://cdn.shopify.com/s/files/1/0294/4116/3400/products/ARS_HEPA.png?v=1610386680,1,,false,,,,lb,,active
aireserv-rm-2-uvc-uvc-germicidal-system-remote-mount,AireServ BioForce Defender® Remote Mount - RM2 Dual UVC Germicidal Unit,"<p>- Remote Mount UVC H-lamp unit with 12"" and 16"" sizes available<br>- Three year warranty against lamp defects<br>- Lifetime warranty on all electric components<br>- Auto sensing ballast automatically compensates 120-277VAC 50/60Hz<br>- Suitable for up to a 10 ton AHU</p>
<p><span>Notes</span></p>
<ul>
<li>For more information, see our <a href=""https://cdn.shopify.com/s/files/1/0294/4116/3400/files/ASV_UVC_UVV_Frequently_Asked_Questions_Sheet.pdf?v=1617748399"">UV Frequently Asked Questions</a> page <span data-mce-fragment=""1"">or view/download the </span><span data-mce-fragment=""1""></span><a href=""https://cdn.shopify.com/s/files/1/0294/4116/3400/files/ARS-802_RM_Models_Spec_Sheet_0321.pdf?v=1617810279"" aria-describedby=""a11y-external-message"" data-mce-fragment=""1"">Spec S</a><a href=""https://cdn.shopify.com/s/files/1/0294/4116/3400/files/ASV-802_RM_Models_Spec_Sheet_0321.pdf?v=1617747959"">h</a><a href=""https://cdn.shopify.com/s/files/1/0294/4116/3400/files/ARS-802_RM_Models_Spec_Sheet_0321.pdf?v=1617810279"" aria-describedby=""a11y-external-message"" data-mce-fragment=""1"">eet</a><a href=""https://cdn.shopify.com/s/files/1/0294/4116/3400/files/ASV-801_FM_Models_Spec_Sheet_0321.pdf?v=1617747960"" aria-describedby=""a11y-external-message"" data-mce-fragment=""1"">.</a>
</li>
</ul>",Dynamic AQS,Uncategorized,Remote Mount UV,ASV,true,Size,"12""",,,,,,,,RM2-12/12,4082.013815341,,-53,deny,manual,true,true,,,,,,https://cdn.shopify.com/s/files/1/0294/4116/3400/files/ASVRM2-16-16.jpg?v=1709242152,1,,false,,,,lb,,active
aireserv-rm-2-uvc-uvc-germicidal-system-remote-mount,,,,,,,,,"16""",,,,,,,,RM2-16/16,4082.013815341,,-58,deny,manual,true,true,,,,,,,,,,,,,lb,,
aireserv-rm-1-oxidation-system,AireServ BioForce Defender® Remote Mount - RM1-5WB UVV Oxidation Lamp Unit,"<p><span>- Remote Mount UVV 5"" oxidation unit with ballast (RM1-5WB).</span><br><span>- Three year warranty against lamp defects</span><br><span>- Lifetime warranty on all electric components</span><br><span>- Auto sensing ballast automatically compensates 120-277VAC 50/60Hz</span><br><span>- Suitable for up to a 10 ton AHU</span></p>
<p>Notes</p>
<ul>
<li>For more information, see our <span><a href=""https://cdn.shopify.com/s/files/1/0294/4116/3400/files/ASV_UVC_UVV_Frequently_Asked_Questions_Sheet.pdf?v=1617748399"">UV</a></span><a href=""https://cdn.shopify.com/s/files/1/0294/4116/3400/files/ASV_UVC_UVV_Frequently_Asked_Questions_Sheet.pdf?v=1617748399"">Frequently Asked Questions</a><span></span> page <span data-mce-fragment=""1"">or view/download the </span><span data-mce-fragment=""1""></span><a aria-describedby=""a11y-external-message"" href=""https://cdn.shopify.com/s/files/1/0294/4116/3400/files/ARS-802_RM_Models_Spec_Sheet_0321.pdf?v=1617810279"" data-mce-fragment=""1"">Spec Sheet</a><a aria-describedby=""a11y-external-message"" href=""https://cdn.shopify.com/s/files/1/0294/4116/3400/files/ASV-801_FM_Models_Spec_Sheet_0321.pdf?v=1617747960"" data-mce-fragment=""1"">.</a>
</li>
</ul>
<ul></ul>",Dynamic AQS,Uncategorized,Remote Mount UV,ASV,true,Title,Default Title,,,,,,,,RM1-5WB,3175.010512289,,-36,deny,manual,true,true,,,,,,https://cdn.shopify.com/s/files/1/0294/4116/3400/files/ASVRM1-5WB.jpg?v=1709242136,1,,false,,,,lb,,active
aireserv-fm-1-oxidation-system,"AireServ BioForce Defender® Fixed Mount - FM1-5"" UVV Oxidation Unit","<p>- Fixed Mount UVV 5"" oxidation unit<br>- Three year warranty against lamp defects<br>- Lifetime warranty on all electric components<br>- Auto sensing ballast automatically compensates 120-277VAC 50/60Hz<br>- Suitable for up to a 10 ton AHU<br></p>
<ul>
<li>For more information, see our <span></span><a href=""https://cdn.shopify.com/s/files/1/0294/4116/3400/files/ASV_UVC_UVV_Frequently_Asked_Questions_Sheet.pdf?v=1617748399"">UV Frequently Asked Questions<span></span></a> page or view/download the <span></span><a href=""https://cdn.shopify.com/s/files/1/0294/4116/3400/files/ASV-801_FM_Models_Spec_Sheet_0321.pdf?v=1617747960"">Spec Sheet</a><a href=""https://cdn.shopify.com/s/files/1/0294/4116/3400/files/ASV-801_FM_Models_Spec_Sheet_0321.pdf?v=1617747960"">.</a>
</li>
</ul>",Dynamic AQS,Uncategorized,Fixed Mount UV,ASV,true,Title,Default Title,,,,,,,,FM1-5,3175.010512289,,-13,deny,manual,true,true,,,,,,https://cdn.shopify.com/s/files/1/0294/4116/3400/files/ASVFM1-5.jpg?v=1709242065,1,,false,,,,lb,,active
aireserv-300cfm-bypass-hepa-system,AireServ 300 CFM Bypass HEPA System,"<p>300 CFM Bypass HEPA System with 1.5 inch pre-filter and 2 inch HEPA.</p>
<p>HP-300</p>
<p>Options ordered separately:</p>
<ul>
<li><a href=""/collections/hepa/products/hepa-collar-mount-kit"">8"" Collars for remote mount</a></li>
<li><a href=""https://www.dynamiconlineorders.com/collections/hepa/products/activated-carbon-edge-panel"">Activated Carbon Insert</a></li>
</ul>
<p><span>Notes</span></p>
<ul>
<li>For more information, v<span data-mce-fragment=""1"">iew/download the </span><a href=""https://cdn.shopify.com/s/files/1/0294/4116/3400/files/ARS-802_RM_Models_Spec_Sheet_0321.pdf?v=1617810279"" aria-describedby=""a11y-external-message"" data-mce-fragment=""1"" data-mce-href=""https://cdn.shopify.com/s/files/1/0294/4116/3400/files/ARS-802_RM_Models_Spec_Sheet_0321.pdf?v=1617810279"">Spec Sheet</a><a href=""https://cdn.shopify.com/s/files/1/0294/4116/3400/files/ASV-801_FM_Models_Spec_Sheet_0321.pdf?v=1617747960"" aria-describedby=""a11y-external-message"" data-mce-fragment=""1"" data-mce-href=""https://cdn.shopify.com/s/files/1/0294/4116/3400/files/ASV-801_FM_Models_Spec_Sheet_0321.pdf?v=1617747960"">.</a>
</li>
</ul>
<ul></ul>",Dynamic AQS,Uncategorized,HEPA,ASV,true,Title,Default Title,,,,,,,,HP-300,9071.983477711,,-228,deny,manual,true,true,,,,,,https://cdn.shopify.com/s/files/1/0294/4116/3400/products/ASVWhitewithcollar.jpg?v=1612884888,1,,false,,,,lb,,active
uv-reflector-plate-for-uvc-lamps,500484 (for 16” lamp) or 500489 (for 12” lamp) Lamp Reflectors,<p>Reflector Plate for UVC lamps</p>,Dynamic AQS,Uncategorized,UV Accessories,"ARS, ASV, BIO, CAD, ECO, ENV, NEX, SLA, SNA",true,Size,"12""",,,,,,,,UV-500489-12,1361.003906185,,-3608,deny,manual,true,true,,,,,,https://cdn.shopify.com/s/files/1/0294/4116/3400/products/UVCreflector_4c2eac0e-ec0a-4e7b-b74c-ab94ad10a6a4.png?v=1610380143,1,,false,,,,lb,,active
uv-reflector-plate-for-uvc-lamps,,,,,,,,,"16""",,,,,,,,UV-500484-16,1361.003906185,,-1679,deny,manual,true,true,,,,,,,,,,,,,lb,,
uv-offset-duct-board-adapter-plate,UV-500B423FM-OS Offset Duct Board Adaptor Plate for FM Units,"<p>Offset Duct Board Adapter Plates for Blue FM Units. <br><br>Outside Dimensions: ~ 13 7/8"" X 8 7/8"" X 1 1/2""<br>Recessed Area: ~ 11 3/4"" X 6 3/4"" X 1 3/8""</p>
<p style=""padding-bottom: 0px;"">Notes:</p>
<ul style=""padding-top: 0px;"">
<li>This adapter plate is for the Blue FM ballast box and bulbs. If your ballast box is grey, please <a href=""/pages/contact-us"">contact us</a> to order the correct part</li>
<li>To mount an FM3 in duct board which contains three bulbs (one UVC / germicidal and one UVV / oxidation on the ballast box and one UVC that is remote) you would need one 500B423FM-OS for the ballast box and one 500423-OS for the remote UVC lamp.</li>
<li>This offset plate is not used for installations in metal ductwork.</li>
</ul>",Dynamic AQS,Uncategorized,UV Accessories,"ARS, ASV, BIO, CAD, ECO, ENV, NEX, SLA, SNA",true,Size,Fixed Mount (Blue - FM) Unit,,,,,,,,UV-500B423FM-OS,1361.003906185,,-1335,deny,manual,true,true,,,,,,https://cdn.shopify.com/s/files/1/0294/4116/3400/files/FMOffset0.png?v=1727815018,1,,false,,,,lb,,active
uv-offset-duct-board-adapter-plate,,,,,,,,,,,,,,,,,,,,,,,,,,,,,,https://cdn.shopify.com/s/files/1/0294/4116/3400/files/FMOffset1_37f95060-f83f-402d-b501-7f7ead3b7bcc.png?v=1727814301,2,,,,,,,,
uv-offset-duct-board-adapter-plate,,,,,,,,,,,,,,,,,,,,,,,,,,,,,,https://cdn.shopify.com/s/files/1/0294/4116/3400/files/FMOffset2.png?v=1727814675,3,,,,,,,,
uv-magnetic-reflector-plate-for-uvc-lamps,500484-MG (for 16” lamp) or 500489-MG (for 12” lamp) Magnet Lamp Reflector for UVC Lamps,"<p class=""MsoNormal"" style=""mso-margin-top-alt: auto; margin-bottom: 3.0pt; background: white;""><span style=""font-size: 11.5pt; font-family: 'Helvetica',sans-serif; color: #333232; background: white;"">Magnetic Reflector Plate for reflecting UV towards or away from objects in a metal duct </span><span style=""font-size: 11.5pt; font-family: 'Helvetica',sans-serif;""></span></p>",Dynamic AQS,Uncategorized,UV Accessories,"ARS, ASV, BIO, CAD, ECO, ENV, NEX, SLA, SNA",true,Size,"12""",,,,,,,,UV-500489-12-MG,1361.003906185,,-1379,deny,manual,true,true,,,,,,https://cdn.shopify.com/s/files/1/0294/4116/3400/products/MagReflector_2a450ebb-588c-4379-b479-9332de962d2d.png?v=1610380139,1,,false,,,,lb,,active
uv-magnetic-reflector-plate-for-uvc-lamps,,,,,,,,,"16""",,,,,,,,UV-500484-16-MG,1361.003906185,,-2337,deny,manual,true,true,,,,,,,,,,,,,lb,,
uv-l-bracket-with-magnet-for-remote-uvc-lamp,"UV-500423-2 L, L Bracket with Magnet for the RM1-5 Remote Oxidizer","<p>Magnetic L-Bracket, For Use With RM1-5 Remote-Mount oxidizer inside an AHU</p>",Dynamic AQS,Uncategorized,UV Accessories,"ARS, ASV, BIO, CAD, ECO, ENV, NEX, SLA, SNA",true,Title,Default Title,,,,,,,,UV-500423-2L,1361.003906185,,-7564,deny,manual,true,true,,,,,,https://cdn.shopify.com/s/files/1/0294/4116/3400/files/500423-2L.jpg?v=1709319981,1,,false,,,,lb,,active
uv-economy-remote-24v-14-55-microwatt-lamp,BioFender Germicidal UVC 24V 14” lamp,"<p>-14"" coil irradiation UVC unit (formerly ERUV14-24V).<br>-Ballast operates with 24 volts<br>-Recommended cleaning every 12 months<br>-Recommended replacing every 24 months</p>",Dynamic AQS,Uncategorized,Remote Mount UV,"ARS, ASV, BIO, CAD, ECO, ENV, NEX, SLA, SNA",true,Title,Default Title,,,,,,,,RM1-2414-T,2722.00781237,,-26221,deny,manual,true,false,,,,,,https://cdn.shopify.com/s/files/1/0294/4116/3400/files/RM1-2414_w_timer.jpg?v=1744135235,1,,false,,,,lb,,active
hepa-replacement-filter,"HP-RHF562, Replacement HEPA Filter","<p>Replacement HEPA filter (recommended replacement once every 2 years)</p>
<p>(RHF562)</p>",Dynamic AQS,Uncategorized,HEPA,"ARS, ASV, BIO, CAD, ECO, GEN, NEX, SLA, SNA",true,Title,Default Title,,,,,,,,HP-RHF562,1361.003906185,,-861,deny,manual,true,true,,,,,,https://cdn.shopify.com/s/files/1/0294/4116/3400/products/RHF562.png?v=1609282659,1,,false,,,,lb,,active
hepa-carbon-module,"OC3, Optional Carbon Matrix Module","<p>Optional carbon module - recommended replacement once every 2 years.</p>
<p>(VOC3)</p>",Dynamic AQS,,HEPA,"ARS, ASV, BIO, CAD, ECO, NEX, SLA, SNA",false,Title,Default Title,,,,,,,,MWV-VOC3,1361.003906185,,-60,deny,manual,true,true,,,,,,https://cdn.shopify.com/s/files/1/0294/4116/3400/products/VOC3.png?v=1609282625,1,,false,,,,lb,,archived
hepa-annual-replacement-kit,"HP-ARK564, Annual Prefilter Replacement Kit","<p>Annual filter replacement kit (recommended replacement once every 6 months - 2 filters per kit)</p>
<p>(ARK564)</p>",Dynamic AQS,Uncategorized,HEPA,"ARS, ASV, BIO, CAD, ECO, NEX, SLA, SNA",true,Title,Default Title,,,,,,,,HP-ARK564,1361.003906185,,-1165,deny,manual,true,true,,,,,,https://cdn.shopify.com/s/files/1/0294/4116/3400/products/ARK564.png?v=1609282539,1,,false,,,,lb,,active
uv-replacement-uvc-and-uvv-bulbs,Replacement Lamp Kit for FM2 and RM2 UVC/UVV Systems,"<p>LSK-25403-16 (16"" &amp; 5"") or LSK-25403-12 (12"" &amp; 5"") UVC/UVV combo Replacement Lamps</p>
<p>Comes in 16 or 12 UVC lamp plus one 5 UVV lamp.</p>
<p>Replacement for FM2-16/5, FM2-12/5, RM2-16/5, RM2-12/5.</p>
<p>For replacement lamps for the <strong>RM3-16/16/5</strong> click <a href=""https://www.dynamiconlineorders.com/collections/uv-accessories/products/lsk-25403-16-2-or-lsk-25403-12-2-uvv-uvc-combo-replacement-lamps"">here</a><a href=""https://dynamiconlineorders.ca/collections/uv-replacement-lamps-and-accessories/products/lsk-25403-16-2-or-lsk-25403-12-2-uvv-uvc-combo-replacement-lamps""></a>.</p>
<p> </p>
<p><br></p>
<p> </p>",Dynamic AQS,Uncategorized,UV Accessories,"ARS, ASV, BIO, CAD, ECO, ENV, NEX, SLA, SNA",true,Title,12,,,,,,,,LSK-25403-12,1361.003906185,,-5811,deny,manual,true,true,,,,,,https://cdn.shopify.com/s/files/1/0294/4116/3400/products/LSK-25403.png?v=1609281379,1,,false,,,,lb,,active
uv-replacement-uvc-and-uvv-bulbs,,,,,,,,,16,,,,,,,,LSK-25403-16,1361.003906185,,-6104,deny,manual,true,true,,,,,,,,,,,,,lb,,
uvv-rm1-remote-oxidation-lamp,"Remote Mount - RM1-5"" UVV Oxidation lamp unit (Without Ballast)","<p>- Remote Mount UVV 5"" oxidation unit (needs ballast)<br>- Two year warranty against lamp defects<br>- Lifetime warranty on all electric components<br>- Auto sensing ballast automatically compensates 120-277VAC 50/60Hz<br>- Suitable for up to a 10 ton AHU<br></p>
<p><br></p>
<ul></ul>",Dynamic AQS,Uncategorized,Remote Mount UV,"ARS, ASV, BIO, CAD, ECO, ENV, NEX, SLA, SNA",true,Title,Default Title,,,,,,,,RM1-5,1361.003906185,,-552,deny,manual,true,true,,,,,,https://cdn.shopify.com/s/files/1/0294/4116/3400/files/RM1-5withoutballast.jpg?v=1709243824,1,,false,,,,lb,,active
uvc-germicidal-remote-lamp,RL-16 (16” UVC lamp) or RL-12 (12” UVC lamp) (Needs Ballast),"<p>UVC Germicidal Remote lamp (RL-12, RL-16)<br></p>",Dynamic AQS,Uncategorized,Remote Mount UV,"ARS, ASV, BIO, CAD, ECO, ENV, NEX, SLA, SNA",true,Size,"12""",,,,,,,,RL-12,1361.003906185,,-146,deny,manual,true,true,,,,,,https://cdn.shopify.com/s/files/1/0294/4116/3400/files/RL-16.jpg?v=1709313506,1,,false,,,,lb,,active
uvc-germicidal-remote-lamp,,,,,,,,,"16""",,,,,,,,RL-16,1361.003906185,,-57,deny,manual,true,true,,,,,,,,,,,,,lb,,
solace-air-rm-1-oxidation-system,"SolaceAir BioForce Defender® RM1-5WB, One 5” UVV Oxidation Lamp Unit","<p><span>120/240 volt remote 5"" UVV oxidation unit with ballast (RM1-5WB).</span></p>
<p style=""text-decoration: underline;"">Notes</p>
<ul>
<li>For more information, see our <a href=""/pages/ultraviolet-frequently-asked-questions"">Ultraviolet Frequently Asked Questions</a> page.</li>
</ul>
",Dynamic AQS,Uncategorized,Remote Mount UV,SLA,true,Title,Default Title,,,,,,,,RM1-5WB,3175.010512289,,-261,deny,manual,true,true,,,,,,https://cdn.shopify.com/s/files/1/0294/4116/3400/files/SLARM1-5WB.jpg?v=1709242963,1,,false,,,,lb,,active
solace-air-fm-1-oxidation-system,"SolaceAir BioForce Defender® FM1-5, One 5” UVV Oxidation Unit","<p>120/240 volt fixed mount 5"" oxidation unit (FM1-5)</p>
<p style=""text-decoration: underline;"">Notes</p>
<ul>
<li>For more information, see our <a href=""/pages/ultraviolet-frequently-asked-questions"">Ultraviolet Frequently Asked Questions</a> page.</li>
</ul>
",Dynamic AQS,Uncategorized,Fixed Mount UV,SLA,true,Title,Default Title,,,,,,,,FM1-5,3175.010512289,,-93,deny,manual,true,true,,,,,,https://cdn.shopify.com/s/files/1/0294/4116/3400/files/SLAFM1-5.jpg?v=1709242905,1,,false,,,,lb,,active
ars-fm-2-uvc-uvv-dual-germicidal-oxidation-system,ARS BioForce Defender® Fixed Mount - FM2 UVC/UVV Dual Germicidal/Oxidation System,"<p>- Fixed Mount UVC H-lamp unit with 12"" and 16"" sizes available<br>- Three year warranty against lamp defects<br>- Lifetime warranty on all electric components<br>- Auto sensing ballast automatically compensates 120-277VAC 50/60Hz<br>- Suitable for up to a 10 ton AHU<br></p>
<ul>
<li>For more information, see our <span></span><a href=""https://cdn.shopify.com/s/files/1/0294/4116/3400/files/ARS_UVC_UVV_Frequently_Asked_Questions_Sheet.pdf?v=1617810511"">UV Frequently Asked Questions</a><span></span> page or view/download the <span></span><a href=""https://cdn.shopify.com/s/files/1/0294/4116/3400/files/ARS-801_FM_Models_Spec_Sheet_0321.pdf?v=1617810279"">Spec Sheet</a><a href=""https://cdn.shopify.com/s/files/1/0294/4116/3400/files/ASV-801_FM_Models_Spec_Sheet_0321.pdf?v=1617747960"">.</a>
</li>
</ul>
<ul></ul>",Dynamic AQS,Uncategorized,Fixed Mount UV,ARS,true,Size,"12""",,,,,,,,FM2-12/5,4082.013815341,,-95,deny,manual,true,true,,,,,,https://cdn.shopify.com/s/files/1/0294/4116/3400/files/ARSFM2-16-5.jpg?v=1709241826,1,,false,,,,lb,,active
ars-fm-2-uvc-uvv-dual-germicidal-oxidation-system,,,,,,,,,"16""",,,,,,,,FM2-16/5,4082.013815341,,-27,deny,manual,true,true,,,,,,,,,,,,,lb,,
aireserv-fm-2-uvc-uvv-dual-germicidal-oxidation-system,AireServ BioForce Defender® Fixed Mount - FM2 UVC/UVV Dual Germicidal/Oxidation System,"<p>- Fixed Mount UVC H-lamp unit with 12"" and 16"" sizes available<br>- Three year warranty against lamp defects<br>- Lifetime warranty on all electric components<br>- Auto sensing ballast automatically compensates 120-277VAC 50/60Hz<br>- Suitable for up to a 10 ton AHU<br></p>
<ul>
<li>For more information, see our <a href=""https://cdn.shopify.com/s/files/1/0294/4116/3400/files/ASV_UVC_UVV_Frequently_Asked_Questions_Sheet.pdf?v=1617748399"">UV Frequently Asked Questions</a><span></span> page or view/download the <span></span><a href=""https://cdn.shopify.com/s/files/1/0294/4116/3400/files/ASV-801_FM_Models_Spec_Sheet_0321.pdf?v=1617747960"">Spec Sheet.</a>
</li>
</ul>",Dynamic AQS,Uncategorized,Fixed Mount UV,ASV,true,Size,"12""",,,,,,,,FM2-12/5,4082.013815341,,-235,deny,manual,true,true,,,,,,https://cdn.shopify.com/s/files/1/0294/4116/3400/files/ASVFM2-16-5.jpg?v=1709242083,1,,false,,,,lb,,active
aireserv-fm-2-uvc-uvv-dual-germicidal-oxidation-system,,,,,,,,,"16""",,,,,,,,FM2-16/5,4082.013815341,,-757,deny,manual,true,true,,,,,,,,,,,,,lb,,
stratos-air-rm-3-uvc-uvc-uvv-dual-germicidal-oxidation-system,StratosAire BioForce Defender® RM3-16/16/5 (2 - 16” UVC lamps with a 5” UVV lamp) or RM3-12/12/5 (2 - 12” UVC lamps with a 5” UVV lamp) Triple Germicidal/Oxidation System,"<p>Remote Mount, 3 lamp System with 2 high output UVC H-lamps and 1, 5"" UVV Oxidation lamp.</p>
<p style=""text-decoration: underline;"">Notes</p>
<ul>
<li>For more information, see our <a href=""/pages/ultraviolet-frequently-asked-questions"">Ultraviolet Frequently Asked Questions</a> page.</li>
</ul>
",Dynamic AQS,Uncategorized,Remote Mount UV,STS,true,Size,"12""",,,,,,,,RM3-12/12/5,4082.013815341,,-1562,deny,manual,true,true,,,,,,https://cdn.shopify.com/s/files/1/0294/4116/3400/files/StratosRM3-16-16-5Blue.png?v=1750081857,1,,false,,,,lb,,active
stratos-air-rm-3-uvc-uvc-uvv-dual-germicidal-oxidation-system,,,,,,,,,"16""",,,,,,,,RM3-16/16/5,4082.013815341,,-34,deny,manual,true,true,,,,,,,,,,,,,lb,,
solace-air-rm-3-uvc-uvc-uvv-dual-germicidal-oxidation-system,SolaceAir BioForce Defender® Remote Mount - RM3 UVC/UVV Triple Germicidal/Oxidation System,"<p>- Remote Mount UVC H-lamp unit with 12"" and 16"" sizes available<br>- Three year warranty against lamp defects<br>- Lifetime warranty on all electric components<br>- Auto sensing ballast automatically compensates 120-277VAC 50/60Hz<br>- Suitable for up to a 10 ton AHU<br></p>
<p><span>Notes</span></p>
<ul>
<li>For more information, see our <span></span><a href=""https://cdn.shopify.com/s/files/1/0294/4116/3400/files/SLA_UVC_UVV_Frequently_Asked_Questions_Sheet.pdf?v=1617817352"">UV Frequently Asked Questions</a><span></span> page <span data-mce-fragment=""1"">or view/download the </span><span data-mce-fragment=""1""></span><a data-mce-fragment=""1"" aria-describedby=""a11y-external-message"" href=""https://cdn.shopify.com/s/files/1/0294/4116/3400/files/ARS-802_RM_Models_Spec_Sheet_0321.pdf?v=1617810279"">Spec Sheet</a>.</li>
</ul>
<ul></ul>",Dynamic AQS,Uncategorized,Remote Mount UV,SLA,true,Size,"12""",,,,,,,,RM3-12/12/5,4082.013815341,,-2335,deny,manual,true,true,,,,,,https://cdn.shopify.com/s/files/1/0294/4116/3400/files/SLARM3-16-16-5.jpg?v=1709242947,1,,false,,,,lb,,active
solace-air-rm-3-uvc-uvc-uvv-dual-germicidal-oxidation-system,,,,,,,,,"16""",,,,,,,,RM3-16/16/5,4082.013815341,,-339,deny,manual,true,true,,,,,,,,,,,,,lb,,
pure-air-x-rm-3-uvc-uvc-uvv-dual-germicidal-oxidation-system,Pure Air X BioForce Defender® Remote Mount - RM3 UVC/UVV Triple Germicidal/Oxidation System,"<p>- Remote Mount UVC H-lamp unit with 12"" and 16"" sizes available<br>- Three year warranty against lamp defects<br>- Lifetime warranty on all electric components<br>- Auto sensing ballast automatically compensates 120-277VAC 50/60Hz<br>- Suitable for up to a 10 ton AHU<br></p>
<p><span>Notes</span></p>
<ul>
<li>For more information, see our <span></span><a href=""https://cdn.shopify.com/s/files/1/0294/4116/3400/files/SNA_UVC_UVV_Frequently_Asked_Questions_Sheet.pdf?v=1617817352"">UV Frequently Asked Questions</a><span></span> page <span data-mce-fragment=""1"">or view/download the </span><span data-mce-fragment=""1""></span><a href=""https://cdn.shopify.com/s/files/1/0294/4116/3400/files/ARS-802_RM_Models_Spec_Sheet_0321.pdf?v=1617810279"" aria-describedby=""a11y-external-message"" data-mce-fragment=""1"">Spec Sheet</a>.</li>
</ul>
<ul></ul>",Dynamic AQS,Uncategorized,Remote Mount UV,SNA,true,Size,"12""",,,,,,,,RM3-12/12/5,4082.013815341,,-92,deny,manual,true,true,,,,,,https://cdn.shopify.com/s/files/1/0294/4116/3400/files/SNARM3-16-16-5.jpg?v=1709243098,1,,false,,,,lb,,active
pure-air-x-rm-3-uvc-uvc-uvv-dual-germicidal-oxidation-system,,,,,,,,,"16""",,,,,,,,RM3-16/16/5,4082.013815341,,-194,deny,manual,true,true,,,,,,,,,,,,,lb,,
eco-healthy-home-rm-3-uvc-uvc-uvv-dual-germicidal-oxidation-system,Eco Healthy Home BioForce Defender® Remote Mount - RM3 UVC/UVV Triple Germicidal/Oxidation System,"<p>- Remote Mount UVC H-lamp unit with 12"" and 16"" sizes available<br>- Three year warranty against lamp defects<br>- Lifetime warranty on all electric components<br>- Auto sensing ballast automatically compensates 120-277VAC 50/60Hz<br>- Suitable for up to a 10 ton AHU<br></p>
<p><span>Notes</span></p>
<ul>
<li>For more information, see our <span></span><a href=""https://cdn.shopify.com/s/files/1/0294/4116/3400/files/ECO_UVC_UVV_Frequently_Asked_Questions_Sheet.pdf?v=1617815714"">UV Frequently Asked Questions</a><span></span> page <span data-mce-fragment=""1"">or view/download the </span><span data-mce-fragment=""1""></span><a data-mce-fragment=""1"" href=""https://cdn.shopify.com/s/files/1/0294/4116/3400/files/ARS-802_RM_Models_Spec_Sheet_0321.pdf?v=1617810279"" aria-describedby=""a11y-external-message"">Spec Sheet</a>.</li>
</ul>
<ul></ul>",Dynamic AQS,Uncategorized,Remote Mount UV,ECO,true,Size,"12""",,,,,,,,RM3-12/12/5,4082.013815341,,-3,deny,manual,true,true,,,,,,https://cdn.shopify.com/s/files/1/0294/4116/3400/files/ECORM3-16-16-5.jpg?v=1709242539,1,,false,,,,lb,,active
eco-healthy-home-rm-3-uvc-uvc-uvv-dual-germicidal-oxidation-system,,,,,,,,,"16""",,,,,,,,RM3-16/16/5,4082.013815341,,-1,deny,manual,true,true,,,,,,,,,,,,,lb,,
ars-rm-3-uvc-uvc-uvv-dual-germicidal-oxidation-system,ARS BioForce Defender® Remote Mount - Remote Mount - RM3 UVC/UVV Triple Germicidal/Oxidation System,"<p>- Remote Mount UVC H-lamp unit with 12"" and 16"" sizes available<br>- Three year warranty against lamp defects<br>- Lifetime warranty on all electric components<br>- Auto sensing ballast automatically compensates 120-277VAC 50/60Hz<br>- Suitable for up to a 10 ton AHU<br></p>
<p><span>Notes</span></p>
<ul>
<li>For more information, see our <span></span><a href=""https://cdn.shopify.com/s/files/1/0294/4116/3400/files/ARS_UVC_UVV_Frequently_Asked_Questions_Sheet.pdf?v=1617810511"">UV Frequently Asked Questions</a><span></span> page <span data-mce-fragment=""1"">or view/download the </span><span data-mce-fragment=""1""></span><a data-mce-fragment=""1"" href=""https://cdn.shopify.com/s/files/1/0294/4116/3400/files/ARS-802_RM_Models_Spec_Sheet_0321.pdf?v=1617810279"" aria-describedby=""a11y-external-message"">Spec Sheet</a>.</li>
</ul>
<ul></ul>",Dynamic AQS,Uncategorized,Remote Mount UV,ARS,true,Size,"12""",,,,,,,,RM3-12/12/5,4082.013815341,,-580,deny,manual,true,true,,,,,,https://cdn.shopify.com/s/files/1/0294/4116/3400/files/ARSRM3-16-16-5.jpg?v=1709241864,1,,false,,,,lb,,active
ars-rm-3-uvc-uvc-uvv-dual-germicidal-oxidation-system,,,,,,,,,"16""",,,,,,,,RM3-16/16/5,4082.013815341,,-3,deny,manual,true,true,,,,,,,,,,,,,lb,,
aireserv-rm-3-uvc-uvc-uvv-dual-germicidal-oxidation-system,AireServ BioForce Defender® Remote Mount - RM3 UVC/UVV Triple Germicidal/Oxidation System,"<p>- Remote Mount UVC H-lamp unit with 12"" and 16"" sizes available<br>- Three year warranty against lamp defects<br>- Lifetime warranty on all electric components<br>- Auto sensing ballast automatically compensates 120-277VAC 50/60Hz<br>- Suitable for up to a 10 ton AHU<br></p>
<p><span>Notes</span></p>
<ul>
<li>For more information, see our <span></span><a href=""https://cdn.shopify.com/s/files/1/0294/4116/3400/files/ASV_UVC_UVV_Frequently_Asked_Questions_Sheet.pdf?v=1617748399"">UV Frequently Asked Questions</a><span></span> page <span data-mce-fragment=""1"">or view/download the </span><span data-mce-fragment=""1""></span><a data-mce-fragment=""1"" href=""https://cdn.shopify.com/s/files/1/0294/4116/3400/files/ARS-802_RM_Models_Spec_Sheet_0321.pdf?v=1617810279"" aria-describedby=""a11y-external-message"">Spec Sheet</a>.</li>
</ul>",Dynamic AQS,Uncategorized,Remote Mount UV,ASV,true,Size,"12""",,,,,,,,RM3-12/12/5,4082.013815341,,-261,deny,manual,true,true,,,,,,https://cdn.shopify.com/s/files/1/0294/4116/3400/files/ASVRM3-16-16-5.jpg?v=1709242185,1,,false,,,,lb,,active
aireserv-rm-3-uvc-uvc-uvv-dual-germicidal-oxidation-system,,,,,,,,,"16""",,,,,,,,RM3-16/16/5,4082.013815341,,-62,deny,manual,true,true,,,,,,,,,,,,,lb,,
solace-air-rm-2-uvc-uvc-germicidal-system-remote-mount,SolaceAir BioForce Defender® Remote Mount - RM2 Dual UVC Germicidal Unit,"<p>- Remote Mount UVC H-lamp unit with 12"" and 16"" sizes available<br>- Three year warranty against lamp defects<br>- Lifetime warranty on all electric components<br>- Auto sensing ballast automatically compensates 120-277VAC 50/60Hz<br>- Suitable for up to a 10 ton AHU</p>
<p><span>Notes</span></p>
<ul>
<li>For more information, see our <span></span><a href=""https://cdn.shopify.com/s/files/1/0294/4116/3400/files/SLA_UVC_UVV_Frequently_Asked_Questions_Sheet.pdf?v=1617817352"">UV Frequently Asked Questions</a><span></span> page <span data-mce-fragment=""1"">or view/download the </span><span data-mce-fragment=""1""></span><a data-mce-fragment=""1"" href=""https://cdn.shopify.com/s/files/1/0294/4116/3400/files/ARS-802_RM_Models_Spec_Sheet_0321.pdf?v=1617810279"" aria-describedby=""a11y-external-message"">Spec Sheet</a><a data-mce-fragment=""1"" href=""https://cdn.shopify.com/s/files/1/0294/4116/3400/files/ASV-801_FM_Models_Spec_Sheet_0321.pdf?v=1617747960"" aria-describedby=""a11y-external-message"">.</a>
</li>
</ul>
<ul></ul>",Dynamic AQS,Uncategorized,Remote Mount UV,SLA,true,Size,"12""",,,,,,,,RM2-12/12,4082.013815341,,-4848,deny,manual,true,true,,,,,,https://cdn.shopify.com/s/files/1/0294/4116/3400/files/SLARM2-16-16.jpg?v=1709242849,1,,false,,,,lb,,active
solace-air-rm-2-uvc-uvc-germicidal-system-remote-mount,,,,,,,,,"16""",,,,,,,,RM2-16/16,4082.013815341,,-236,deny,manual,true,true,,,,,,,,,,,,,lb,,
stratos-air-fm-3-uvc-uvc-uvv-dual-germicidal-oxidation-system,StratosAire BioForce Defender® FM3-16/16/5 (2 - 16” UVC lamps with a 5” UVV lamp) or FM3-12/12/5 (2 - 12” UVC lamps with a 5” UVV lamp) Triple Germicidal/Oxidation System,"<p>Fixed Mount, 3 lamp System. 2 high output UVC H-lamps and 1 5"" UVV Oxidation lamp.</p>
<p style=""text-decoration: underline;"">Notes</p>
<ul>
<li>For more information, see our <a href=""/pages/ultraviolet-frequently-asked-questions"">Ultraviolet Frequently Asked Questions</a> page.</li>
</ul>
",Dynamic AQS,Uncategorized,Fixed Mount UV,STS,true,Size,"12""",,,,,,,,FM3-12/12/5,4082.013815341,,-10,deny,manual,true,true,,,,,,https://cdn.shopify.com/s/files/1/0294/4116/3400/files/StratosFM3-16-16-5Blue.png?v=1750082153,1,,false,,,,lb,,active
stratos-air-fm-3-uvc-uvc-uvv-dual-germicidal-oxidation-system,,,,,,,,,"16""",,,,,,,,FM3-16/16/5,4082.013815341,,-1,deny,manual,true,true,,,,,,,,,,,,,lb,,
pure-air-x-fm-3-uvc-uvc-uvv-dual-germicidal-oxidation-system,Pure Air X BioForce Defender® FM3-16/16/5 (2 - 16” UVC lamps with a 5” UVV lamp) or FM3-12/12/5 (2 - 12” UVC lamps with a 5” UVV lamp) Triple Germicidal/Oxidation System,"<p>Fixed Mount, 3 lamp System. 2 high output UVC H-lamps and 1 5"" UVV Oxidation lamp.</p>
<p style=""text-decoration: underline;"">Notes</p>
<ul>
<li>For more information, see our <a href=""/pages/ultraviolet-frequently-asked-questions"">Ultraviolet Frequently Asked Questions</a> page.</li>
</ul>
",Dynamic AQS,Uncategorized,Fixed Mount UV,SNA,true,Size,"12""",,,,,,,,FM3-12/12/5,4082.013815341,,-1,deny,manual,true,true,,,,,,https://cdn.shopify.com/s/files/1/0294/4116/3400/files/SNAFM3-16-16-5.jpg?v=1709243030,1,,false,,,,lb,,active
pure-air-x-fm-3-uvc-uvc-uvv-dual-germicidal-oxidation-system,,,,,,,,,"16""",,,,,,,,FM3-16/16/5,4082.013815341,,-16,deny,manual,true,true,,,,,,,,,,,,,lb,,
eco-healthy-home-fm-3-uvc-uvc-uvv-dual-germicidal-oxidation-system,Eco Healthy Home BioForce Defender® Fixed Mount - FM3 UVC/UVV Triple Germicidal/Oxidation System,"<p>- Fixed Mount UVC H-lamp unit with 12"" and 16"" sizes available<br>- Three year warranty against lamp defects<br>- Lifetime warranty on all electric components<br>- Auto sensing ballast automatically compensates 120-277VAC 50/60Hz<br>- Suitable for up to a 10 ton AHU</p>
<p>Notes</p>
<ul>
<li>For more information, see our <span></span><a href=""https://cdn.shopify.com/s/files/1/0294/4116/3400/files/ECO_UVC_UVV_Frequently_Asked_Questions_Sheet.pdf?v=1617815714"">UV Frequently Asked Questions</a><span></span> page or view/download the <span></span><a href=""https://cdn.shopify.com/s/files/1/0294/4116/3400/files/ECO-801_FM_Models_Spec_Sheet_0321.pdf?v=1617815481"">Spec Sheet</a><a href=""https://cdn.shopify.com/s/files/1/0294/4116/3400/files/ASV-801_FM_Models_Spec_Sheet_0321.pdf?v=1617747960"">.</a>
</li>
</ul>
<ul></ul>",Dynamic AQS,Uncategorized,Fixed Mount UV,ECO,true,Size,"12""",,,,,,,,FM3-12/12/5,4082.013815341,,0,deny,manual,true,true,,,,,,https://cdn.shopify.com/s/files/1/0294/4116/3400/files/ECOFM3-16-16-5.jpg?v=1709242485,1,,false,,,,lb,,active
eco-healthy-home-fm-3-uvc-uvc-uvv-dual-germicidal-oxidation-system,,,,,,,,,"16""",,,,,,,,FM3-16/16/5,4082.013815341,,0,deny,manual,true,true,,,,,,,,,,,,,lb,,
ars-fm-3-uvc-uvc-uvv-dual-germicidal-oxidation-system,ARS BioForce Defender® Fixed Mount - FM3 UVC/UVV Triple Germicidal/Oxidation System,"<p>- Fixed Mount UVC H-lamp unit with 12"" and 16"" sizes available<br>- Three year warranty against lamp defects<br>- Lifetime warranty on all electric components<br>- Auto sensing ballast automatically compensates 120-277VAC 50/60Hz<br>- Suitable for up to a 10 ton AHU</p>
<p>Notes</p>
<ul>
<li>For more information, see our r<a href=""https://cdn.shopify.com/s/files/1/0294/4116/3400/files/ARS_UVC_UVV_Frequently_Asked_Questions_Sheet.pdf?v=1617810511"">UV Frequently Asked Questions</a><span></span> page or view/download the <span></span><a href=""https://cdn.shopify.com/s/files/1/0294/4116/3400/files/ARS-801_FM_Models_Spec_Sheet_0321.pdf?v=1617810279"">Spec Sheet</a><a href=""https://cdn.shopify.com/s/files/1/0294/4116/3400/files/ASV-801_FM_Models_Spec_Sheet_0321.pdf?v=1617747960"">.</a>
</li>
</ul>
<ul></ul>",Dynamic AQS,Uncategorized,Fixed Mount UV,ARS,true,Size,"12""",,,,,,,,FM3-12/12/5,4082.013815341,,-8,deny,manual,true,true,,,,,,https://cdn.shopify.com/s/files/1/0294/4116/3400/files/ARSFM3-16-16-5.jpg?v=1709241844,1,,false,,,,lb,,active
ars-fm-3-uvc-uvc-uvv-dual-germicidal-oxidation-system,,,,,,,,,"16""",,,,,,,,FM3-16/16/5,4082.013815341,,-3,deny,manual,true,true,,,,,,,,,,,,,lb,,
aireserv-fm-3-uvc-uvc-uvv-dual-germicidal-oxidation-system,AireServ BioForce Defender® Fixed Mount - FM3 UVC/UVV Triple Germicidal/Oxidation System,"<p>- Fixed Mount UVC H-lamp unit with 12"" and 16"" sizes available<br>- Three year warranty against lamp defects<br>- Lifetime warranty on all electric components<br>- Auto sensing ballast automatically compensates 120-277VAC 50/60Hz<br>- Suitable for up to a 10 ton AHU</p>
<p style=""text-decoration: underline;"">Notes</p>
<ul>
<li>For more information, see our <span></span><a href=""https://cdn.shopify.com/s/files/1/0294/4116/3400/files/ASV_UVC_UVV_Frequently_Asked_Questions_Sheet.pdf?v=1617748399"">UV Frequently Asked Questions</a><span></span> page or view/download the <span></span><a href=""https://cdn.shopify.com/s/files/1/0294/4116/3400/files/ASV-801_FM_Models_Spec_Sheet_0321.pdf?v=1617747960"">Spec Sheet.</a>
</li>
</ul>",Dynamic AQS,Uncategorized,Fixed Mount UV,ASV,true,Size,"12""",,,,,,,,FM3-12/12/5,4082.013815341,,-125,deny,manual,true,true,,,,,,https://cdn.shopify.com/s/files/1/0294/4116/3400/files/ASVFM3-16-16-5.jpg?v=1709242103,1,,false,,,,lb,,active
aireserv-fm-3-uvc-uvc-uvv-dual-germicidal-oxidation-system,,,,,,,,,"16""",,,,,,,,FM3-16/16/5,4082.013815341,,-10,deny,manual,true,true,,,,,,,,,,,,,lb,,
solace-air-fm-3-uvc-uvc-uvv-dual-germicidal-oxidation-system,SolaceAir BioForce Defender® Fixed Mount - FM3 UVC/UVV Triple Germicidal/Oxidation System,"<p>- Fixed Mount UVC H-lamp unit with 12"" and 16"" sizes available<br>- Three year warranty against lamp defects<br>- Lifetime warranty on all electric components<br>- Auto sensing ballast automatically compensates 120-277VAC 50/60Hz<br>- Suitable for up to a 10 ton AHU</p>
<p>Notes</p>
<ul>
<li>For more information, see our <span></span><a href=""https://cdn.shopify.com/s/files/1/0294/4116/3400/files/SLA_UVC_UVV_Frequently_Asked_Questions_Sheet.pdf?v=1617817352"">UV Frequently Asked Questions</a><span></span> page or view/download the <span></span><a href=""https://cdn.shopify.com/s/files/1/0294/4116/3400/files/SLA-801_FM_Models_Spec_Sheet_0321.pdf?v=1617816821"">Spec Sheet</a><a href=""https://cdn.shopify.com/s/files/1/0294/4116/3400/files/ASV-801_FM_Models_Spec_Sheet_0321.pdf?v=1617747960"">.</a>
</li>
</ul>",Dynamic AQS,Uncategorized,Fixed Mount UV,SLA,true,Size,"12""",,,,,,,,FM3-12/12/5,4082.013815341,,-115,deny,manual,true,true,,,,,,https://cdn.shopify.com/s/files/1/0294/4116/3400/files/SLAFM3-16-16-5.jpg?v=1709242891,1,,false,,,,lb,,active
solace-air-fm-3-uvc-uvc-uvv-dual-germicidal-oxidation-system,,,,,,,,,"16""",,,,,,,,FM3-16/16/5,4082.013815341,,-95,deny,manual,true,true,,,,,,,,,,,,,lb,,
1-low-pressure-replacement-media,LPD Replacement Media 4-Packs (Smaller than 18 Inch),"<p>4 pack of replacement media for our Low-Pressure Drop Polarized-Media Air Cleaners.</p>
<p>Includes Standard Sizes, Custom Sizes and Oversized (over 30 inches), with first dimension less than or equal to 18 inches.</p>
<p><u>Notes</u></p>
<ul>
<li>For smaller sizes see the <span></span><a href=""https://www.dynamiconlineorders.com/collections/1-inch-air-cleaners/products/1-low-pressure-replacement-media-large"">LPD Media Larger than 19 Inches</a> <span></span>product page.<br>
</li>
<li>For custom sizes, please <span></span><a href=""https://dynamiconlineorders.myshopify.com/pages/contact-us"">contact us</a><a href=""mailto:orders@dynamicaqs.com""></a>.</li>
<li><a href=""https://www.dynamiconlineorders.com/pages/measuring-replacement-media"">How to Measure for Replacement Media</a></li>
<li><a href=""https://cdn.shopify.com/s/files/1/0294/4116/3400/files/How_To_Change_The_Media_In_Your_Polarized-Media_Air_Cleaner_P-MAC.pdf?v=1632436087"">How to Change Media</a></li>
<li>For more information, see our <span></span><a href=""https://www.dynamiconlineorders.com/pages/polarized-media-air-cleaner-pmac-top-frequently-asked-questions"" title=""Air Cleaner FAQs"">P-MAC Frequently Asked Questions</a> <span></span>page.</li>
</ul>
<ul></ul>",Dynamic AQS,Uncategorized,1 Inch Air Cleaners,"ARS, ASV, BIO, CAD, ECO, ENV, NEX, SLA, SNA",true,Size,10x20x1,,,,,,,,C4LP1020,0.0,,-203,deny,manual,true,true,,,,,,https://cdn.shopify.com/s/files/1/0294/4116/3400/products/LPD_Replacement_Media.png?v=1609252508,1,,false,,,,lb,,active
1-low-pressure-replacement-media,,,,,,,,,10x24x1,,,,,,,,C4LP1024,0.0,,-33,deny,manual,true,true,,,,,,,,,,,,,lb,,
1-low-pressure-replacement-media,,,,,,,,,10x25x1,,,,,,,,C4LP1025,0.0,,-17,deny,manual,true,true,,,,,,,,,,,,,lb,,
1-low-pressure-replacement-media,,,,,,,,,10x30x1,,,,,,,,C4LP1030,0.0,,-22,deny,manual,true,true,,,,,,,,,,,,,lb,,
1-low-pressure-replacement-media,,,,,,,,,10X36X1,,,,,,,,C4LP1036,0.0,,0,deny,manual,true,true,,,,,,,,,,,,,lb,,
1-low-pressure-replacement-media,,,,,,,,,11-3/8X32-3/8X1,,,,,,,,C4LP113/8233/8X,0.0,,0,deny,manual,true,true,,,,,,,,,,,,,lb,,
1-low-pressure-replacement-media,,,,,,,,,12X12X1,,,,,,,,C4LP1212,0.0,,-262,deny,manual,true,true,,,,,,,,,,,,,lb,,
1-low-pressure-replacement-media,,,,,,,,,12X18X1,,,,,,,,C4LP1218,0.0,,-16,deny,manual,true,true,,,,,,,,,,,,,lb,,
1-low-pressure-replacement-media,,,,,,,,,12X20X1,,,,,,,,C4LP1220,0.0,,-174,deny,manual,true,true,,,,,,,,,,,,,lb,,
1-low-pressure-replacement-media,,,,,,,,,12X24X1,,,,,,,,C4LP1224,0.0,,-554,deny,manual,true,true,,,,,,,,,,,,,lb,,
1-low-pressure-replacement-media,,,,,,,,,12x25x1,,,,,,,,C4LP1225,0.0,,-33,deny,manual,true,true,,,,,,,,,,,,,lb,,
1-low-pressure-replacement-media,,,,,,,,,12x30x1,,,,,,,,C4LP1230,0.0,,-107,deny,manual,true,true,,,,,,,,,,,,,lb,,
1-low-pressure-replacement-media,,,,,,,,,12x36x1,,,,,,,,C4LP1236,0.0,,-21,deny,manual,true,true,,,,,,,,,,,,,lb,,
1-low-pressure-replacement-media,,,,,,,,,13-1/2X23-1/2X1,,,,,,,,C4LP131/2231/2X,0.0,,-6,deny,manual,true,true,,,,,,,,,,,,,lb,,
1-low-pressure-replacement-media,,,,,,,,,13-1/8x21-5/8x1,,,,,,,,C4LP131/8215/8X,0.0,,-196,deny,manual,true,true,,,,,,,,,,,,,lb,,
1-low-pressure-replacement-media,,,,,,,,,13X21-1/2X1,,,,,,,,C4LP13211/2X,0.0,,-6,deny,manual,true,true,,,,,,,,,,,,,lb,,
1-low-pressure-replacement-media,,,,,,,,,13x21x1,,,,,,,,C4LP1321,0.0,,-20,deny,manual,true,true,,,,,,,,,,,,,lb,,
1-low-pressure-replacement-media,,,,,,,,,14X14X1,,,,,,,,C4LP1414,0.0,,-242,deny,manual,true,true,,,,,,,,,,,,,lb,,
1-low-pressure-replacement-media,,,,,,,,,14X18X1,,,,,,,,C4LP1418,0.0,,-54,deny,manual,true,true,,,,,,,,,,,,,lb,,
1-low-pressure-replacement-media,,,,,,,,,14X20X1,,,,,,,,C4LP1420,0.0,,-1339,deny,manual,true,true,,,,,,,,,,,,,lb,,
1-low-pressure-replacement-media,,,,,,,,,14X22X1,,,,,,,,C4LP1422,0.0,,-41,deny,manual,true,true,,,,,,,,,,,,,lb,,
1-low-pressure-replacement-media,,,,,,,,,14X24X1,,,,,,,,C4LP1424,0.0,,-468,deny,manual,true,true,,,,,,,,,,,,,lb,,
1-low-pressure-replacement-media,,,,,,,,,14X25X1,,,,,,,,C4LP1425,0.0,,-1978,deny,manual,true,true,,,,,,,,,,,,,lb,,
1-low-pressure-replacement-media,,,,,,,,,14X30X1,,,,,,,,C4LP1430,0.0,,-518,deny,manual,true,true,,,,,,,,,,,,,lb,,
1-low-pressure-replacement-media,,,,,,,,,14X36X1,,,,,,,,C4LP1436,0.0,,-32,deny,manual,true,true,,,,,,,,,,,,,lb,,
1-low-pressure-replacement-media,,,,,,,,,15-1/2X24-1/2X1,,,,,,,,C4LP151/2241/2X,0.0,,-5,deny,manual,true,true,,,,,,,,,,,,,lb,,
1-low-pressure-replacement-media,,,,,,,,,15X20X1,,,,,,,,C4LP1520,0.0,,-180,deny,manual,true,true,,,,,,,,,,,,,lb,,
1-low-pressure-replacement-media,,,,,,,,,15X21X1,,,,,,,,C4LP1521,0.0,,-4,deny,manual,true,true,,,,,,,,,,,,,lb,,
1-low-pressure-replacement-media,,,,,,,,,15x22x1,,,,,,,,C4LP1522,0.0,,-11,deny,manual,true,true,,,,,,,,,,,,,lb,,
1-low-pressure-replacement-media,,,,,,,,,15x25x1,,,,,,,,C4LP1525,0.0,,-69,deny,manual,true,true,,,,,,,,,,,,,lb,,
1-low-pressure-replacement-media,,,,,,,,,16-1/2X21-5/8X1,,,,,,,,C4LP161/2215/8X,0.0,,-1083,deny,manual,true,true,,,,,,,,,,,,,lb,,
1-low-pressure-replacement-media,,,,,,,,,16-1/2X21X1,,,,,,,,C4LP161/221X,0.0,,-6,deny,manual,true,true,,,,,,,,,,,,,lb,,
1-low-pressure-replacement-media,,,,,,,,,16-1/2X28-1/2X1,,,,,,,,C4LP161/2281/2X,0.0,,-1,deny,manual,true,true,,,,,,,,,,,,,lb,,
1-low-pressure-replacement-media,,,,,,,,,16-3/8x21-1/2,,,,,,,,C4LP163/8211/2X,0.0,,-198,deny,manual,true,true,,,,,,,,,,,,,lb,,
1-low-pressure-replacement-media,,,,,,,,,16-9/16X27-1/2X1,,,,,,,,C4LP169/16271/2X,0.0,,-34,deny,manual,true,true,,,,,,,,,,,,,lb,,
1-low-pressure-replacement-media,,,,,,,,,16x16x1,,,,,,,,C4LP1616,0.0,,-134,deny,manual,true,true,,,,,,,,,,,,,lb,,
1-low-pressure-replacement-media,,,,,,,,,16X18X1,,,,,,,,C4LP1618,0.0,,-20,deny,manual,true,true,,,,,,,,,,,,,lb,,
1-low-pressure-replacement-media,,,,,,,,,16X20X1,,,,,,,,C4LP1620,0.0,,-12776,deny,manual,true,true,,,,,,,,,,,,,lb,,
1-low-pressure-replacement-media,,,,,,,,,16X21-1/2X1,,,,,,,,C4LP16211/2X,0.0,,-15,deny,manual,true,true,,,,,,,,,,,,,lb,,
1-low-pressure-replacement-media,,,,,,,,,16x21x1,,,,,,,,C4LP1621,0.0,,-29,deny,manual,true,true,,,,,,,,,,,,,lb,,
1-low-pressure-replacement-media,,,,,,,,,16X24X1,,,,,,,,C4LP1624,0.0,,-346,deny,manual,true,true,,,,,,,,,,,,,lb,,
1-low-pressure-replacement-media,,,,,,,,,16X25X1,,,,,,,,C4LP1625,0.0,,-40395,deny,manual,true,true,,,,,,,,,,,,,lb,,
1-low-pressure-replacement-media,,,,,,,,,16X30X1,,,,,,,,C4LP1630,0.0,,-164,deny,manual,true,true,,,,,,,,,,,,,lb,,
1-low-pressure-replacement-media,,,,,,,,,16x32x1,,,,,,,,C4LP1632,0.0,,-18,deny,manual,true,true,,,,,,,,,,,,,lb,,
1-low-pressure-replacement-media,,,,,,,,,16x40x1,,,,,,,,C4LP1640,0.0,,-63,deny,manual,true,true,,,,,,,,,,,,,lb,,
1-low-pressure-replacement-media,,,,,,,,,17-3/8x17-3/8x1,,,,,,,,C4LP173/8173/8X,0.0,,-4,deny,manual,true,true,,,,,,,,,,,,,lb,,
1-low-pressure-replacement-media,,,,,,,,,17-3/8x23-3/8x1,,,,,,,,C4LP173/8233/8X,0.0,,-15,deny,manual,true,true,,,,,,,,,,,,,lb,,
1-low-pressure-replacement-media,,,,,,,,,17-3/8x29-3/8x1,,,,,,,,C4LP173/8293/8X,0.0,,-5,deny,manual,true,true,,,,,,,,,,,,,lb,,
1-low-pressure-replacement-media,,,,,,,,,17-3/8x35-3/8x1,,,,,,,,C4LP173/8353/8X,0.0,,-1,deny,manual,true,true,,,,,,,,,,,,,lb,,
1-low-pressure-replacement-media,,,,,,,,,17X18X1,,,,,,,,C4LP1718,0.0,,-14,deny,manual,true,true,,,,,,,,,,,,,lb,,
1-low-pressure-replacement-media,,,,,,,,,17X25X1,,,,,,,,C4LP1725,0.0,,-21,deny,manual,true,true,,,,,,,,,,,,,lb,,
1-low-pressure-replacement-media,,,,,,,,,17X28-1/4X1,,,,,,,,C4LP17281/4X,0.0,,-35,deny,manual,true,true,,,,,,,,,,,,,lb,,
1-low-pressure-replacement-media,,,,,,,,,17X28X1,,,,,,,,C4LP1728,0.0,,-6,deny,manual,true,true,,,,,,,,,,,,,lb,,
1-low-pressure-replacement-media,,,,,,,,,18X18X1,,,,,,,,C4LP1818,0.0,,-284,deny,manual,true,true,,,,,,,,,,,,,lb,,
1-low-pressure-replacement-media,,,,,,,,,18X20X1,,,,,,,,C4LP1820,0.0,,-782,deny,manual,true,true,,,,,,,,,,,,,lb,,
1-low-pressure-replacement-media,,,,,,,,,18X22X1,,,,,,,,C4LP1822,0.0,,-80,deny,manual,true,true,,,,,,,,,,,,,lb,,
1-low-pressure-replacement-media,,,,,,,,,18X24X1,,,,,,,,C4LP1824,0.0,,-519,deny,manual,true,true,,,,,,,,,,,,,lb,,
1-low-pressure-replacement-media,,,,,,,,,18x25x1,,,,,,,,C4LP1825,0.0,,-62,deny,manual,true,true,,,,,,,,,,,,,lb,,
1-low-pressure-replacement-media,,,,,,,,,18X26X1,,,,,,,,C4LP1826,0.0,,-3,deny,manual,true,true,,,,,,,,,,,,,lb,,
1-low-pressure-replacement-media,,,,,,,,,18X28X1,,,,,,,,C4LP1828,0.0,,-20,deny,manual,true,true,,,,,,,,,,,,,lb,,
1-low-pressure-replacement-media,,,,,,,,,18X30X1,,,,,,,,C4LP1830,0.0,,-222,deny,manual,true,true,,,,,,,,,,,,,lb,,
1-low-pressure-replacement-media,,,,,,,,,18x36x1,,,,,,,,C4LP1836,0.0,,-30,deny,manual,true,true,,,,,,,,,,,,,lb,,
1-low-pressure-replacement-media,,,,,,,,,18x38x1,,,,,,,,C4LP1838,0.0,,-3,deny,manual,true,true,,,,,,,,,,,,,lb,,
1-low-pressure-replacement-media-large,LPD Replacement Media 4-Packs (Larger than 19 Inch),"<p>4 pack of replacement media for our Low-Pressure Drop Polarized-Media Air Cleaners.</p>
<p>Includes Standard Sizes, Custom Sizes and Oversized (over 30 inches), with first dimension greater than or equal 19 inches.</p>
<p><u>Notes</u></p>
<ul>
<li>For smaller sizes see the <a href=""/collections/1-inch-air-cleaners/products/1-low-pressure-replacement-media"">LPD Media Smaller than 18 Inch</a> product page.<br>
</li>
<li>For custom sizes, please <a href=""/pages/contact-us"">contact us</a><a href=""mailto:orders@dynamicaqs.com""></a>.</li>
<li><a href=""https://www.dynamiconlineorders.com/pages/measuring-replacement-media"">How to Measure for Replacement Media</a></li>
<li><a href=""https://cdn.shopify.com/s/files/1/0294/4116/3400/files/How_To_Change_The_Media_In_Your_Polarized-Media_Air_Cleaner_P-MAC.pdf?v=1632436087"">How to Change Media</a></li>
<li>For more information, see our <a title=""Air Cleaner FAQs"" href=""https://www.dynamiconlineorders.com/pages/polarized-media-air-cleaner-pmac-top-frequently-asked-questions"">P-MAC Frequently Asked Questions</a> page.</li>
</ul>",Dynamic AQS,,1 Inch Air Cleaners,"ARS, ASV, BIO, CAD, ECO, ENV, NEX, SLA, SNA",true,Size,19-1/2x21-1/4x1,,,,,,,,C4LP191/2211/4X,0.0,,-175,deny,manual,true,true,,,,,,https://cdn.shopify.com/s/files/1/0294/4116/3400/products/LPD_Replacement_Media_d1cbf1e7-5f13-4f9c-a146-8a507746d80f.png?v=1609252536,1,,false,,,,lb,,active
1-low-pressure-replacement-media-large,,,,,,,,,19-1/2x24-1/2X1,,,,,,,,C4LP191/2241/2X,0.0,,-13,deny,manual,true,true,,,,,,,,,,,,,lb,,
1-low-pressure-replacement-media-large,,,,,,,,,19-3/8x19-3/8x1,,,,,,,,C4LP193/8193/8X,0.0,,-22,deny,manual,true,true,,,,,,,,,,,,,lb,,
1-low-pressure-replacement-media-large,,,,,,,,,19-3/8x23-3/8x1,,,,,,,,C4LP193/8233/8X,0.0,,-12,deny,manual,true,true,,,,,,,,,,,,,lb,,
1-low-pressure-replacement-media-large,,,,,,,,,19-3/8x29-3/8x1,,,,,,,,C4LP193/8293/8X,0.0,,-3,deny,manual,true,true,,,,,,,,,,,,,lb,,
1-low-pressure-replacement-media-large,,,,,,,,,19-7/8x21-1/2x1,,,,,,,,C4LP197/8211/2X,0.0,,-503,deny,manual,true,true,,,,,,,,,,,,,lb,,
1-low-pressure-replacement-media-large,,,,,,,,,19x21x1,,,,,,,,C4LP1921,0.0,,-7,deny,manual,true,true,,,,,,,,,,,,,lb,,
1-low-pressure-replacement-media-large,,,,,,,,,19x24x1,,,,,,,,C4LP1924,0.0,,-7,deny,manual,true,true,,,,,,,,,,,,,lb,,
1-low-pressure-replacement-media-large,,,,,,,,,20x20x1,,,,,,,,C4LP2020,0.0,,-14739,deny,manual,true,true,,,,,,,,,,,,,lb,,
1-low-pressure-replacement-media-large,,,,,,,,,20x21-5/8x1,,,,,,,,C4LP20215/8X,0.0,,-1484,deny,manual,true,true,,,,,,,,,,,,,lb,,
1-low-pressure-replacement-media-large,,,,,,,,,20x22-3/4x1,,,,,,,,C4LP20223/4X,0.0,,-23,deny,manual,true,true,,,,,,,,,,,,,lb,,
1-low-pressure-replacement-media-large,,,,,,,,,20x22x1,,,,,,,,C4LP2022,0.0,,-515,deny,manual,true,true,,,,,,,,,,,,,lb,,
1-low-pressure-replacement-media-large,,,,,,,,,20x23x1,,,,,,,,C4LP2023,0.0,,-513,deny,manual,true,true,,,,,,,,,,,,,lb,,
1-low-pressure-replacement-media-large,,,,,,,,,20x24x1,,,,,,,,C4LP2024,0.0,,-1707,deny,manual,true,true,,,,,,,,,,,,,lb,,
1-low-pressure-replacement-media-large,,,,,,,,,20x25x1,,,,,,,,C4LP2025,0.0,,-35827,deny,manual,true,true,,,,,,,,,,,,,lb,,
1-low-pressure-replacement-media-large,,,,,,,,,20x28x1,,,,,,,,C4LP2028,0.0,,-19,deny,manual,true,true,,,,,,,,,,,,,lb,,
1-low-pressure-replacement-media-large,,,,,,,,,20x30x1,,,,,,,,C4LP2030,0.0,,-3782,deny,manual,true,true,,,,,,,,,,,,,lb,,
1-low-pressure-replacement-media-large,,,,,,,,,20x32x1,,,,,,,,C4LP2032,0.0,,-7,deny,manual,true,true,,,,,,,,,,,,,lb,,
1-low-pressure-replacement-media-large,,,,,,,,,20x36x1,,,,,,,,C4LP2036,0.0,,-194,deny,manual,true,true,,,,,,,,,,,,,lb,,
1-low-pressure-replacement-media-large,,,,,,,,,20x37x1,,,,,,,,C4LP2037,0.0,,0,deny,manual,true,true,,,,,,,,,,,,,lb,,
1-low-pressure-replacement-media-large,,,,,,,,,20x40x1,,,,,,,,C4LP2040,0.0,,-833,deny,manual,true,true,,,,,,,,,,,,,lb,,
1-low-pressure-replacement-media-large,,,,,,,,,20x42x1,,,,,,,,C4LP2042,0.0,,-4,deny,manual,true,true,,,,,,,,,,,,,lb,,
1-low-pressure-replacement-media-large,,,,,,,,,20x47x1,,,,,,,,C4LP2047,0.0,,-2,deny,manual,true,true,,,,,,,,,,,,,lb,,
1-low-pressure-replacement-media-large,,,,,,,,,20x48x1,,,,,,,,C4LP2048,0.0,,-2,deny,manual,true,true,,,,,,,,,,,,,lb,,
1-low-pressure-replacement-media-large,,,,,,,,,20x50x1,,,,,,,,C4LP2050,0.0,,-88,deny,manual,true,true,,,,,,,,,,,,,lb,,
1-low-pressure-replacement-media-large,,,,,,,,,21-1/2x23-1/4x1,,,,,,,,C4LP211/2231/4X,0.0,,-538,deny,manual,true,true,,,,,,,,,,,,,lb,,
1-low-pressure-replacement-media-large,,,,,,,,,21-1/2x25-1/2x1,,,,,,,,C4LP211/2251/2X,0.0,,-205,deny,manual,true,true,,,,,,,,,,,,,lb,,
1-low-pressure-replacement-media-large,,,,,,,,,21x21x1,,,,,,,,C4LP2121,0.0,,-15,deny,manual,true,true,,,,,,,,,,,,,lb,,
1-low-pressure-replacement-media-large,,,,,,,,,21x22x1,,,,,,,,C4LP2122,0.0,,-31,deny,manual,true,true,,,,,,,,,,,,,lb,,
1-low-pressure-replacement-media-large,,,,,,,,,21x23x1,,,,,,,,C4LP2123,0.0,,-22,deny,manual,true,true,,,,,,,,,,,,,lb,,
1-low-pressure-replacement-media-large,,,,,,,,,21x25-3/16x1,,,,,,,,C4LP21253/16X,0.0,,-26,deny,manual,true,true,,,,,,,,,,,,,lb,,
1-low-pressure-replacement-media-large,,,,,,,,,21x25x1,,,,,,,,C4LP2125,0.0,,-39,deny,manual,true,true,,,,,,,,,,,,,lb,,
1-low-pressure-replacement-media-large,,,,,,,,,22x22x1,,,,,,,,C4LP2222,0.0,,-33,deny,manual,true,true,,,,,,,,,,,,,lb,,
1-low-pressure-replacement-media-large,,,,,,,,,22x24x1,,,,,,,,C4LP2224,0.0,,-18,deny,manual,true,true,,,,,,,,,,,,,lb,,
1-low-pressure-replacement-media-large,,,,,,,,,22x25x1,,,,,,,,C4LP2225,0.0,,-31,deny,manual,true,true,,,,,,,,,,,,,lb,,
1-low-pressure-replacement-media-large,,,,,,,,,22x30x1,,,,,,,,C4LP2230,0.0,,-5,deny,manual,true,true,,,,,,,,,,,,,lb,,
1-low-pressure-replacement-media-large,,,,,,,,,23-1/2x29-1/2x1,,,,,,,,C4LP231/2291/2X,0.0,,-3,deny,manual,true,true,,,,,,,,,,,,,lb,,
1-low-pressure-replacement-media-large,,,,,,,,,23-3/8x23-3/8x1,,,,,,,,C4LP233/8233/8X,0.0,,-15,deny,manual,true,true,,,,,,,,,,,,,lb,,
1-low-pressure-replacement-media-large,,,,,,,,,23x20x1,,,,,,,,C4LP2320,0.0,,-37,deny,manual,true,true,,,,,,,,,,,,,lb,,
1-low-pressure-replacement-media-large,,,,,,,,,24x24x1,,,,,,,,C4LP2424,0.0,,-1044,deny,manual,true,true,,,,,,,,,,,,,lb,,
1-low-pressure-replacement-media-large,,,,,,,,,24x25x1,,,,,,,,C4LP2425,0.0,,-88,deny,manual,true,true,,,,,,,,,,,,,lb,,
1-low-pressure-replacement-media-large,,,,,,,,,24x26x1,,,,,,,,C4LP2426,0.0,,-16,deny,manual,true,true,,,,,,,,,,,,,lb,,
1-low-pressure-replacement-media-large,,,,,,,,,24x28x1,,,,,,,,C4LP2428,0.0,,-40,deny,manual,true,true,,,,,,,,,,,,,lb,,
1-low-pressure-replacement-media-large,,,,,,,,,24x30x1,,,,,,,,C4LP2430,0.0,,-1232,deny,manual,true,true,,,,,,,,,,,,,lb,,
1-low-pressure-replacement-media-large,,,,,,,,,24x31x1,,,,,,,,C4LP2431,0.0,,-1,deny,manual,true,true,,,,,,,,,,,,,lb,,
1-low-pressure-replacement-media-large,,,,,,,,,24x36x1,,,,,,,,C4LP2436,0.0,,-30,deny,manual,true,true,,,,,,,,,,,,,lb,,
1-low-pressure-replacement-media-large,,,,,,,,,25x20x1,,,,,,,,C4LP2520,0.0,,-44,deny,manual,true,true,,,,,,,,,,,,,lb,,
1-low-pressure-replacement-media-large,,,,,,,,,25x25x1,,,,,,,,C4LP2525,0.0,,-795,deny,manual,true,true,,,,,,,,,,,,,lb,,
1-low-pressure-replacement-media-large,,,,,,,,,25x30x1,,,,,,,,C4LP2530,0.0,,-94,deny,manual,true,true,,,,,,,,,,,,,lb,,
1-low-pressure-replacement-media-large,,,,,,,,,25x32x1,,,,,,,,C4LP2532,0.0,,-74,deny,manual,true,true,,,,,,,,,,,,,lb,,
1-low-pressure-replacement-media-large,,,,,,,,,28x30x1,,,,,,,,C4LP2830,0.0,,-155,deny,manual,true,true,,,,,,,,,,,,,lb,,
1-low-pressure-replacement-media-large,,,,,,,,,28x32x1,,,,,,,,C4LP2832,0.0,,-1,deny,manual,true,true,,,,,,,,,,,,,lb,,
1-low-pressure-replacement-media-large,,,,,,,,,28x34x1,,,,,,,,C4LP2834,0.0,,-31,deny,manual,true,true,,,,,,,,,,,,,lb,,
1-low-pressure-replacement-media-large,,,,,,,,,30x30x1,,,,,,,,C4LP3030,0.0,,-38,deny,manual,true,true,,,,,,,,,,,,,lb,,
1-low-pressure-replacement-media-large,,,,,,,,,30x32x1,,,,,,,,C4LP3032,0.0,,-121,deny,manual,true,true,,,,,,,,,,,,,lb,,
1-low-pressure-replacement-media-large,,,,,,,,,30x36x1,,,,,,,,C4LP3036,0.0,,-185,deny,manual,true,true,,,,,,,,,,,,,lb,,
1-low-pressure-panels,"1"" Polarized-Media Air Cleaner (P-MAC)","<p>1-Inch Polarized-Media Air Cleaners (i.e. Panels) - Standard Sizes, Custom Sizes and Oversized (over 30 inches).</p>
<p>The powerhead is on the shorter side of the panel.</p>
<p>Includes 1 media pad in the panel plus 3 extra Low-Pressure Drop (LPD) replacement media pads and a wire pack with instructions.</p>
<p>24 Volts AC.<br></p>
<p><span style=""text-decoration: underline;"">Notes</span></p>
<div>
<ul>
<li>For other sizes not listed or retrofit panels, please <a href=""/pages/contact-us"">contact us</a>.</li>
<li>For more information, see our <a href=""https://www.dynamiconlineorders.com/pages/polarized-media-air-cleaner-pmac-top-frequently-asked-questions"">P-MAC Frequently Asked Questions</a> page.</li>
</ul>
</div>
<p></p>",Dynamic AQS,Home & Garden > Household Appliances > Climate Control Appliances > Air Purifiers,1 Inch Air Cleaners,"ARS, ASV, BIO, CAD, ECO, ENV, NEX, SLA, SNA",true,Size,10x20x1,,,,,,,,3LP1020,0.0,,-129,deny,manual,true,true,,,,,,https://cdn.shopify.com/s/files/1/0294/4116/3400/products/LPD_Panels_afee673f-7299-4912-8f91-852ca26d7fbb.png?v=1609254213,1,,false,,,,lb,,active
1-low-pressure-panels,,,,,,,,,10x24x1,,,,,,,,3LP1024,0.0,,-22,deny,manual,true,true,,,,,,https://cdn.shopify.com/s/files/1/0294/4116/3400/products/LPD_Panels_2.png?v=1610835599,2,,,,,,lb,,
1-low-pressure-panels,,,,,,,,,10x25x1,,,,,,,,3LP1025,0.0,,-3,deny,manual,true,true,,,,,,,,,,,,,lb,,
1-low-pressure-panels,,,,,,,,,10x30x1,,,,,,,,3LP1030,0.0,,-12,deny,manual,true,true,,,,,,,,,,,,,lb,,
1-low-pressure-panels,,,,,,,,,12x12x1,,,,,,,,3LP1212,0.0,,-54,deny,manual,true,true,,,,,,,,,,,,,lb,,
1-low-pressure-panels,,,,,,,,,12x20x1,,,,,,,,3LP1220,0.0,,-55,deny,manual,true,true,,,,,,,,,,,,,lb,,
1-low-pressure-panels,,,,,,,,,12x24x1,,,,,,,,3LP1224,0.0,,-162,deny,manual,true,true,,,,,,,,,,,,,lb,,
1-low-pressure-panels,,,,,,,,,12x25x1,,,,,,,,3LP1225,0.0,,-9,deny,manual,true,true,,,,,,,,,,,,,lb,,
1-low-pressure-panels,,,,,,,,,12x30x1,,,,,,,,3LP1230,0.0,,-31,deny,manual,true,true,,,,,,,,,,,,,lb,,
1-low-pressure-panels,,,,,,,,,12x36x1,,,,,,,,3LP1236,0.0,,-12,deny,manual,true,true,,,,,,,,,,,,,lb,,
1-low-pressure-panels,,,,,,,,,13-1/8x21-5/8x1,,,,,,,,3LP131/8215/8X,0.0,,-20,deny,manual,true,true,,,,,,,,,,,,,lb,,
1-low-pressure-panels,,,,,,,,,13x19x1,,,,,,,,3LP1319,0.0,,-5,deny,manual,true,true,,,,,,,,,,,,,lb,,
1-low-pressure-panels,,,,,,,,,13x21x1,,,,,,,,3LP1321,0.0,,-8,deny,manual,true,true,,,,,,,,,,,,,lb,,
1-low-pressure-panels,,,,,,,,,14x14x1,,,,,,,,3LP1414,0.0,,-110,deny,manual,true,true,,,,,,,,,,,,,lb,,
1-low-pressure-panels,,,,,,,,,14x19x1,,,,,,,,3LP1419,0.0,,-1,deny,manual,true,true,,,,,,,,,,,,,lb,,
1-low-pressure-panels,,,,,,,,,14x20x1,,,,,,,,3LP1420,0.0,,-374,deny,manual,true,true,,,,,,,,,,,,,lb,,
1-low-pressure-panels,,,,,,,,,14x24x1,,,,,,,,3LP1424,0.0,,-188,deny,manual,true,true,,,,,,,,,,,,,lb,,
1-low-pressure-panels,,,,,,,,,14x25x1,,,,,,,,3LP1425,0.0,,-614,deny,manual,true,true,,,,,,,,,,,,,lb,,
1-low-pressure-panels,,,,,,,,,14x30x1,,,,,,,,3LP1430,0.0,,-283,deny,manual,true,true,,,,,,,,,,,,,lb,,
1-low-pressure-panels,,,,,,,,,15x20x1,,,,,,,,3LP1520,0.0,,-273,deny,manual,true,true,,,,,,,,,,,,,lb,,
1-low-pressure-panels,,,,,,,,,15x22x1,,,,,,,,3LP1522,0.0,,-1,deny,manual,true,true,,,,,,,,,,,,,lb,,
1-low-pressure-panels,,,,,,,,,15x24x1,,,,,,,,3LP1524,0.0,,-1,deny,manual,true,true,,,,,,,,,,,,,lb,,
1-low-pressure-panels,,,,,,,,,15x25x1,,,,,,,,3LP1525,0.0,,-13,deny,manual,true,true,,,,,,,,,,,,,lb,,
1-low-pressure-panels,,,,,,,,,16-1/2x21-5/8x1,,,,,,,,3LP161/2215/8X,0.0,,-63,deny,manual,true,true,,,,,,,,,,,,,lb,,
1-low-pressure-panels,,,,,,,,,16-3/8x21-1/2,,,,,,,,3LP163/8211/2X,0.0,,-122,deny,manual,true,true,,,,,,,,,,,,,lb,,
1-low-pressure-panels,,,,,,,,,16x16x1,,,,,,,,3LP1616,0.0,,-83,deny,manual,true,true,,,,,,,,,,,,,lb,,
1-low-pressure-panels,,,,,,,,,16x20x1,,,,,,,,3LP1620,0.0,,-2779,deny,manual,true,true,,,,,,,,,,,,,lb,,
1-low-pressure-panels,,,,,,,,,16x21x1,,,,,,,,3LP1621,0.0,,-11,deny,manual,true,true,,,,,,,,,,,,,lb,,
1-low-pressure-panels,,,,,,,,,16x24x1,,,,,,,,3LP1624,0.0,,-97,deny,manual,true,true,,,,,,,,,,,,,lb,,
1-low-pressure-panels,,,,,,,,,16x25x1,,,,,,,,3LP1625,0.0,,-5950,deny,manual,true,true,,,,,,,,,,,,,lb,,
1-low-pressure-panels,,,,,,,,,16x30x1,,,,,,,,3LP1630,0.0,,-57,deny,manual,true,true,,,,,,,,,,,,,lb,,
1-low-pressure-panels,,,,,,,,,16x40x1,,,,,,,,3LP1640,0.0,,-16,deny,manual,true,true,,,,,,,,,,,,,lb,,
1-low-pressure-panels,,,,,,,,,17-3/8x17-3/8x1,,,,,,,,3LP173/8173/8X,0.0,,-2,deny,manual,true,true,,,,,,,,,,,,,lb,,
1-low-pressure-panels,,,,,,,,,17-3/8x23-3/8x1,,,,,,,,3LP173/8233/8X,0.0,,-15,deny,manual,true,true,,,,,,,,,,,,,lb,,
1-low-pressure-panels,,,,,,,,,17-3/8x29-3/8x1,,,,,,,,3LP173/8293/8X,0.0,,-1,deny,manual,true,true,,,,,,,,,,,,,lb,,
1-low-pressure-panels,,,,,,,,,17-3/8x35-3/8x1,,,,,,,,3LP173/8353/8X,0.0,,-3,deny,manual,true,true,,,,,,,,,,,,,lb,,
1-low-pressure-panels,,,,,,,,,18x18x1,,,,,,,,3LP1818,0.0,,-129,deny,manual,true,true,,,,,,,,,,,,,lb,,
1-low-pressure-panels,,,,,,,,,18x20x1,,,,,,,,3LP1820,0.0,,-831,deny,manual,true,true,,,,,,,,,,,,,lb,,
1-low-pressure-panels,,,,,,,,,18x24x1,,,,,,,,3LP1824,0.0,,-541,deny,manual,true,true,,,,,,,,,,,,,lb,,
1-low-pressure-panels,,,,,,,,,18x25x1,,,,,,,,3LP1825,0.0,,-23,deny,manual,true,true,,,,,,,,,,,,,lb,,
1-low-pressure-panels,,,,,,,,,18x30x1,,,,,,,,3LP1830,0.0,,-147,deny,manual,true,true,,,,,,,,,,,,,lb,,
1-low-pressure-panels,,,,,,,,,18x36x1,,,,,,,,3LP1836,0.0,,-6,deny,manual,true,true,,,,,,,,,,,,,lb,,
1-low-pressure-panels,,,,,,,,,18x38x1,,,,,,,,3LP1838,0.0,,-3,deny,manual,true,true,,,,,,,,,,,,,lb,,
1-low-pressure-panels,,,,,,,,,19-1/2x19-1/2x1,,,,,,,,3LP191/2191/2X,0.0,,-20,deny,manual,true,true,,,,,,,,,,,,,lb,,
1-low-pressure-panels,,,,,,,,,19-1/2x20x1,,,,,,,,3LP191/220X,0.0,,-56,deny,manual,true,true,,,,,,,,,,,,,lb,,
1-low-pressure-panels,,,,,,,,,19-1/2x21x1,,,,,,,,3LP191/221X,0.0,,-16,deny,manual,true,true,,,,,,,,,,,,,lb,,
1-low-pressure-panels,,,,,,,,,19-1/2x24-1/2x1,,,,,,,,3LP191/2241/2X,0.0,,-10,deny,manual,true,true,,,,,,,,,,,,,lb,,
1-low-pressure-panels,,,,,,,,,19-3/4x21-1/2x1,,,,,,,,3LP193/4211/2X,0.0,,-11,deny,manual,true,true,,,,,,,,,,,,,lb,,
1-low-pressure-panels,,,,,,,,,19-3/8x19-3/8x1,,,,,,,,3LP193/8193/8X,0.0,,-4,deny,manual,true,true,,,,,,,,,,,,,lb,,
1-low-pressure-panels,,,,,,,,,19-3/8x23-3/8x1,,,,,,,,3LP193/8233/8X,0.0,,-9,deny,manual,true,true,,,,,,,,,,,,,lb,,
1-low-pressure-panels,,,,,,,,,19-3/8x29-3/8x1,,,,,,,,3LP193/8293/8X,0.0,,-4,deny,manual,true,true,,,,,,,,,,,,,lb,,
1-low-pressure-panels,,,,,,,,,19-7/8x21-1/2x1,,,,,,,,3LP197/8211/2X,0.0,,-190,deny,manual,true,true,,,,,,,,,,,,,lb,,
1-low-pressure-panels,,,,,,,,,19x21x1,,,,,,,,3LP1921,0.0,,-9,deny,manual,true,true,,,,,,,,,,,,,lb,,
1-low-pressure-panels,,,,,,,,,20x20x1,,,,,,,,3LP2020,0.0,,-4621,deny,manual,true,true,,,,,,,,,,,,,lb,,
1-low-pressure-panels,,,,,,,,,20x21-5/8x1,,,,,,,,3LP20215/8X,0.0,,-48,deny,manual,true,true,,,,,,,,,,,,,lb,,
1-low-pressure-panels,,,,,,,,,20x21x1,,,,,,,,3LP2021,0.0,,-29,deny,manual,true,true,,,,,,,,,,,,,lb,,
1-low-pressure-panels,,,,,,,,,20x22-3/4x1,,,,,,,,3LP20223/4X,0.0,,-5,deny,manual,true,true,,,,,,,,,,,,,lb,,
1-low-pressure-panels,,,,,,,,,20x22x1,,,,,,,,3LP2022,0.0,,-293,deny,manual,true,true,,,,,,,,,,,,,lb,,
1-low-pressure-panels,,,,,,,,,20x23x1,,,,,,,,3LP2023,0.0,,-446,deny,manual,true,true,,,,,,,,,,,,,lb,,
1-low-pressure-panels,,,,,,,,,20x24x1,,,,,,,,3LP2024,0.0,,-1193,deny,manual,true,true,,,,,,,,,,,,,lb,,
1-low-pressure-panels,,,,,,,,,20x25x1,,,,,,,,3LP2025,0.0,,-6156,deny,manual,true,true,,,,,,,,,,,,,lb,,
1-low-pressure-panels,,,,,,,,,20x30x1,,,,,,,,3LP2030,0.0,,-898,deny,manual,true,true,,,,,,,,,,,,,lb,,
1-low-pressure-panels,,,,,,,,,20x32x1,,,,,,,,3LP2032,0.0,,-2,deny,manual,true,true,,,,,,,,,,,,,lb,,
1-low-pressure-panels,,,,,,,,,20x36x1,,,,,,,,3LP2036,0.0,,-27,deny,manual,true,true,,,,,,,,,,,,,lb,,
1-low-pressure-panels,,,,,,,,,20x37x1,,,,,,,,3LP2037,0.0,,0,deny,manual,true,true,,,,,,,,,,,,,lb,,
1-low-pressure-panels,,,,,,,,,20x40x1,,,,,,,,3LP2040,0.0,,-190,deny,manual,true,true,,,,,,,,,,,,,lb,,
1-low-pressure-panels,,,,,,,,,20x50x1,,,,,,,,3LP2050,0.0,,-23,deny,manual,true,true,,,,,,,,,,,,,lb,,
1-low-pressure-panels,,,,,,,,,21-1/2x23-1/4x1,,,,,,,,3LP211/2231/4X,0.0,,-85,deny,manual,true,true,,,,,,,,,,,,,lb,,
1-low-pressure-panels,,,,,,,,,21-1/2x25-1/2x1,,,,,,,,3LP211/2251/2X,0.0,,-6,deny,manual,true,true,,,,,,,,,,,,,lb,,
1-low-pressure-panels,,,,,,,,,21x25x1,,,,,,,,3LP2125,0.0,,-12,deny,manual,true,true,,,,,,,,,,,,,lb,,
1-low-pressure-panels,,,,,,,,,22x22x1,,,,,,,,3LP2222,0.0,,-7,deny,manual,true,true,,,,,,,,,,,,,lb,,
1-low-pressure-panels,,,,,,,,,22x25x1,,,,,,,,3LP2225,0.0,,-6,deny,manual,true,true,,,,,,,,,,,,,lb,,
1-low-pressure-panels,,,,,,,,,23-3/8x23-3/8x1,,,,,,,,3LP233/8233/8X,0.0,,-3,deny,manual,true,true,,,,,,,,,,,,,lb,,
1-low-pressure-panels,,,,,,,,,23x20x1,,,,,,,,3LP2320,0.0,,-95,deny,manual,true,true,,,,,,,,,,,,,lb,,
1-low-pressure-panels,,,,,,,,,24x24x1,,,,,,,,3LP2424,0.0,,-339,deny,manual,true,true,,,,,,,,,,,,,lb,,
1-low-pressure-panels,,,,,,,,,24x25x1,,,,,,,,3LP2425,0.0,,-48,deny,manual,true,true,,,,,,,,,,,,,lb,,
1-low-pressure-panels,,,,,,,,,24x26x1,,,,,,,,3LP2426,0.0,,-5,deny,manual,true,true,,,,,,,,,,,,,lb,,
1-low-pressure-panels,,,,,,,,,24x28x1,,,,,,,,3LP2428,0.0,,-5,deny,manual,true,true,,,,,,,,,,,,,lb,,
1-low-pressure-panels,,,,,,,,,24x30x1,,,,,,,,3LP2430,0.0,,-207,deny,manual,true,true,,,,,,,,,,,,,lb,,
1-low-pressure-panels,,,,,,,,,24x36x1,,,,,,,,3LP2436,0.0,,-20,deny,manual,true,true,,,,,,,,,,,,,lb,,
1-low-pressure-panels,,,,,,,,,25x25x1,,,,,,,,3LP2525,0.0,,-148,deny,manual,true,true,,,,,,,,,,,,,lb,,
1-low-pressure-panels,,,,,,,,,25x32x1,,,,,,,,3LP2532,0.0,,-9,deny,manual,true,true,,,,,,,,,,,,,lb,,
1-low-pressure-panels,,,,,,,,,28x30x1,,,,,,,,3LP2830,0.0,,-13,deny,manual,true,true,,,,,,,,,,,,,lb,,
1-low-pressure-panels,,,,,,,,,30x30x1,,,,,,,,3LP3030,0.0,,-13,deny,manual,true,true,,,,,,,,,,,,,lb,,
1-low-pressure-panels,,,,,,,,,30x32x1,,,,,,,,3LP3032,0.0,,-4,deny,manual,true,true,,,,,,,,,,,,,lb,,
1-low-pressure-panels,,,,,,,,,30x36x1,,,,,,,,3LP3036,0.0,,-12,deny,manual,true,true,,,,,,,,,,,,,lb,,
uv-replacement-lamp-for-economy-remote,LSK-24V-14 UVC Replacement Lamp for Economy Remote,"<p>LSK-24V-14, one 14 UVC Germicidal lamp replacement for the RM1-2414 Economy Remote (Formally <span>ERUV14-24V)</span> unit only.</p>
<p>Not for RM or FM units.<br></p>",Dynamic AQS,Uncategorized,UV Accessories,"ARS, ASV, BIO, CAD, ECO, ENV, NEX, SLA, SNA",true,Title,Default Title,,,,,,,,LSK-24V-14,1361.003906185,,-3879,deny,manual,true,true,,,,,,https://cdn.shopify.com/s/files/1/0294/4116/3400/products/ReplacementLamp24v_5c22fd7a-971f-4777-a1c5-d5142f46892a.png?v=1609360707,1,,false,,,,lb,,active
ars-rm-2-dual-uvc-uvv-germicidal-oxidation-system-remote-mount,ARS BioForce Defender® Remote Mount - RM2 Dual UVC/UVV Germicidal,"<p>- Remote Mount UVC H-lamp unit with 12"" and 16"" sizes available<br>- Three year warranty against lamp defects<br>- Lifetime warranty on all electric components<br>- Auto sensing ballast automatically compensates 120-277VAC 50/60Hz<br>- Suitable for up to a 10 ton AHU<br></p>
<p>Notes</p>
<ul>
<li>For more information, see our <span><a href=""https://cdn.shopify.com/s/files/1/0294/4116/3400/files/ASV_UVC_UVV_Frequently_Asked_Questions_Sheet.pdf?v=1617748399"">UV </a></span><a href=""https://cdn.shopify.com/s/files/1/0294/4116/3400/files/ARS_UVC_UVV_Frequently_Asked_Questions_Sheet.pdf?v=1617810511"">Frequently Asked Questions</a><span></span> page <span data-mce-fragment=""1"">or view/download the </span><span data-mce-fragment=""1""></span><a aria-describedby=""a11y-external-message"" href=""https://cdn.shopify.com/s/files/1/0294/4116/3400/files/ARS-802_RM_Models_Spec_Sheet_0321.pdf?v=1617810279"" data-mce-fragment=""1"">Spec Sheet</a><a aria-describedby=""a11y-external-message"" href=""https://cdn.shopify.com/s/files/1/0294/4116/3400/files/ASV-801_FM_Models_Spec_Sheet_0321.pdf?v=1617747960"" data-mce-fragment=""1"">.</a>
</li>
</ul>
<ul></ul>",Dynamic AQS,Uncategorized,Remote Mount UV,ARS,true,Size,"12""",,,,,,,,RM2-12/5,4082.013815341,,-502,deny,manual,true,true,,,,,,https://cdn.shopify.com/s/files/1/0294/4116/3400/files/ARSRM2-16-5.jpg?v=1709241956,1,,false,,,,lb,,active
ars-rm-2-dual-uvc-uvv-germicidal-oxidation-system-remote-mount,,,,,,,,,"16""",,,,,,,,RM2-16/5,4082.013815341,,-26,deny,manual,true,true,,,,,,,,,,,,,lb,,
ars-rm-1-germicidal-uv-system-remote-mount,ARS BioForce Defender® Remote Mount - RM1 UVC Germicidal System,"<p>- Remote Mount UVC H-lamp unit with 12"" and 16"" sizes available<br>- Three year warranty against lamp defects<br>- Lifetime warranty on all electric components<br>- Auto sensing ballast automatically compensates 120-277VAC 50/60Hz<br>- Suitable for up to a 10 ton AHU<br></p>
<p>Notes</p>
<ul>
<li>For more information, see our <span></span><a href=""https://cdn.shopify.com/s/files/1/0294/4116/3400/files/ARS_UVC_UVV_Frequently_Asked_Questions_Sheet.pdf?v=1617810511"">UV Frequently Asked Questions</a><span></span> page or view/download the <span></span><a href=""https://cdn.shopify.com/s/files/1/0294/4116/3400/files/ARS-802_RM_Models_Spec_Sheet_0321.pdf?v=1617810279"">Spec Sheet</a><a href=""https://cdn.shopify.com/s/files/1/0294/4116/3400/files/ASV-801_FM_Models_Spec_Sheet_0321.pdf?v=1617747960"">.</a>
</li>
</ul>
<ul></ul>",Dynamic AQS,Uncategorized,Remote Mount UV,ARS,true,Size,"12""",,,,,,,,RM1-12,4082.013815341,,-1228,deny,manual,true,true,,,,,,https://cdn.shopify.com/s/files/1/0294/4116/3400/files/ARSRM1-16.jpg?v=1709241884,1,,false,,,,lb,,active
ars-rm-1-germicidal-uv-system-remote-mount,,,,,,,,,"16""",,,,,,,,RM1-16,4082.013815341,,-162,deny,manual,true,true,,,,,,,,,,,,,lb,,
ars-fm-1-germicidal-uv-system,ARS BioForce Defender® Fixed Mount - FM1 Germicidal UVC System,"<p>- Fixed Mount UVC unit with 12"" and 16"" sizes available<br>- Lifetime warranty on all electric components<br>- Auto sensing ballast automatically compensates 120-277VAC 50/60Hz<br>- Suitable for up to a 10-ton AHU</p>
<p>Notes</p>
<ul>
<li>For more information, see our <span></span><a href=""https://cdn.shopify.com/s/files/1/0294/4116/3400/files/ASV-801_FM_Models_Spec_Sheet_0321.pdf?v=1617747960"">UV Frequently Asked Questions</a> <span></span>page or view/download the <span></span><a href=""https://cdn.shopify.com/s/files/1/0294/4116/3400/files/ARS-801_FM_Models_Spec_Sheet_0321.pdf?v=1617810279"">Spec Sheet</a><a href=""https://cdn.shopify.com/s/files/1/0294/4116/3400/files/ASV-801_FM_Models_Spec_Sheet_0321.pdf?v=1617747960"">.</a>
</li>
</ul>
<ul></ul>",Dynamic AQS,Uncategorized,Fixed Mount UV,ARS,true,Size,"12""",,,,,,,,FM1-12,3175.010512289,,-175,deny,manual,true,true,,,,,,https://cdn.shopify.com/s/files/1/0294/4116/3400/files/ARSFM1-16.jpg?v=1709235710,1,,false,,,,lb,,active
ars-fm-1-germicidal-uv-system,,,,,,,,,"16""",,,,,,,,FM1-16,3175.010512289,,-90,deny,manual,true,true,,,,,,,,,,,,,lb,,
eco-healthy-home-rm-2-dual-uvc-uvv-germicidal-oxidation-system-remote-mount,Eco Healthy Home BioForce Defender® Remote Mount - RM2 Dual UVC/UVV Germicidal,"<p>- Remote Mount UVC H-lamp unit with 12"" and 16"" sizes available<br>- Three year warranty against lamp defects<br>- Lifetime warranty on all electric components<br>- Auto sensing ballast automatically compensates 120-277VAC 50/60Hz<br>- Suitable for up to a 10 ton AHU<br></p>
<p>Notes</p>
<ul>
<li>For more information, see our <span><a href=""https://cdn.shopify.com/s/files/1/0294/4116/3400/files/ASV_UVC_UVV_Frequently_Asked_Questions_Sheet.pdf?v=1617748399"">UV</a></span><a href=""https://cdn.shopify.com/s/files/1/0294/4116/3400/files/ECO_UVC_UVV_Frequently_Asked_Questions_Sheet.pdf?v=1617815714"">Frequently Asked Questions</a><span></span> page <span data-mce-fragment=""1"">or view/download the </span><span data-mce-fragment=""1""></span><a aria-describedby=""a11y-external-message"" href=""https://cdn.shopify.com/s/files/1/0294/4116/3400/files/ARS-802_RM_Models_Spec_Sheet_0321.pdf?v=1617810279"" data-mce-fragment=""1"">Spec Sheet</a><a aria-describedby=""a11y-external-message"" href=""https://cdn.shopify.com/s/files/1/0294/4116/3400/files/ASV-801_FM_Models_Spec_Sheet_0321.pdf?v=1617747960"" data-mce-fragment=""1"">.</a>
</li>
</ul>
<ul></ul>",Dynamic AQS,Uncategorized,Remote Mount UV,ECO,true,Size,"12""",,,,,,,,RM2-12/5,4082.013815341,,-115,deny,manual,true,true,,,,,,https://cdn.shopify.com/s/files/1/0294/4116/3400/files/ECORM2-16-5.jpg?v=1709242528,1,,false,,,,lb,,active
eco-healthy-home-rm-2-dual-uvc-uvv-germicidal-oxidation-system-remote-mount,,,,,,,,,"16""",,,,,,,,RM2-16/5,4082.013815341,,-3,deny,manual,true,true,,,,,,,,,,,,,lb,,
eco-healthy-home-rm-1-germicidal-uv-system-remote-mount,Eco Healthy Home BioForce Defender® Remote Mount - RM1 UVC Germicidal System,"<p>- Remote Mount UVC H-lamp unit with 12"" and 16"" sizes available<br>- Three year warranty against lamp defects<br>- Lifetime warranty on all electric components<br>- Auto sensing ballast automatically compensates 120-277VAC 50/60Hz<br>- Suitable for up to a 10 ton AHU<br></p>
<p>Notes</p>
<ul>
<li>For more information, see our <span></span><a href=""https://cdn.shopify.com/s/files/1/0294/4116/3400/files/ECO_UVC_UVV_Frequently_Asked_Questions_Sheet.pdf?v=1617815714"">UV Frequently Asked Questions</a><span></span> page or view/download the <span></span><a href=""https://cdn.shopify.com/s/files/1/0294/4116/3400/files/ECO-802_RM_Models_Spec_Sheet_0321.pdf?v=1617815481"">Spec Sheet</a><a href=""https://cdn.shopify.com/s/files/1/0294/4116/3400/files/ASV-801_FM_Models_Spec_Sheet_0321.pdf?v=1617747960"">.</a>
</li>
</ul>
<ul></ul>",Dynamic AQS,Uncategorized,Remote Mount UV,ECO,true,Size,"12""",,,,,,,,RM1-12,4082.013815341,,-196,deny,manual,true,true,,,,,,https://cdn.shopify.com/s/files/1/0294/4116/3400/files/ECORM1-16.jpg?v=1709242499,1,,false,,,,lb,,active
eco-healthy-home-rm-1-germicidal-uv-system-remote-mount,,,,,,,,,"16""",,,,,,,,RM1-16,4082.013815341,,-1,deny,manual,true,true,,,,,,,,,,,,,lb,,
eco-healthy-home-fm-2-uvc-uvv-dual-germicidal-oxidation-system,Eco Healthy Home BioForce Defender® Fixed Mount - FM2 UVC/UVV Dual Germicidal/Oxidation  System,"<p>- Fixed Mount UVC H-lamp unit with 12"" and 16"" sizes available<br>- Three year warranty against lamp defects<br>- Lifetime warranty on all electric components<br>- Auto sensing ballast automatically compensates 120-277VAC 50/60Hz<br>- Suitable for up to a 10 ton AHU<br></p>
<ul>
<li>For more information, see our <span></span><a href=""https://cdn.shopify.com/s/files/1/0294/4116/3400/files/ECO_UVC_UVV_Frequently_Asked_Questions_Sheet.pdf?v=1617815714"">UV Frequently Asked Questions</a><span></span> page or view/download the <span></span><a href=""https://cdn.shopify.com/s/files/1/0294/4116/3400/files/ECO-801_FM_Models_Spec_Sheet_0321.pdf?v=1617815481"">Spec Sheet</a><a href=""https://cdn.shopify.com/s/files/1/0294/4116/3400/files/ASV-801_FM_Models_Spec_Sheet_0321.pdf?v=1617747960"">.</a>
</li>
</ul>
<ul></ul>",Dynamic AQS,Uncategorized,Fixed Mount UV,ECO,true,Size,"12""",,,,,,,,FM2-12/5,4082.013815341,,-33,deny,manual,true,true,,,,,,https://cdn.shopify.com/s/files/1/0294/4116/3400/files/ECOFM2-16-5.jpg?v=1709242473,1,,false,,,,lb,,active
eco-healthy-home-fm-2-uvc-uvv-dual-germicidal-oxidation-system,,,,,,,,,"16""",,,,,,,,FM2-16/5,4082.013815341,,-12,deny,manual,true,true,,,,,,,,,,,,,lb,,
eco-healthy-home-fm-1-germicidal-uv-system,Eco Healthy Home BioForce Defender® Fixed Mount - FM1 Germicidal UVC System,"<p>- Fixed Mount UVC unit with 12"" and 16"" sizes available<br>- Lifetime warranty on all electric components<br>- Auto sensing ballast automatically compensates 120-277VAC 50/60Hz<br>- Suitable for up to a 10-ton AHU</p>
<p>Notes</p>
<ul>
<li>For more information, see our <span></span><a href=""https://cdn.shopify.com/s/files/1/0294/4116/3400/files/ECO_UVC_UVV_Frequently_Asked_Questions_Sheet.pdf?v=1617815714"">UV Frequently Asked Questions </a><span></span>page or view/download the<span></span><a href=""https://cdn.shopify.com/s/files/1/0294/4116/3400/files/ECO-801_FM_Models_Spec_Sheet_0321.pdf?v=1617815481""> Spec Sheet</a><a href=""https://cdn.shopify.com/s/files/1/0294/4116/3400/files/ASV-801_FM_Models_Spec_Sheet_0321.pdf?v=1617747960"">.</a>
</li>
</ul>
<ul></ul>",Dynamic AQS,Uncategorized,Fixed Mount UV,ECO,true,Size,"12""",,,,,,,,FM1-12,3175.010512289,,-19,deny,manual,true,true,,,,,,https://cdn.shopify.com/s/files/1/0294/4116/3400/files/ECOFM1-16.jpg?v=1709242441,1,,false,,,,lb,,active
eco-healthy-home-fm-1-germicidal-uv-system,,,,,,,,,"16""",,,,,,,,FM1-16,3175.010512289,,-1,deny,manual,true,true,,,,,,,,,,,,,lb,,
pure-air-x-rm-2-dual-uvc-uvv-germicidal-oxidation-system-remote-mount,Pure Air X BioForce Defender® Remote Mount - RM2 Dual UVC/UVV Germicidal,"<p>- Remote Mount UVC H-lamp unit with 12"" and 16"" sizes available<br>- Three year warranty against lamp defects<br>- Lifetime warranty on all electric components<br>- Auto sensing ballast automatically compensates 120-277VAC 50/60Hz<br>- Suitable for up to a 10 ton AHU<br></p>
<p>Notes</p>
<ul>
<li>For more information, see our <span><a href=""https://cdn.shopify.com/s/files/1/0294/4116/3400/files/ASV_UVC_UVV_Frequently_Asked_Questions_Sheet.pdf?v=1617748399"">UV</a></span><a href=""https://cdn.shopify.com/s/files/1/0294/4116/3400/files/SNA_UVC_UVV_Frequently_Asked_Questions_Sheet.pdf?v=1617817352"">Frequently Asked Questions</a><span></span> page <span data-mce-fragment=""1"">or view/download the </span><span data-mce-fragment=""1""></span><a aria-describedby=""a11y-external-message"" href=""https://cdn.shopify.com/s/files/1/0294/4116/3400/files/ARS-802_RM_Models_Spec_Sheet_0321.pdf?v=1617810279"" data-mce-fragment=""1"">Spec Sheet</a><a aria-describedby=""a11y-external-message"" href=""https://cdn.shopify.com/s/files/1/0294/4116/3400/files/ASV-801_FM_Models_Spec_Sheet_0321.pdf?v=1617747960"" data-mce-fragment=""1"">.</a>
</li>
</ul>
<ul></ul>",Dynamic AQS,Uncategorized,Remote Mount UV,SNA,true,Size,"12""",,,,,,,,RM2-12/5,4082.013815341,,-995,deny,manual,true,true,,,,,,https://cdn.shopify.com/s/files/1/0294/4116/3400/files/SNARM2-16-5.jpg?v=1709243083,1,,false,,,,lb,,active
pure-air-x-rm-2-dual-uvc-uvv-germicidal-oxidation-system-remote-mount,,,,,,,,,"16""",,,,,,,,RM2-16/5,4082.013815341,,-648,deny,manual,true,true,,,,,,,,,,,,,lb,,
pure-air-x-rm-1-germicidal-uv-system-remote-mount,Pure Air X BioForce Defender® Remote Mount - RM1 UVC Germicidal System,"<p>- Remote Mount UVC H-lamp unit with 12"" and 16"" sizes available<br>- Three year warranty against lamp defects<br>- Lifetime warranty on all electric components<br>- Auto sensing ballast automatically compensates 120-277VAC 50/60Hz<br>- Suitable for up to a 10 ton AHU<br></p>
<p>Notes</p>
<ul>
<li>For more information, see our <span></span><a href=""https://cdn.shopify.com/s/files/1/0294/4116/3400/files/SNA_UVC_UVV_Frequently_Asked_Questions_Sheet.pdf?v=1617817352"">UV Frequently Asked Questions</a><span></span> page or view/download the <span></span><a href=""https://cdn.shopify.com/s/files/1/0294/4116/3400/files/SRT-802_RM_Models_Spec_Sheet_0321.pdf?v=1617816821"">Spec Sheet</a><a href=""https://cdn.shopify.com/s/files/1/0294/4116/3400/files/ASV-801_FM_Models_Spec_Sheet_0321.pdf?v=1617747960"">.</a>
</li>
</ul>
<ul></ul>",Dynamic AQS,Uncategorized,Remote Mount UV,SNA,true,Size,"12""",,,,,,,,RM1-12,4082.013815341,,-813,deny,manual,true,true,,,,,,https://cdn.shopify.com/s/files/1/0294/4116/3400/files/SNARM1.jpg?v=1709243042,1,,false,,,,lb,,active
pure-air-x-rm-1-germicidal-uv-system-remote-mount,,,,,,,,,"16""",,,,,,,,RM1-16,4082.013815341,,-381,deny,manual,true,true,,,,,,,,,,,,,lb,,
pure-air-x-fm-2-uvc-uvv-dual-germicidal-oxidation-system,Pure Air X BioForce Defender® Fixed Mount - FM2 UVC/UVV Dual Germicidal/Oxidation  System,"<p>- Fixed Mount UVC H-lamp unit with 12"" and 16"" sizes available<br>- Three year warranty against lamp defects<br>- Lifetime warranty on all electric components<br>- Auto sensing ballast automatically compensates 120-277VAC 50/60Hz<br>- Suitable for up to a 10 ton AHU<br></p>
<ul>
<li>For more information, see our <span></span><a href=""https://cdn.shopify.com/s/files/1/0294/4116/3400/files/SNA_UVC_UVV_Frequently_Asked_Questions_Sheet.pdf?v=1617817352"">UV Frequently Asked Questions</a><span></span> page or view/download the <span></span><a href=""https://cdn.shopify.com/s/files/1/0294/4116/3400/files/SRT-801_FM_Models_Spec_Sheet_0321.pdf?v=1617816821"">Spec Sheet</a><a href=""https://cdn.shopify.com/s/files/1/0294/4116/3400/files/ASV-801_FM_Models_Spec_Sheet_0321.pdf?v=1617747960"">.</a>
</li>
</ul>
<ul></ul>",Dynamic AQS,Uncategorized,Fixed Mount UV,SNA,true,Size,"12""",,,,,,,,FM2-12/5,4082.013815341,,-89,deny,manual,true,true,,,,,,https://cdn.shopify.com/s/files/1/0294/4116/3400/files/SNAFM2-16-5.jpg?v=1709243003,1,,false,,,,lb,,active
pure-air-x-fm-2-uvc-uvv-dual-germicidal-oxidation-system,,,,,,,,,"16""",,,,,,,,FM2-16/5,4082.013815341,,-314,deny,manual,true,true,,,,,,,,,,,,,lb,,
pure-air-x-fm-1-germicidal-uv-system,Pure Air X BioForce Defender® Fixed Mount - FM1 Germicidal UVC System,"<p>- Fixed Mount UVC unit with 12"" and 16"" sizes available<br>- Lifetime warranty on all electric components<br>- Auto sensing ballast automatically compensates 120-277VAC 50/60Hz<br>- Suitable for up to a 10-ton AHU</p>
<p>Notes</p>
<ul>
<li>For more information, see our <span></span><a href=""https://cdn.shopify.com/s/files/1/0294/4116/3400/files/SNA_UVC_UVV_Frequently_Asked_Questions_Sheet.pdf?v=1617817352"">UV Frequently Asked Questions </a><span></span>page or view/download the <span></span><a href=""https://cdn.shopify.com/s/files/1/0294/4116/3400/files/SRT-801_FM_Models_Spec_Sheet_0321.pdf?v=1617816821"">Spec Sheet</a><a href=""https://cdn.shopify.com/s/files/1/0294/4116/3400/files/ASV-801_FM_Models_Spec_Sheet_0321.pdf?v=1617747960"">.</a>
</li>
</ul>
<ul></ul>",Dynamic AQS,Uncategorized,Fixed Mount UV,SNA,true,Size,"12""",,,,,,,,FM1-12,3175.010512289,,-79,deny,manual,true,true,,,,,,https://cdn.shopify.com/s/files/1/0294/4116/3400/files/SNAFM1.jpg?v=1709242989,1,,false,,,,lb,,active
pure-air-x-fm-1-germicidal-uv-system,,,,,,,,,"16""",,,,,,,,FM1-16,3175.010512289,,-158,deny,manual,true,true,,,,,,,,,,,,,lb,,
aireserv-rm-2-dual-uvc-uvv-germicidal-oxidation-system-remote-mount,AireServ BioForce Defender® Remote Mount - RM2 Dual UVC/UVV Germicidal,"<p>- Remote Mount UVC H-lamp unit with 12"" and 16"" sizes available<br>- Three year warranty against lamp defects<br>- Lifetime warranty on all electric components<br>- Auto sensing ballast automatically compensates 120-277VAC 50/60Hz<br>- Suitable for up to a 10 ton AHU<br></p>
<p>Notes</p>
<ul>
<li>For more information, see our <span><a href=""https://cdn.shopify.com/s/files/1/0294/4116/3400/files/ASV_UVC_UVV_Frequently_Asked_Questions_Sheet.pdf?v=1617748399"">UV</a></span><a href=""https://cdn.shopify.com/s/files/1/0294/4116/3400/files/ASV_UVC_UVV_Frequently_Asked_Questions_Sheet.pdf?v=1617748399"">Frequently Asked Questions</a><span></span> page <span data-mce-fragment=""1"">or view/download the </span><span data-mce-fragment=""1""></span><a aria-describedby=""a11y-external-message"" href=""https://cdn.shopify.com/s/files/1/0294/4116/3400/files/ARS-802_RM_Models_Spec_Sheet_0321.pdf?v=1617810279"" data-mce-fragment=""1"">Spec Sheet</a><a aria-describedby=""a11y-external-message"" href=""https://cdn.shopify.com/s/files/1/0294/4116/3400/files/ASV-801_FM_Models_Spec_Sheet_0321.pdf?v=1617747960"" data-mce-fragment=""1"">.</a>
</li>
</ul>
<ul></ul>",Dynamic AQS,Uncategorized,Remote Mount UV,ASV,true,Size,"12""",,,,,,,,RM2-12/5,4082.013815341,,-717,deny,manual,true,true,,,,,,https://cdn.shopify.com/s/files/1/0294/4116/3400/files/ASVRM2-16-5.jpg?v=1709242170,1,,false,,,,lb,,active
aireserv-rm-2-dual-uvc-uvv-germicidal-oxidation-system-remote-mount,,,,,,,,,"16""",,,,,,,,RM2-16/5,4082.013815341,,-889,deny,manual,true,true,,,,,,,,,,,,,lb,,
aireserv-rm-1-germicidal-uv-system-remote-mount,AireServ BioForce Defender® Remote Mount - RM1 UVC Germicidal System,"<p>- Remote Mount UVC H-lamp unit with 12"" and 16"" sizes available<br>- Three year warranty against lamp defects<br>- Lifetime warranty on all electric components<br>- Auto sensing ballast automatically compensates 120-277VAC 50/60Hz<br>- Suitable for up to a 10 ton AHU<br></p>
<p>Notes</p>
<ul>
<li>For more information, see our <span></span><a href=""https://cdn.shopify.com/s/files/1/0294/4116/3400/files/ASV_UVC_UVV_Frequently_Asked_Questions_Sheet.pdf?v=1617748399"">UV Frequently Asked Questions</a><span></span> page or view/download the <span></span><a href=""https://cdn.shopify.com/s/files/1/0294/4116/3400/files/ASV-802_RM_Models_Spec_Sheet_0321.pdf?v=1617747959"">Spec Sheet</a><a href=""https://cdn.shopify.com/s/files/1/0294/4116/3400/files/ASV-801_FM_Models_Spec_Sheet_0321.pdf?v=1617747960"">.</a>
</li>
</ul>
<ul></ul>",Dynamic AQS,Uncategorized,Remote Mount UV,ASV,true,Size,"12""",,,,,,,,RM1-12,4082.013815341,,-661,deny,manual,true,true,,,,,,https://cdn.shopify.com/s/files/1/0294/4116/3400/files/ASVRM1-16.jpg?v=1709242119,1,,false,,,,lb,,active
aireserv-rm-1-germicidal-uv-system-remote-mount,,,,,,,,,"16""",,,,,,,,RM1-16,4082.013815341,,-777,deny,manual,true,true,,,,,,,,,,,,,lb,,
aireserv-fm-1-germicidal-uv-system,AireServ BioForce Defender® Fixed Mount - FM1 Germicidal UVC System,"<p>- Fixed Mount UVC unit with 12"" and 16"" sizes available<br>- Lifetime warranty on all electric components<br>- Auto sensing ballast automatically compensates 120-277VAC 50/60Hz<br>- Suitable for up to a 10-ton AHU</p>
<p style=""text-decoration: underline;"">Notes</p>
<ul>
<li>For more information, see our <a href=""https://cdn.shopify.com/s/files/1/0294/4116/3400/files/ASV-801_FM_Models_Spec_Sheet_0321.pdf?v=1617747960"">UV Frequently Asked Questions</a> page or view/download the <a href=""https://cdn.shopify.com/s/files/1/0294/4116/3400/files/ASV-801_FM_Models_Spec_Sheet_0321.pdf?v=1617747960"">Spec Sheet.</a><br>
</li>
</ul>",Dynamic AQS,Uncategorized,Fixed Mount UV,ASV,true,Size,"12""",,,,,,,,FM1-12,3175.010512289,,-91,deny,manual,true,true,,,,,,https://cdn.shopify.com/s/files/1/0294/4116/3400/files/ASVFM1-16.jpg?v=1709242047,1,,false,,,,lb,,active
aireserv-fm-1-germicidal-uv-system,,,,,,,,,"16""",,,,,,,,FM1-16,3175.010512289,,-125,deny,manual,true,true,,,,,,,,,,,,,lb,,
stratos-air-rm-2-dual-uvc-uvv-germicidal-oxidation-system-remote-mount,StratosAire BioForce Defender® RM2-16/5 (16” UVC lamp with a 5” UVV lamp) or RM2-12/5 (12” UVC lamp with a 5” UVV lamp) Dual UVC/UVV Germicidal/Oxidation System,"<p><span>120/240 volt A/C remote two lamp UVC germicidal unit.</span></p>
<p style=""text-decoration: underline;"">Notes</p>
<ul>
<li>For more information, see our <a href=""/pages/ultraviolet-frequently-asked-questions"">Ultraviolet Frequently Asked Questions</a> page.</li>
</ul>
",Dynamic AQS,Uncategorized,Remote Mount UV,STS,true,Size,"12""",,,,,,,,RM2-12/5,4082.013815341,,-812,deny,manual,true,true,,,,,,https://cdn.shopify.com/s/files/1/0294/4116/3400/files/StratosRM2-16-5Blue.png?v=1750082235,1,,false,,,,lb,,active
stratos-air-rm-2-dual-uvc-uvv-germicidal-oxidation-system-remote-mount,,,,,,,,,"16""",,,,,,,,RM2-16/5,4082.013815341,,-55,deny,manual,true,true,,,,,,,,,,,,,lb,,
stratos-air-rm-1-germicidal-uv-system-remote-mount,"StratosAire BioForce Defender® RM1-16 (16” UVC lamp) or RM1-12 (12” UVC lamp), Germicidal UV System (Remote Mount)","<p><span>120/240 volt A/C remote UVC germicidal unit.</span></p>
<p style=""text-decoration: underline;"">Notes</p>
<ul>
<li>For more information, see our <a href=""/pages/ultraviolet-frequently-asked-questions"">Ultraviolet Frequently Asked Questions</a> page.</li>
</ul>
",Dynamic AQS,Uncategorized,Remote Mount UV,STS,true,Size,"12""",,,,,,,,RM1-12,4082.013815341,,-1788,deny,manual,true,true,,,,,,https://cdn.shopify.com/s/files/1/0294/4116/3400/files/StratosaireRM1-16blue.png?v=1750082294,1,,false,,,,lb,,active
stratos-air-rm-1-germicidal-uv-system-remote-mount,,,,,,,,,"16""",,,,,,,,RM1-16,4082.013815341,,-87,deny,manual,true,true,,,,,,,,,,,,,lb,,
stratos-air-fm-2-uvc-uvv-dual-germicidal-oxidation-system,StratosAire BioForce Defender® FM2-16/5 (16” UVC lamp with a 5” UVV lamp) or FM2-12/5 (12” UVC lamp with a 5” UVV lamp) UVC/UVV Dual Germicidal/Oxidation System,"<p>Fixed Mount, High output UVC/UVV Dual Germicidal Oxidation System.</p>
<p style=""text-decoration: underline;"">Notes</p>
<ul>
<li>For more information, see our <a href=""/pages/ultraviolet-frequently-asked-questions"">Ultraviolet Frequently Asked Questions</a> page.</li>
</ul>
",Dynamic AQS,Uncategorized,Fixed Mount UV,STS,true,Size,"12""",,,,,,,,FM2-12/5,4082.013815341,,-31,deny,manual,true,true,,,,,,https://cdn.shopify.com/s/files/1/0294/4116/3400/files/StratosFM2-16-5Blue.png?v=1750082354,1,,false,,,,lb,,active
stratos-air-fm-2-uvc-uvv-dual-germicidal-oxidation-system,,,,,,,,,"16""",,,,,,,,FM2-16/5,4082.013815341,,-61,deny,manual,true,true,,,,,,,,,,,,,lb,,
stratos-air-fm-1-germicidal-uv-system,"StratosAire BioForce Defender® FM1-16 (16” UVC lamp) or FM1-12 (12” UVC lamp), Germicidal UV System","<p>- Fixed Mount UVC unit with 12"" and 16"" sizes available<br>- Lifetime warranty on all electric components<br>- Auto sensing ballast automatically compensates 120-277VAC 50/60Hz<br>- Suitable for up to a 10-ton AHU</p>
<p style=""text-decoration: underline;"">Notes</p>
<ul>
<li>For more information, see our <a href=""/pages/ultraviolet-frequently-asked-questions"">Ultraviolet Frequently Asked Questions</a> page.</li>
</ul>",Dynamic AQS,Uncategorized,Fixed Mount UV,STS,true,Size,"12""",,,,,,,,FM1-12,3175.010512289,,-19,deny,manual,true,true,,,,,,https://cdn.shopify.com/s/files/1/0294/4116/3400/files/StratosFM1-16Blue_ff16f592-0fc4-41d5-8b50-10481f857ae2.png?v=1750082439,1,,false,,,,lb,,active
stratos-air-fm-1-germicidal-uv-system,,,,,,,,,"16""",,,,,,,,FM1-16,3175.010512289,,-63,deny,manual,true,true,,,,,,,,,,,,,lb,,
drain-pan-treatments,PT1-2 1/2 or PT 3-5 Pan Treatment Strips (12 Pack),"<p>EPA approved time release drain pan treatments.</p>
<p>Package of 12</p>",Dynamic AQS,,Pan Strips,"ARS, ASV, BIO, CAD, ECO, NEX, SLA, SNA",true,Size,1 to 2.5 Tons,,,,,,,,PT1-21/2,0.0,,-8302,deny,manual,true,true,,,,,,https://cdn.shopify.com/s/files/1/0294/4116/3400/products/PT.png?v=1611750044,1,,false,,,https://cdn.shopify.com/s/files/1/0294/4116/3400/products/pt4.png?v=1611750044,lb,,active
drain-pan-treatments,,,,,,,,,3 to 5 Tons,,,,,,,,PT3-5,0.0,,-6626,deny,manual,true,true,,,,,,https://cdn.shopify.com/s/files/1/0294/4116/3400/products/PT_2.jpg?v=1611750044,2,,,,,https://cdn.shopify.com/s/files/1/0294/4116/3400/products/pt3.png?v=1611750044,lb,,
drain-pan-treatments,,,,,,,,,,,,,,,,,,,,,,,,,,,,,,https://cdn.shopify.com/s/files/1/0294/4116/3400/products/pt4.png?v=1611750044,3,,,,,,,,
drain-pan-treatments,,,,,,,,,,,,,,,,,,,,,,,,,,,,,,https://cdn.shopify.com/s/files/1/0294/4116/3400/products/pt3.png?v=1611750044,4,,,,,,,,
pristine-air-fm-1-germicidal-uv-system,Pristine Air BioForce Defender® Fixed Mount - FM1 Germicidal UVC System,"<p>- Fixed Mount UVC unit with 12"" and 16"" sizes available<br>- Lifetime warranty on all electric components<br>- Auto sensing ballast automatically compensates 120-277VAC 50/60Hz<br>- Suitable for up to a 10-ton AHU</p>
<p>Notes</p>
<ul>
<li>For more information, see our<span></span><a href=""https://cdn.shopify.com/s/files/1/0294/4116/3400/files/NEX_UVC_UVV_Frequently_Asked_Questions_Sheet.pdf?v=1617817352""> UV Frequently Asked Questions</a><span></span> page or view/download the<span></span><a href=""https://cdn.shopify.com/s/files/1/0294/4116/3400/files/NEX-801_FM_Models_Spec_Sheet_0321.pdf?v=1617816821""> Spec Sheet</a><a href=""https://cdn.shopify.com/s/files/1/0294/4116/3400/files/ASV-801_FM_Models_Spec_Sheet_0321.pdf?v=1617747960"">.</a>
</li>
</ul>
<ul></ul>",Dynamic AQS,Uncategorized,Fixed Mount UV,NEX,true,Size,"12""",,,,,,,,FM1-12,3175.010512289,,-546,deny,manual,true,true,,,,,,https://cdn.shopify.com/s/files/1/0294/4116/3400/files/NEXFM1.jpg?v=1709242596,1,,false,,,,lb,,active
pristine-air-fm-1-germicidal-uv-system,,,,,,,,,"16""",,,,,,,,FM1-16,3175.010512289,,-1493,deny,manual,true,true,,,,,,,,,,,,,lb,,
intelifan-intelligent-hvac-fan-control-system,1406-14 InteliFan intelligent HVAC variable fan time delay.,<p>Our Intelligent HVAC Fan Control System is a Microprocessor controlled variable fan time delay system.</p>,Dynamic AQS,,Other IAQ,"ARS, ASV, CAD, ECO, NEX, SLA, SNA",false,Title,Default Title,,,,,,,,INTELIFAN 1406-14,1361.003906185,,-9,deny,manual,true,true,,,,,,https://cdn.shopify.com/s/files/1/0294/4116/3400/products/InteliFan.png?v=1609255936,1,,false,,,,lb,,archived
uvv-oxidation-replacement-lamp,LSK-503-5 UVV Oxidation Replacement Lamp,"<p>UVV5CL, one 5 UVV Oxidation replacement lamp for RM1-5, FM1-5, or FM1-5WB.</p>",Dynamic AQS,Uncategorized,UV Accessories,"ARS, ASV, BIO, CAD, ECO, ENV, NEX, SLA, SNA",true,Title,Default Title,,,,,,,,UVV5CL,1361.003906185,,-1624,deny,manual,true,true,,,,,,https://cdn.shopify.com/s/files/1/0294/4116/3400/products/LSK-503-5.png?v=1612884780,1,,false,,,,lb,,active
uvc-germicidal-replacement-lamp,UVC Germicidal Replacement Lamp,"<p>LSK-36-16 (16) or LSK-24-12 (12) UVC Germicidal Replacement Lamp (Comes in 16 or 12) Replacement for FM1-16, FM1-12, RM1-16, RM1-12, RL-16 (note: RM2-16/16 will need two of these replacement lamps).</p>",Dynamic AQS,Uncategorized,UV Accessories,"ARS, ASV, BIO, CAD, ECO, ENV, NEX, SLA, SNA",true,Size,"12""",,,,,,,,LSK-24-12,1361.003906185,,-6644,deny,manual,true,true,,,,,,https://cdn.shopify.com/s/files/1/0294/4116/3400/products/ReplacementLampUVC.png?v=1609360800,1,,false,,,,lb,,active
uvc-germicidal-replacement-lamp,,,,,,,,,"16""",,,,,,,,LSK-36-16,1361.003906185,,-2903,deny,manual,true,true,,,,,,,,,,,,,lb,,
z-bracket-with-magnet-for-remote-uvc-lamp,"UV-500483-MG, Z Bracket with Magnet for the Remote Mount UVC Lamps",<p>Z Bracket with Magnet for Remote UVC Lamp</p>,Dynamic AQS,Uncategorized,UV Accessories,"ARS, ASV, BIO, CAD, ECO, ENV, NEX, SLA, SNA",true,Title,Default Title,,,,,,,,UV-500483-MG,1361.003906185,,-14149,deny,manual,true,true,,,,,,https://cdn.shopify.com/s/files/1/0294/4116/3400/products/Zbracket.png?v=1609362196,1,,false,,,,lb,,active
solace-air-300cfm-bypass-hepa-system,SolaceAir 300 CFM Bypass HEPA System,"<p>300 CFM Bypass HEPA System with 1.5 inch pre-filter and 2 inch HEPA.</p>
<p>HP-300</p>
<p>Options ordered separately</p>
<ul>
<li><a href=""/collections/hepa/products/hepa-collar-mount-kit"">8"" Collars for remote mount</a></li>
<li><a href=""https://www.dynamiconlineorders.com/collections/hepa/products/activated-carbon-edge-panel"">Activated Carbon Insert</a></li>
</ul>
<p><span>Notes</span></p>
<ul>
<li>For more information, v<span data-mce-fragment=""1"">iew/download the </span><span data-mce-fragment=""1""></span><a href=""https://cdn.shopify.com/s/files/1/0294/4116/3400/files/SLA-472_Bypass_HEPA_Spec_Sheet.pdf?v=1679586504"">Spec Sheet</a><a data-mce-fragment=""1"" href=""https://cdn.shopify.com/s/files/1/0294/4116/3400/files/ARS-802_RM_Models_Spec_Sheet_0321.pdf?v=1617810279"" aria-describedby=""a11y-external-message""></a><a data-mce-fragment=""1"" href=""https://cdn.shopify.com/s/files/1/0294/4116/3400/files/ASV-801_FM_Models_Spec_Sheet_0321.pdf?v=1617747960"" aria-describedby=""a11y-external-message"">.</a>
</li>
</ul>",Dynamic AQS,Uncategorized,HEPA,"BIO, SLA",true,Title,Default Title,,,,,,,,HP-300,9071.983477711,,-316,deny,manual,true,true,,,,,,https://cdn.shopify.com/s/files/1/0294/4116/3400/products/SLAHEPA.png?v=1577908557,1,,false,,,,lb,,active
solace-air-rm-2-dual-uvc-uvv-germicidal-oxidation-system-remote-mount,SolaceAir BioForce Defender® Remote Mount - RM2 Dual UVC/UVV Germicidal,"<p>- Remote Mount UVC H-lamp unit with 12"" and 16"" sizes available<br>- Three year warranty against lamp defects<br>- Lifetime warranty on all electric components<br>- Auto sensing ballast automatically compensates 120-277VAC 50/60Hz<br>- Suitable for up to a 10 ton AHU<br></p>
<p>Notes</p>
<ul>
<li>For more information, see our <span><a href=""https://cdn.shopify.com/s/files/1/0294/4116/3400/files/ASV_UVC_UVV_Frequently_Asked_Questions_Sheet.pdf?v=1617748399"">UV</a></span><a href=""https://cdn.shopify.com/s/files/1/0294/4116/3400/files/SLA_UVC_UVV_Frequently_Asked_Questions_Sheet.pdf?v=1617817352"">Frequently Asked Questions</a><span></span> page <span data-mce-fragment=""1"">or view/download the </span><span data-mce-fragment=""1""></span><a aria-describedby=""a11y-external-message"" href=""https://cdn.shopify.com/s/files/1/0294/4116/3400/files/ARS-802_RM_Models_Spec_Sheet_0321.pdf?v=1617810279"" data-mce-fragment=""1"">Spec Sheet</a><a aria-describedby=""a11y-external-message"" href=""https://cdn.shopify.com/s/files/1/0294/4116/3400/files/ASV-801_FM_Models_Spec_Sheet_0321.pdf?v=1617747960"" data-mce-fragment=""1"">.</a>
</li>
</ul>
<ul></ul>",Dynamic AQS,Uncategorized,Remote Mount UV,SLA,true,Size,"12""",,,,,,,,RM2-12/5,4082.013815341,,-5500,deny,manual,true,true,,,,,,https://cdn.shopify.com/s/files/1/0294/4116/3400/files/SLARM2-16-5.jpg?v=1709242933,1,,false,,,,lb,,active
solace-air-rm-2-dual-uvc-uvv-germicidal-oxidation-system-remote-mount,,,,,,,,,"16""",,,,,,,,RM2-16/5,4082.013815341,,-2832,deny,manual,true,true,,,,,,,,,,,,,lb,,
solace-air-rm-1-germicidal-uv-system-remote-mount,SolaceAir BioForce Defender® Remote Mount - RM1 UVC Germicidal System,"<p data-mce-fragment=""1"">- Remote Mount UVC H-lamp unit with 12"" and 16"" sizes available<br data-mce-fragment=""1"">- Three year warranty against lamp defects<br data-mce-fragment=""1"">- Lifetime warranty on all electric components<br data-mce-fragment=""1"">- Auto sensing ballast automatically compensates 120-277VAC 50/60Hz<br data-mce-fragment=""1"">- Suitable for up to a 10 ton AHU<br data-mce-fragment=""1""></p>
<p data-mce-fragment=""1"">Notes</p>
<ul>
<li>For more information, see our <span data-mce-fragment=""1""></span><a href=""https://cdn.shopify.com/s/files/1/0294/4116/3400/files/ASV_UVC_UVV_Frequently_Asked_Questions_Sheet.pdf?v=1617748399"" data-mce-fragment=""1"">UV Frequently Asked Questions</a><span data-mce-fragment=""1""></span> page or view/download the <span data-mce-fragment=""1""></span><a href=""https://cdn.shopify.com/s/files/1/0294/4116/3400/files/ASV-802_RM_Models_Spec_Sheet_0321.pdf?v=1617747959"" data-mce-fragment=""1"">Spec Sheet</a><a href=""https://cdn.shopify.com/s/files/1/0294/4116/3400/files/ASV-801_FM_Models_Spec_Sheet_0321.pdf?v=1617747960"" data-mce-fragment=""1"">.</a>
</li>
</ul>
<p><br></p>",Dynamic AQS,Uncategorized,Remote Mount UV,SLA,true,Size,"12""",,,,,,,,RM1-12,4082.013815341,,-9025,deny,manual,true,true,,,,,,https://cdn.shopify.com/s/files/1/0294/4116/3400/files/SLARM1-16.jpg?v=1709242918,1,,false,,,,lb,,active
solace-air-rm-1-germicidal-uv-system-remote-mount,,,,,,,,,"16""",,,,,,,,RM1-16,4082.013815341,,-2224,deny,manual,true,true,,,,,,,,,,,,,lb,,
solace-air-fm-2-uvc-uvv-dual-germicidal-oxidation-system,SolaceAir BioForce Defender® Fixed Mount - FM2 UVC/UVV Dual Germicidal/Oxidation  System,"<p>- Fixed Mount UVC H-lamp unit with 12"" and 16"" sizes available<br>- Three year warranty against lamp defects<br>- Lifetime warranty on all electric components<br>- Auto sensing ballast automatically compensates 120-277VAC 50/60Hz<br>- Suitable for up to a 10 ton AHU<br></p>
<ul>
<li>For more information, see our <span></span><a href=""https://cdn.shopify.com/s/files/1/0294/4116/3400/files/SLA_UVC_UVV_Frequently_Asked_Questions_Sheet.pdf?v=1617817352"">UV Frequently Asked Questions</a><span></span> page or view/download the <span></span><a href=""https://cdn.shopify.com/s/files/1/0294/4116/3400/files/SLA-801_FM_Models_Spec_Sheet_0321.pdf?v=1617816821"">Spec Sheet</a><a href=""https://cdn.shopify.com/s/files/1/0294/4116/3400/files/ASV-801_FM_Models_Spec_Sheet_0321.pdf?v=1617747960"">.</a>
</li>
</ul>
<ul></ul>",Dynamic AQS,Uncategorized,Fixed Mount UV,SLA,true,Size,"12""",,,,,,,,FM2-12/5,4082.013815341,,-652,deny,manual,true,true,,,,,,https://cdn.shopify.com/s/files/1/0294/4116/3400/files/SLAFM2-16-5.jpg?v=1709242876,1,,false,,,,lb,,active
solace-air-fm-2-uvc-uvv-dual-germicidal-oxidation-system,,,,,,,,,"16""",,,,,,,,FM2-16/5,4082.013815341,,-1288,deny,manual,true,true,,,,,,,,,,,,,lb,,
solace-air-fm-1-germicidal-uv-system,SolaceAir BioForce Defender® Fixed Mount - FM1 Germicidal UVC System,"<p>- Fixed Mount UVC unit with 12"" and 16"" sizes available<br>- Lifetime warranty on all electric components<br>- Auto sensing ballast automatically compensates 120-277VAC 50/60Hz<br>- Suitable for up to a 10-ton AHU</p>
<p>Notes</p>
<ul>
<li>For more information, see our <span></span><a href=""https://cdn.shopify.com/s/files/1/0294/4116/3400/files/SLA_UVC_UVV_Frequently_Asked_Questions_Sheet.pdf?v=1617817352"">UV Frequently Asked Questions<span></span></a> page or view/download the <span></span><a href=""https://cdn.shopify.com/s/files/1/0294/4116/3400/files/SLA-801_FM_Models_Spec_Sheet_0321.pdf?v=1617816821"">Spec Sheet</a><a href=""https://cdn.shopify.com/s/files/1/0294/4116/3400/files/ASV-801_FM_Models_Spec_Sheet_0321.pdf?v=1617747960"">.</a>
</li>
</ul>",Dynamic AQS,Uncategorized,Fixed Mount UV,SLA,true,Size,"12""",,,,,,,,FM1-12,3175.010512289,,-577,deny,manual,true,true,,,,,,https://cdn.shopify.com/s/files/1/0294/4116/3400/files/SLAFM1-16.jpg?v=1709242864,1,,false,,,,lb,,active
solace-air-fm-1-germicidal-uv-system,,,,,,,,,"16""",,,,,,,,FM1-16,3175.010512289,,-496,deny,manual,true,true,,,,,,,,,,,,,lb,,
